$MeshFormat
2.2 0 8
$EndMeshFormat
$PhysicalNames
5
1 2 "Γ¹"
1 3 "Γ²"
1 4 "Γ³"
1 5 "Γ⁴"
2 1 "Ω"
$EndPhysicalNames
$Nodes
4843
1 2.124999999995092 0 0
2 0.1249999999997055 0 0
3 0.3749999999991164 0 0
4 0.6249999999985274 0 0
5 0.8749999999979383 0 0
6 1.124999999997284 0 0
7 1.374999999996565 0 0
8 1.624999999995846 0 0
9 1.874999999995127 0 0
10 4 0 0
11 2.374999999995741 0 0
12 2.62499999999639 0 0
13 2.874999999997039 0 0
14 3.124999999997693 0 0
15 3.374999999998352 0 0
16 3.624999999999011 0 0
17 3.87499999999967 0 0
18 3.499999999998681 0 0
19 0.9999999999976438 0 0
20 1.999999999994768 0 0
21 2.999999999997363 0 0
22 0.4999999999988219 0 0
23 1.499999999996206 0 0
24 2.499999999996065 0 0
25 0 0 0
26 0.2499999999994109 0 0
27 0.7499999999982329 0 0
28 1.249999999996925 0 0
29 1.749999999995487 0 0
30 2.249999999995417 0 0
31 2.749999999996714 0 0
32 3.249999999998022 0 0
33 3.749999999999341 0 0
34 4 0.1249999999997055 0
35 4 3.87499999999967 0
36 4 3.624999999999011 0
37 4 3.374999999998352 0
38 4 3.124999999997693 0
39 4 2.874999999997039 0
40 4 2.62499999999639 0
41 4 2.374999999995741 0
42 4 2.124999999995092 0
43 4 1.874999999995127 0
44 4 1.624999999995846 0
45 4 1.374999999996565 0
46 4 1.124999999997284 0
47 4 0.8749999999979383 0
48 4 0.6249999999985274 0
49 4 0.3749999999991164 0
50 4 4 0
51 4 3.749999999999341 0
52 4 3.249999999998022 0
53 4 2.749999999996714 0
54 4 2.249999999995417 0
55 4 1.749999999995487 0
56 4 1.249999999996925 0
57 4 0.7499999999982329 0
58 4 0.2499999999994109 0
59 4 3.499999999998681 0
60 4 2.499999999996065 0
61 4 1.499999999996206 0
62 4 0.4999999999988219 0
63 4 2.999999999997363 0
64 4 1.999999999994768 0
65 4 0.9999999999976438 0
66 3.343750000000911 4 0
67 2.625000000003957 4 0
68 2.375000000005669 4 0
69 2.125000000007382 4 0
70 1.875000000007728 4 0
71 1.625000000006709 4 0
72 1.375000000005691 4 0
73 1.125000000004671 4 0
74 0.8750000000036418 4 0
75 0.6250000000026013 4 0
76 0.3750000000015608 4 0
77 0.1250000000005203 4 0
78 3.468750000000737 4 0
79 3.406250000000824 4 0
80 2.875000000002244 4 0
81 3.281250000000997 4 0
82 3.218750000001084 4 0
83 3.156250000001171 4 0
84 3.093750000001258 4 0
85 3.031250000001345 4 0
86 3.968750000000044 4 0
87 3.90625000000013 4 0
88 3.843750000000217 4 0
89 3.781250000000304 4 0
90 3.71875000000039 4 0
91 3.656250000000477 4 0
92 3.593750000000564 4 0
93 3.531250000000651 4 0
94 0 4 0
95 3.562500000000608 4 0
96 3.687500000000433 4 0
97 3.81250000000026 4 0
98 3.937500000000087 4 0
99 3.062500000001301 4 0
100 3.187500000001128 4 0
101 3.312500000000954 4 0
102 3.437500000000781 4 0
103 0.2500000000010405 4 0
104 0.7500000000031215 4 0
105 1.250000000005181 4 0
106 1.750000000007219 4 0
107 2.250000000006525 4 0
108 2.750000000003101 4 0
109 3.62500000000052 4 0
110 3.875000000000173 4 0
111 3.125000000001214 4 0
112 3.375000000000868 4 0
113 0.500000000002081 4 0
114 1.5000000000062 4 0
115 2.500000000004813 4 0
116 3.750000000000347 4 0
117 3.250000000001041 4 0
118 3.500000000000694 4 0
119 1.000000000004162 4 0
120 2.000000000008238 4 0
121 3.000000000001388 4 0
122 0 1.375000000005691 0
123 0 3.62500000000052 0
124 0 3.375000000000867 0
125 0 3.125000000001214 0
126 0 2.875000000002244 0
127 0 2.625000000003957 0
128 0 2.375000000005669 0
129 0 2.125000000007382 0
130 0 1.875000000007728 0
131 0 1.625000000006709 0
132 0 3.875000000000173 0
133 0 1.125000000004671 0
134 0 0.9375000000039019 0
135 0 0.8125000000033816 0
136 0 0.6875000000028614 0
137 0 0.5625000000023411 0
138 0 0.4375000000018209 0
139 0 0.3125000000013006 0
140 0 0.1875000000007804 0
141 0 0.06250000000026013 0
142 0 3.000000000001388 0
143 0 0.1250000000005203 0
144 0 0.3750000000015608 0
145 0 0.6250000000026013 0
146 0 0.8750000000036418 0
147 0 1.250000000005181 0
148 0 1.750000000007219 0
149 0 2.250000000006525 0
150 0 2.750000000003101 0
151 0 3.250000000001041 0
152 0 3.750000000000347 0
153 0 0.2500000000010405 0
154 0 0.7500000000031215 0
155 0 1.5000000000062 0
156 0 2.500000000004813 0
157 0 3.500000000000694 0
158 0 0.500000000002081 0
159 0 1.000000000004162 0
160 0 2.000000000008238 0
161 0.9999999999992735 1.000000000002533 0
162 1.000000000000903 2.000000000004871 0
163 1.000000000002533 3.000000000000381 0
164 1.999999999998136 1.000000000000903 0
165 2.000000000001503 2.000000000001503 0
166 2.000000000004871 2.999999999999376 0
167 2.999999999998369 0.9999999999992735 0
168 2.999999999999376 1.999999999998136 0
169 3.000000000000381 2.999999999998368 0
170 0.4999999999996367 0.5000000000012665 0
171 0.5000000000004515 1.500000000004517 0
172 1.500000000000388 1.500000000002018 0
173 1.500000000002887 2.500000000002124 0
174 2.500000000000942 2.499999999999935 0
175 2.500000000003129 3.499999999999688 0
176 3.500000000000191 3.499999999999184 0
177 0.4999999999996367 1.000000000003348 0
178 1.000000000000088 1.500000000003702 0
179 1.500000000001203 2.000000000003187 0
180 2.000000000003187 2.50000000000044 0
181 2.500000000002626 2.999999999998872 0
182 3.000000000000885 3.499999999999184 0
183 0.2499999999998184 0.7500000000027143 0
184 0.7499999999994551 0.7500000000018998 0
185 0.9999999999984586 0.5000000000012665 0
186 0.7499999999998626 1.250000000003525 0
187 1.250000000000646 1.750000000003445 0
188 1.249999999999831 1.250000000002276 0
189 1.499999999998705 1.000000000001718 0
190 1.750000000000945 1.75000000000176 0
191 1.999999999999819 1.500000000001203 0
192 1.750000000002195 2.250000000001813 0
193 2.250000000001222 2.250000000000719 0
194 2.50000000000044 1.999999999999819 0
195 2.750000000000662 2.749999999999152 0
196 2.999999999999878 2.499999999998252 0
197 2.250000000002907 2.749999999999655 0
198 2.750000000001755 3.249999999999028 0
199 3.250000000000789 3.749999999999592 0
200 3.250000000000286 3.249999999998776 0
201 3.500000000000191 2.999999999997866 0
202 3.750000000000095 3.749999999999592 0
203 4 3.499999999998681 0
204 0.2499999999998184 0.5000000000016738 0
205 0.2499999999998184 0.2500000000006333 0
206 0.2499999999998184 1.000000000003755 0
207 0.2500000000002258 1.250000000004339 0
208 0.4999999999996367 0.750000000002307 0
209 0.7499999999994551 1.00000000000294 0
210 0.75000000000027 1.500000000004109 0
211 0.7500000000006772 1.750000000004694 0
212 0.9999999999996809 1.250000000003118 0
213 1.250000000000238 1.50000000000286 0
214 1.250000000001053 2.000000000004029 0
215 1.250000000001895 2.250000000003498 0
216 1.500000000000796 1.750000000002602 0
217 1.750000000001353 2.000000000002345 0
218 1.750000000003037 2.500000000001282 0
219 1.750000000003879 2.75000000000075 0
220 2.000000000002345 2.250000000000971 0
221 2.250000000002064 2.500000000000187 0
222 2.500000000001784 2.749999999999404 0
223 2.750000000001504 2.99999999999862 0
224 2.250000000003749 2.999999999999124 0
225 2.250000000004 3.249999999999532 0
226 2.750000000002007 3.499999999999436 0
227 2.750000000002259 3.749999999999844 0
228 3.000000000000633 3.249999999998776 0
229 3.250000000000537 3.499999999999184 0
230 3.500000000000442 3.749999999999592 0
231 0.5000000000004515 2.000000000006555 0
232 1.000000000001718 2.500000000002626 0
233 0.5000000000012665 2.500000000004309 0
234 0.5000000000012665 3.000000000000885 0
235 1.000000000003348 3.500000000000191 0
236 0.500000000002081 3.500000000000694 0
237 1.999999999996452 0.5000000000004515 0
238 1.49999999999789 0.5000000000004515 0
239 1.499999999998705 1.000000000001718 0
240 0.9999999999984586 0.5000000000012665 0
241 1.500000000003702 2.999999999999878 0
242 2.000000000006555 3.499999999999688 0
243 1.500000000005385 3.500000000000191 0
244 2.999999999997866 0.4999999999996367 0
245 2.499999999996569 0.4999999999996367 0
246 2.499999999998253 1.000000000000088 0
247 2.999999999998872 1.499999999998705 0
248 2.499999999998756 1.499999999999519 0
249 2.50000000000044 1.999999999999819 0
250 1.999999999999819 1.500000000001203 0
251 3.499999999998681 0.4999999999988219 0
252 3.499999999999185 0.9999999999984586 0
253 3.499999999999185 1.499999999997021 0
254 3.499999999999688 1.999999999996452 0
255 3.499999999999688 2.499999999997749 0
256 3.500000000000191 2.999999999997866 0
257 2.999999999999878 2.499999999998252 0
258 0.7499999999986402 0.2500000000006333 0
259 0.2499999999998183 0.2500000000006333 0
260 0.2500000000002258 1.25000000000434 0
261 0.2500000000002258 1.750000000006378 0
262 0.7500000000006772 1.750000000004694 0
263 1.250000000001895 2.250000000003498 0
264 1.25000000000271 2.750000000001252 0
265 1.750000000003879 2.75000000000075 0
266 2.250000000004 3.249999999999532 0
267 2.250000000005683 3.749999999999844 0
268 2.750000000002259 3.749999999999844 0
269 0.1249999999999092 0.6250000000023976 0
270 0.1249999999999092 0.8750000000034381 0
271 0.7499999999990477 0.5000000000012665 0
272 0.8749999999989568 0.6250000000015832 0
273 0.6249999999995459 0.6250000000015832 0
274 0.8749999999993643 0.8750000000022164 0
275 0.999999999998866 0.7500000000018998 0
276 0.9999999999980511 0.2500000000006333 0
277 0.6249999999997496 1.125000000003436 0
278 0.625000000000157 1.375000000004021 0
279 0.5000000000000441 1.250000000003932 0
280 1.125000000000367 1.625000000003574 0
281 1.125000000000774 1.875000000004158 0
282 1.000000000000496 1.750000000004287 0
283 1.249999999998989 1.000000000002125 0
284 1.374999999999268 1.125000000001997 0
285 1.124999999999552 1.125000000002405 0
286 1.375000000000109 1.375000000002147 0
287 1.499999999999547 1.250000000001868 0
288 1.749999999999262 1.250000000001461 0
289 1.74999999999842 1.000000000001311 0
290 1.750000000000103 1.50000000000161 0
291 1.875000000000382 1.625000000001481 0
292 1.625000000000667 1.625000000001889 0
293 1.875000000001224 1.875000000001631 0
294 2.000000000000661 1.750000000001353 0
295 1.999999999998977 1.250000000001053 0
296 1.625000000001699 2.1250000000025 0
297 1.625000000002541 2.375000000001969 0
298 1.500000000002045 2.250000000002656 0
299 2.250000000000972 2.000000000000661 0
300 2.375000000000831 2.125000000000269 0
301 2.125000000001362 2.125000000001111 0
302 2.375000000001082 2.375000000000327 0
303 2.500000000000691 2.249999999999877 0
304 2.750000000000159 2.249999999999035 0
305 2.749999999999908 1.999999999998977 0
306 2.75000000000041 2.499999999999094 0
307 2.87500000000027 2.624999999998702 0
308 2.625000000000802 2.624999999999543 0
309 2.875000000000521 2.87499999999876 0
310 3.00000000000013 2.74999999999831 0
311 2.999999999999627 2.249999999998194 0
312 2.125000000003047 2.625000000000048 0
313 2.125000000003889 2.874999999999515 0
314 2.000000000004029 2.749999999999908 0
315 2.62500000000219 3.12499999999895 0
316 2.625000000002442 3.374999999999358 0
317 2.500000000002878 3.24999999999928 0
318 3.125000000000837 3.624999999999388 0
319 3.125000000001088 3.874999999999796 0
320 3.000000000001136 3.749999999999592 0
321 3.250000000000286 2.999999999998117 0
322 3.375000000000238 3.124999999998321 0
323 3.125000000000334 3.124999999998572 0
324 3.375000000000238 3.37499999999898 0
325 3.500000000000191 3.249999999998525 0
326 3.750000000000095 3.249999999998273 0
327 3.750000000000095 2.999999999997614 0
328 3.750000000000095 3.499999999998932 0
329 3.875000000000048 3.624999999999137 0
330 3.625000000000143 3.624999999999388 0
331 3.875000000000048 3.874999999999796 0
332 4 3.749999999999341 0
333 4 3.249999999998022 0
334 0.1249999999999092 0.5000000000018774 0
335 0.2499999999998184 0.625000000002194 0
336 0.3749999999997276 0.5000000000014702 0
337 0.3749999999997276 0.6250000000019904 0
338 0.1249999999999092 0.3750000000013571 0
339 0.2499999999998184 0.3750000000011535 0
340 0.3749999999997276 0.3750000000009499 0
341 0.1249999999999092 0.1250000000003167 0
342 0.3749999999997276 0.8750000000030311 0
343 0.3749999999997276 1.000000000003551 0
344 0.2499999999998184 0.8750000000032346 0
345 0.1249999999999092 1.000000000003959 0
346 0.3749999999999313 1.125000000003844 0
347 0.2500000000000221 1.125000000004047 0
348 0.1250000000001129 1.12500000000425 0
349 0.3750000000003387 1.375000000004428 0
350 0.4999999999996367 0.6250000000017868 0
351 0.3749999999997276 0.7500000000025107 0
352 0.4999999999996367 0.8750000000028275 0
353 0.6249999999995459 0.8750000000026239 0
354 0.6249999999995459 0.7500000000021034 0
355 0.8749999999993643 1.000000000002736 0
356 0.7499999999994551 0.87500000000242 0
357 0.6249999999995459 1.000000000003144 0
358 0.7499999999996588 1.125000000003233 0
359 0.874999999999568 1.125000000003029 0
360 0.8749999999999752 1.375000000003614 0
361 0.875000000000179 1.500000000003905 0
362 0.7500000000000663 1.375000000003817 0
363 0.6250000000003608 1.500000000004313 0
364 0.8750000000003826 1.625000000004198 0
365 0.7500000000004736 1.625000000004401 0
366 0.6250000000005644 1.625000000004606 0
367 0.8750000000007901 1.875000000004783 0
368 0.9999999999994772 1.125000000002826 0
369 0.8749999999997717 1.250000000003321 0
370 0.9999999999998844 1.37500000000341 0
371 1.12499999999996 1.375000000002989 0
372 1.124999999999756 1.250000000002697 0
373 1.125000000000163 1.500000000003281 0
374 1.250000000000442 1.625000000003153 0
375 1.375000000000313 1.500000000002439 0
376 1.375000000000517 1.625000000002732 0
377 1.250000000000035 1.375000000002568 0
378 1.375000000000925 1.875000000003316 0
379 1.375000000001128 2.000000000003608 0
380 1.25000000000085 1.875000000003737 0
381 1.125000000000978 2.00000000000445 0
382 1.375000000001549 2.125000000003342 0
383 1.250000000001474 2.125000000003764 0
384 1.125000000001399 2.125000000004185 0
385 1.375000000002391 2.375000000002811 0
386 1.500000000000592 1.62500000000231 0
387 1.375000000000721 1.750000000003023 0
388 1.500000000001 1.875000000002894 0
389 1.625000000001074 1.875000000002473 0
390 1.62500000000087 1.750000000002181 0
391 1.875000000001428 2.000000000001924 0
392 1.750000000001149 1.875000000002052 0
393 1.625000000001278 2.000000000002766 0
394 1.750000000001774 2.125000000002079 0
395 1.875000000001849 2.125000000001658 0
396 1.875000000002691 2.375000000001127 0
397 1.875000000003112 2.500000000000861 0
398 1.750000000002616 2.375000000001548 0
399 1.625000000002962 2.500000000001703 0
400 1.875000000003533 2.625000000000595 0
401 1.750000000003458 2.625000000001016 0
402 1.625000000003383 2.625000000001437 0
403 1.875000000004375 2.875000000000063 0
404 2.000000000001924 2.125000000001237 0
405 1.87500000000227 2.250000000001392 0
406 2.000000000002766 2.375000000000705 0
407 2.125000000002204 2.37500000000058 0
408 2.125000000001783 2.250000000000845 0
409 2.375000000001503 2.500000000000061 0
410 2.250000000001643 2.375000000000453 0
411 2.125000000002625 2.500000000000314 0
412 2.250000000002486 2.624999999999921 0
413 2.375000000001925 2.624999999999795 0
414 2.625000000001644 2.874999999999012 0
415 2.500000000002205 2.874999999999138 0
416 2.625000000001223 2.749999999999278 0
417 2.500000000001363 2.62499999999967 0
418 2.375000000002346 2.749999999999529 0
419 2.375000000002767 2.874999999999264 0
420 2.875000000000942 2.999999999998494 0
421 2.750000000001083 2.874999999998886 0
422 2.625000000002065 2.999999999998746 0
423 2.75000000000163 3.124999999998824 0
424 2.875000000001068 3.124999999998698 0
425 2.375000000003188 2.999999999998998 0
426 2.250000000003328 2.874999999999389 0
427 2.12500000000431 2.99999999999925 0
428 2.375000000003313 3.124999999999202 0
429 2.250000000003874 3.124999999999328 0
430 2.125000000004436 3.124999999999454 0
431 2.375000000003564 3.37499999999961 0
432 2.87500000000132 3.374999999999106 0
433 2.875000000001446 3.49999999999931 0
434 2.750000000001881 3.374999999999232 0
435 2.625000000002568 3.499999999999562 0
436 2.875000000001572 3.624999999999514 0
437 2.750000000002133 3.62499999999964 0
438 2.625000000002694 3.624999999999766 0
439 2.875000000001823 3.874999999999922 0
440 3.000000000000507 3.124999999998572 0
441 2.875000000001194 3.249999999998902 0
442 3.000000000000759 3.37499999999898 0
443 3.125000000000585 3.37499999999898 0
444 3.125000000000459 3.249999999998776 0
445 3.125000000000711 3.499999999999184 0
446 3.250000000000663 3.624999999999388 0
447 3.375000000000364 3.499999999999184 0
448 3.37500000000049 3.624999999999388 0
449 3.250000000000411 3.37499999999898 0
450 3.250000000000915 3.874999999999796 0
451 3.375000000000742 3.874999999999796 0
452 3.500000000000316 3.624999999999388 0
453 3.375000000000616 3.749999999999592 0
454 3.500000000000568 3.874999999999796 0
455 3.625000000000394 3.874999999999796 0
456 3.625000000000268 3.749999999999592 0
457 3.750000000000221 3.874999999999796 0
458 0.2500000000002258 2.000000000007396 0
459 0.5000000000008591 2.250000000005432 0
460 0.2500000000006333 2.250000000006274 0
461 0.7500000000010849 2.250000000004591 0
462 0.7500000000014924 2.500000000003468 0
463 0.7500000000006772 2.000000000005713 0
464 1.000000000001311 2.250000000003749 0
465 1.000000000002126 2.750000000001504 0
466 0.7500000000018998 2.750000000002345 0
467 0.7500000000018998 3.000000000000633 0
468 0.5000000000012665 2.750000000002597 0
469 0.2500000000006333 2.750000000002849 0
470 0.2500000000006333 2.500000000004561 0
471 0.2500000000006333 3.000000000001136 0
472 0.5000000000016738 3.250000000000789 0
473 0.2500000000010405 3.250000000001041 0
474 0.750000000002307 3.250000000000537 0
475 0.7500000000027143 3.500000000000442 0
476 1.00000000000294 3.250000000000286 0
477 1.000000000003755 3.750000000000095 0
478 0.7500000000031215 3.750000000000347 0
479 0.500000000002081 3.750000000000347 0
480 0.2500000000010405 3.750000000000347 0
481 0.2500000000010405 3.500000000000694 0
482 1.499999999997048 0.2500000000002258 0
483 1.249999999997767 0.2500000000002258 0
484 1.749999999996329 0.2500000000002258 0
485 1.749999999997171 0.5000000000004515 0
486 1.99999999999561 0.2500000000002258 0
487 1.999999999997294 0.7500000000006772 0
488 1.749999999998013 0.7500000000006772 0
489 1.74999999999842 1.000000000001311 0
490 1.499999999998297 0.7500000000010849 0
491 1.249999999998582 0.7500000000014924 0
492 1.249999999998174 0.5000000000008591 0
493 1.249999999998989 1.000000000002126 0
494 0.999999999998866 0.7500000000018998 0
495 0.9999999999980511 0.2500000000006333 0
496 1.250000000003118 3.00000000000013 0
497 1.500000000004544 3.250000000000035 0
498 1.250000000003959 3.250000000000286 0
499 1.750000000005128 3.249999999999783 0
500 1.75000000000597 3.49999999999994 0
501 1.750000000004287 2.999999999999627 0
502 2.000000000005713 3.249999999999532 0
503 2.000000000007396 3.749999999999844 0
504 1.750000000006812 3.750000000000095 0
505 1.500000000005793 3.750000000000095 0
506 1.250000000004774 3.750000000000095 0
507 1.250000000004367 3.500000000000191 0
508 2.499999999996317 0.2499999999998184 0
509 2.249999999995668 0.2499999999998184 0
510 2.749999999996966 0.2499999999998184 0
511 2.749999999997217 0.4999999999996367 0
512 2.999999999997614 0.2499999999998184 0
513 2.999999999998117 0.7499999999994551 0
514 2.749999999997469 0.7499999999994551 0
515 2.749999999998311 0.9999999999996809 0
516 2.499999999997411 0.7499999999998626 0
517 2.249999999997352 0.75000000000027 0
518 2.24999999999651 0.5000000000000442 0
519 2.249999999998194 1.000000000000496 0
520 2.499999999998504 1.249999999999804 0
521 2.249999999998446 1.250000000000211 0
522 2.749999999998562 1.249999999999396 0
523 2.749999999998814 1.499999999999112 0
524 2.999999999998621 1.249999999998989 0
525 2.999999999999124 1.74999999999842 0
526 2.749999999999066 1.749999999998828 0
527 2.749999999999908 1.999999999998978 0
528 2.499999999999598 1.749999999999669 0
529 2.25000000000013 1.750000000000511 0
530 2.249999999999288 1.500000000000361 0
531 2.250000000000971 2.000000000000661 0
532 2.000000000000661 1.750000000001353 0
533 1.999999999998978 1.250000000001053 0
534 3.499999999998681 0.2499999999994109 0
535 3.249999999998022 0.2499999999994109 0
536 3.749999999999341 0.2499999999994109 0
537 3.749999999999341 0.4999999999988219 0
538 3.749999999999341 0.7499999999982329 0
539 3.749999999999592 0.9999999999980511 0
540 3.499999999998933 0.7499999999986402 0
541 3.249999999998525 0.7499999999990477 0
542 3.249999999998273 0.4999999999992293 0
543 3.249999999998777 0.999999999998866 0
544 3.499999999999185 1.24999999999774 0
545 3.249999999998777 1.249999999998147 0
546 3.749999999999592 1.249999999997332 0
547 3.749999999999592 1.499999999996613 0
548 3.749999999999592 1.749999999995894 0
549 3.749999999999844 1.99999999999561 0
550 3.499999999999436 1.749999999996736 0
551 3.249999999999281 1.749999999997578 0
552 3.249999999999028 1.499999999997863 0
553 3.249999999999532 1.999999999997294 0
554 3.499999999999688 2.249999999997101 0
555 3.249999999999532 2.249999999997943 0
556 3.749999999999844 2.249999999996259 0
557 3.749999999999844 2.499999999996907 0
558 3.749999999999844 2.749999999997556 0
559 3.750000000000095 2.999999999997614 0
560 3.49999999999994 2.749999999997808 0
561 3.250000000000035 2.749999999998059 0
562 3.249999999999783 2.499999999998001 0
563 3.250000000000286 2.999999999998117 0
564 3.00000000000013 2.74999999999831 0
565 2.999999999999627 2.249999999998194 0
566 0.8749999999981419 0.1250000000003166 0
567 0.624999999998731 0.1250000000003166 0
568 0.4999999999992293 0.2500000000006333 0
569 0.3749999999993201 0.1250000000003166 0
570 0.6249999999991385 0.3750000000009499 0
571 0.3749999999997275 0.3750000000009499 0
572 0.1249999999999092 0.1250000000003166 0
573 0.1250000000001129 1.625000000006289 0
574 0.1250000000001129 1.875000000007308 0
575 0.1250000000001129 1.37500000000527 0
576 0.2500000000002258 1.500000000005359 0
577 0.1250000000001129 1.125000000004251 0
578 0.3750000000003386 1.375000000004428 0
579 0.3750000000003386 1.625000000005447 0
580 0.3750000000003386 1.875000000006466 0
581 0.5000000000004515 1.750000000005536 0
582 0.6250000000005644 1.875000000005624 0
583 0.6250000000005644 1.625000000004606 0
584 0.8750000000007901 1.875000000004783 0
585 1.125000000002214 2.625000000001939 0
586 1.125000000002621 2.875000000000817 0
587 1.125000000001807 2.375000000003062 0
588 1.250000000002303 2.500000000002375 0
589 1.125000000001399 2.125000000004184 0
590 1.375000000002391 2.375000000002811 0
591 1.375000000002799 2.625000000001688 0
592 1.375000000003206 2.875000000000565 0
593 1.500000000003295 2.750000000001001 0
594 1.625000000003791 2.875000000000314 0
595 1.625000000003383 2.625000000001437 0
596 1.875000000004375 2.875000000000063 0
597 2.125000000006119 3.624999999999766 0
598 2.125000000006961 3.874999999999922 0
599 2.125000000005278 3.37499999999961 0
600 2.250000000004842 3.499999999999688 0
601 2.125000000004436 3.124999999999454 0
602 2.375000000003565 3.37499999999961 0
603 2.375000000004406 3.624999999999766 0
604 2.375000000005248 3.874999999999922 0
605 2.500000000003971 3.749999999999844 0
606 2.625000000003536 3.874999999999922 0
607 2.625000000002694 3.624999999999766 0
608 2.875000000001823 3.874999999999922 0
609 0.0624999999999546 0.5625000000022393 0
610 0.0624999999999546 0.6875000000027596 0
611 0.1249999999999092 0.7500000000029179 0
612 0.0624999999999546 0.8125000000032798 0
613 0.1874999999998638 0.687500000002556 0
614 0.1874999999998638 0.8125000000030762 0
615 0.0624999999999546 0.9375000000038001 0
616 0.6249999999993422 0.5000000000012665 0
617 0.6874999999992968 0.5625000000014249 0
618 0.5624999999995913 0.5625000000014249 0
619 0.8124999999990022 0.5625000000014249 0
620 0.7499999999992514 0.6250000000015832 0
621 0.8749999999987531 0.5000000000012665 0
622 0.9374999999987077 0.5625000000014249 0
623 0.812499999999206 0.6875000000017415 0
624 0.6874999999995005 0.6875000000017415 0
625 0.9374999999993189 0.9375000000023748 0
626 0.9374999999991152 0.8125000000020581 0
627 0.9999999999990697 0.8750000000022164 0
628 0.8749999999991606 0.7500000000018998 0
629 0.9374999999989114 0.6875000000017415 0
630 0.8124999999994097 0.8125000000020581 0
631 0.9999999999986623 0.6250000000015832 0
632 0.7499999999988439 0.3750000000009499 0
633 0.8749999999983457 0.2500000000006333 0
634 0.8749999999985494 0.3750000000009499 0
635 0.9999999999978475 0.1250000000003166 0
636 0.9999999999982548 0.3750000000009499 0
637 0.5624999999996931 1.062500000003392 0
638 0.5624999999998969 1.187500000003684 0
639 0.4999999999998403 1.12500000000364 0
640 0.6249999999999534 1.250000000003729 0
641 0.5625000000001006 1.312500000003977 0
642 0.6874999999998062 1.187500000003481 0
643 0.6875000000000098 1.312500000003773 0
644 0.5625000000003042 1.437500000004269 0
645 0.5000000000002478 1.375000000004225 0
646 1.062500000000227 1.562500000003638 0
647 1.062500000000431 1.68750000000393 0
648 1.000000000000292 1.625000000003994 0
649 1.125000000000571 1.750000000003866 0
650 1.062500000000635 1.812500000004222 0
651 1.187500000000506 1.687500000003509 0
652 1.18750000000071 1.812500000003801 0
653 1.062500000000839 1.937500000004515 0
654 1.000000000000699 1.875000000004579 0
655 1.124999999999131 1.000000000002329 0
656 1.187499999999271 1.062500000002265 0
657 1.062499999999413 1.062500000002469 0
658 1.312499999999129 1.062500000002061 0
659 1.24999999999941 1.125000000002201 0
660 1.374999999998847 1.000000000001922 0
661 1.437499999998987 1.062500000001858 0
662 1.31249999999955 1.187500000002137 0
663 1.187499999999692 1.18750000000234 0
664 1.437500000000249 1.437500000002082 0
665 1.437499999999828 1.312500000002007 0
666 1.499999999999967 1.375000000001943 0
667 1.374999999999689 1.250000000002072 0
668 1.437499999999407 1.187500000001932 0
669 1.31249999999997 1.312500000002212 0
670 1.499999999999126 1.125000000001793 0
671 1.874999999998699 1.125000000001182 0
672 1.749999999998841 1.125000000001386 0
673 1.874999999998278 1.000000000001107 0
674 1.624999999999404 1.250000000001664 0
675 1.624999999998983 1.125000000001589 0
676 1.624999999999825 1.375000000001739 0
677 1.624999999998563 1.000000000001514 0
678 1.625000000000246 1.500000000001814 0
679 1.687500000000385 1.56250000000175 0
680 1.562500000000527 1.562500000001954 0
681 1.812500000000243 1.562500000001546 0
682 1.750000000000524 1.625000000001685 0
683 1.874999999999961 1.500000000001407 0
684 1.9375000000001 1.562500000001342 0
685 1.812500000000663 1.687500000001621 0
686 1.687500000000806 1.687500000001824 0
687 1.937500000001363 1.937500000001567 0
688 1.937500000000942 1.812500000001492 0
689 2.000000000001082 1.875000000001428 0
690 1.875000000000803 1.750000000001557 0
691 1.937500000000521 1.687500000001417 0
692 1.812500000001084 1.812500000001696 0
693 2.00000000000024 1.625000000001278 0
694 1.749999999999683 1.375000000001536 0
695 1.87499999999912 1.250000000001257 0
696 1.87499999999954 1.375000000001332 0
697 1.999999999998557 1.125000000000978 0
698 1.999999999999398 1.375000000001128 0
699 1.562500000001451 2.062500000002844 0
700 1.562500000001872 2.187500000002578 0
701 1.500000000001624 2.125000000002921 0
702 1.62500000000212 2.250000000002235 0
703 1.562500000002293 2.312500000002312 0
704 1.687500000001947 2.187500000002156 0
705 1.687500000002368 2.312500000001891 0
706 1.562500000002714 2.437500000002046 0
707 1.500000000002466 2.37500000000239 0
708 2.125000000001237 2.000000000001082 0
709 2.187500000001167 2.062500000000886 0
710 2.062500000001433 2.062500000001307 0
711 2.312500000000902 2.062500000000465 0
712 2.250000000001097 2.12500000000069 0
713 2.375000000000706 2.00000000000024 0
714 2.437500000000636 2.062500000000044 0
715 2.312500000001027 2.187500000000494 0
716 2.187500000001292 2.187500000000915 0
717 2.437500000001012 2.437500000000131 0
718 2.437500000000886 2.312500000000102 0
719 2.500000000000816 2.374999999999906 0
720 2.375000000000957 2.250000000000298 0
721 2.437500000000761 2.187500000000073 0
722 2.312500000001152 2.312500000000523 0
723 2.500000000000566 2.124999999999848 0
724 2.874999999999767 2.124999999998586 0
725 2.750000000000034 2.124999999999007 0
726 2.874999999999642 1.999999999998557 0
727 2.625000000000425 2.249999999999456 0
728 2.625000000000299 2.124999999999427 0
729 2.625000000000551 2.374999999999485 0
730 2.625000000000174 1.999999999999398 0
731 2.625000000000676 2.499999999999514 0
732 2.687500000000606 2.562499999999319 0
733 2.562500000000872 2.562499999999739 0
734 2.81250000000034 2.562499999998898 0
735 2.750000000000536 2.624999999999122 0
736 2.875000000000144 2.499999999998673 0
737 2.937500000000074 2.562499999998477 0
738 2.812500000000466 2.687499999998927 0
739 2.687500000000732 2.687499999999348 0
740 2.937500000000451 2.937499999998564 0
741 2.937500000000326 2.812499999998535 0
742 3.000000000000255 2.874999999998339 0
743 2.875000000000396 2.749999999998731 0
744 2.9375000000002 2.687499999998506 0
745 2.812500000000592 2.812499999998956 0
746 3.000000000000004 2.624999999998281 0
747 2.750000000000284 2.374999999999065 0
748 2.874999999999893 2.249999999998614 0
749 2.875000000000019 2.374999999998644 0
750 2.999999999999502 2.124999999998165 0
751 2.999999999999752 2.374999999998223 0
752 2.062500000003117 2.562500000000244 0
753 2.062500000003538 2.687499999999978 0
754 2.000000000003608 2.625000000000174 0
755 2.125000000003468 2.749999999999782 0
756 2.062500000003959 2.812499999999712 0
757 2.187500000002977 2.687499999999851 0
758 2.187500000003398 2.812499999999585 0
759 2.06250000000438 2.937499999999446 0
760 2.00000000000445 2.874999999999642 0
761 2.562500000002408 3.062499999998911 0
762 2.562500000002534 3.187499999999115 0
763 2.500000000002752 3.124999999999076 0
764 2.625000000002316 3.249999999999154 0
765 2.56250000000266 3.312499999999319 0
766 2.687500000001973 3.187499999998989 0
767 2.687500000002099 3.312499999999193 0
768 2.562500000002785 3.437499999999523 0
769 2.500000000003003 3.374999999999484 0
770 3.062500000000861 3.562499999999286 0
771 3.062500000000987 3.68749999999949 0
772 3.000000000001011 3.624999999999388 0
773 3.125000000000963 3.749999999999592 0
774 3.062500000001112 3.812499999999694 0
775 3.187500000000813 3.68749999999949 0
776 3.187500000000939 3.812499999999694 0
777 3.062500000001238 3.937499999999898 0
778 3.000000000001262 3.874999999999796 0
779 3.125000000000334 2.999999999998242 0
780 3.18750000000031 3.062499999998344 0
781 3.062500000000357 3.06249999999847 0
782 3.312500000000262 3.062499999998219 0
783 3.250000000000286 3.124999999998447 0
784 3.375000000000238 2.999999999997992 0
785 3.437500000000215 3.062499999998094 0
786 3.312500000000262 3.187499999998549 0
787 3.18750000000031 3.187499999998674 0
788 3.437500000000215 3.437499999999083 0
789 3.437500000000215 3.312499999998753 0
790 3.500000000000191 3.374999999998855 0
791 3.375000000000238 3.249999999998651 0
792 3.437500000000215 3.187499999998423 0
793 3.312500000000262 3.312499999998878 0
794 3.500000000000191 3.124999999998196 0
795 3.875000000000048 3.124999999997818 0
796 3.750000000000095 3.124999999997944 0
797 3.875000000000048 2.999999999997489 0
798 3.625000000000143 3.2499999999984 0
799 3.625000000000143 3.12499999999807 0
800 3.625000000000143 3.374999999998729 0
801 3.625000000000143 2.99999999999774 0
802 3.625000000000143 3.499999999999059 0
803 3.687500000000119 3.56249999999916 0
804 3.562500000000167 3.562499999999286 0
805 3.812500000000071 3.562499999999035 0
806 3.750000000000095 3.624999999999262 0
807 3.875000000000048 3.499999999998807 0
808 3.937500000000024 3.562499999998909 0
809 3.812500000000071 3.687499999999364 0
810 3.687500000000119 3.68749999999949 0
811 3.937500000000024 3.937499999999898 0
812 3.937500000000024 3.812499999999568 0
813 4 3.87499999999967 0
814 3.875000000000048 3.749999999999466 0
815 3.937500000000024 3.687499999999239 0
816 3.812500000000071 3.812499999999694 0
817 4 3.624999999999011 0
818 3.750000000000095 3.374999999998603 0
819 3.875000000000048 3.249999999998148 0
820 3.875000000000048 3.374999999998477 0
821 4 3.124999999997693 0
822 4 3.374999999998352 0
823 0.1874999999998638 0.6250000000022958 0
824 0.2499999999998184 0.6875000000024541 0
825 0.1249999999999092 0.5625000000021375 0
826 0.1874999999998638 0.5625000000020357 0
827 0.0624999999999546 0.5000000000019792 0
828 0.1874999999998638 0.5000000000017756 0
829 0.2499999999998184 0.5625000000019339 0
830 0.312499999999773 0.6250000000020922 0
831 0.312499999999773 0.6875000000023523 0
832 0.312499999999773 0.5625000000018321 0
833 0.3749999999997276 0.5625000000017303 0
834 0.312499999999773 0.500000000001572 0
835 0.4374999999996821 0.5000000000013683 0
836 0.4374999999996821 0.5625000000016285 0
837 0.0624999999999546 0.4375000000017191 0
838 0.1249999999999092 0.4375000000016173 0
839 0.1874999999998638 0.3750000000012553 0
840 0.1874999999998638 0.4375000000015155 0
841 0.1874999999998638 0.3125000000009952 0
842 0.2499999999998184 0.3125000000008934 0
843 0.2499999999998184 0.4375000000014136 0
844 0.3749999999997276 0.43750000000121 0
845 0.4374999999996821 0.4375000000011082 0
846 0.312499999999773 0.4375000000013118 0
847 0.312499999999773 0.3750000000010517 0
848 0.312499999999773 0.3125000000007916 0
849 0.0624999999999546 0.3125000000011988 0
850 0.0624999999999546 0.1875000000006786 0
851 0.1249999999999092 0.2500000000008369 0
852 0.0624999999999546 0.06250000000015833 0
853 0.1874999999998638 0.187500000000475 0
854 0.312499999999773 0.8125000000028727 0
855 0.312499999999773 0.8750000000031328 0
856 0.2499999999998184 0.8125000000029745 0
857 0.3749999999997276 0.9375000000032913 0
858 0.312499999999773 0.9375000000033931 0
859 0.4374999999996821 0.9375000000031896 0
860 0.4374999999996821 1.00000000000345 0
861 0.312499999999773 1.000000000003653 0
862 0.2499999999998184 0.9375000000034948 0
863 0.1874999999998638 0.8750000000033364 0
864 0.1874999999998638 0.9375000000035967 0
865 0.1249999999999092 0.9375000000036984 0
866 0.1874999999998638 1.000000000003857 0
867 0.0624999999999546 1.00000000000406 0
868 0.437499999999784 1.062500000003596 0
869 0.3749999999998294 1.062500000003697 0
870 0.3124999999999767 1.125000000003945 0
871 0.3124999999998748 1.062500000003799 0
872 0.3125000000000785 1.187500000004091 0
873 0.250000000000124 1.187500000004193 0
874 0.2499999999999202 1.062500000003901 0
875 0.125000000000011 1.062500000004104 0
876 0.06250000000005645 1.062500000004206 0
877 0.1874999999999656 1.062500000004003 0
878 0.1875000000000675 1.125000000004149 0
879 0.1875000000001694 1.187500000004295 0
880 0.4374999999999877 1.187500000003888 0
881 0.4375000000001914 1.31250000000418 0
882 0.375000000000135 1.250000000004136 0
883 0.4375000000003951 1.437500000004472 0
884 0.3125000000002822 1.312500000004384 0
885 0.3749999999997276 0.6875000000022505 0
886 0.312499999999773 0.7500000000026125 0
887 0.4374999999996821 0.6250000000018886 0
888 0.4374999999996821 0.6875000000021487 0
889 0.4999999999996367 0.5625000000015267 0
890 0.4999999999996367 0.6875000000020469 0
891 0.4374999999996821 0.7500000000024089 0
892 0.3749999999997276 0.8125000000027709 0
893 0.4374999999996821 0.8125000000026691 0
894 0.4374999999996821 0.8750000000029293 0
895 0.4999999999996367 0.8125000000025673 0
896 0.4999999999996367 0.9375000000030878 0
897 0.6874999999995005 0.8125000000022619 0
898 0.6249999999995459 0.8125000000023637 0
899 0.6874999999995005 0.7500000000020016 0
900 0.5624999999995913 0.8750000000027257 0
901 0.5624999999995913 0.8125000000024655 0
902 0.5624999999995913 0.9375000000029859 0
903 0.5624999999995913 0.7500000000022052 0
904 0.6249999999995459 0.6875000000018433 0
905 0.5624999999995913 0.6875000000019451 0
906 0.5624999999995913 0.625000000001685 0
907 0.8124999999994097 0.8750000000023181 0
908 0.7499999999994551 0.8125000000021598 0
909 0.8749999999993643 0.9375000000024765 0
910 0.8124999999994097 0.9375000000025782 0
911 0.9374999999993189 1.000000000002635 0
912 0.8124999999994097 1.000000000002838 0
913 0.7499999999994551 0.9375000000026801 0
914 0.6874999999995005 0.875000000002522 0
915 0.6874999999995005 0.937500000002782 0
916 0.6249999999995459 0.937500000002884 0
917 0.6874999999995005 1.000000000003042 0
918 0.5624999999995913 1.000000000003246 0
919 0.6874999999997042 1.125000000003334 0
920 0.7499999999997606 1.187500000003379 0
921 0.6249999999996478 1.06250000000329 0
922 0.6874999999996023 1.062500000003188 0
923 0.749999999999557 1.062500000003086 0
924 0.8124999999996134 1.125000000003131 0
925 0.8124999999997153 1.187500000003277 0
926 0.8124999999995115 1.062500000002985 0
927 0.8749999999994662 1.062500000002883 0
928 0.9374999999994207 1.062500000002781 0
929 0.812499999999919 1.312500000003569 0
930 0.8125000000000208 1.375000000003715 0
931 0.7499999999999645 1.312500000003671 0
932 0.875000000000077 1.437500000003759 0
933 0.8125000000001226 1.437500000003861 0
934 0.9375000000000315 1.437500000003658 0
935 0.9375000000001334 1.500000000003804 0
936 0.8125000000002245 1.500000000004007 0
937 0.7500000000001681 1.437500000003963 0
938 0.6875000000001117 1.375000000003919 0
939 0.6875000000002136 1.437500000004065 0
940 0.6250000000002589 1.437500000004167 0
941 0.6875000000003154 1.500000000004211 0
942 0.5625000000004061 1.500000000004415 0
943 0.9375000000002353 1.56250000000395 0
944 0.8750000000002808 1.562500000004052 0
945 0.8125000000004281 1.6250000000043 0
946 0.8125000000003263 1.562500000004153 0
947 0.8125000000005299 1.687500000004446 0
948 0.7500000000005754 1.687500000004548 0
949 0.7500000000003718 1.562500000004255 0
950 0.6250000000004626 1.562500000004459 0
951 0.562500000000508 1.562500000004561 0
952 0.6875000000004172 1.562500000004357 0
953 0.687500000000519 1.625000000004504 0
954 0.6875000000006208 1.68750000000465 0
955 0.9375000000004391 1.687500000004242 0
956 0.9375000000006428 1.812500000004535 0
957 0.8750000000005864 1.75000000000449 0
958 0.9375000000008467 1.937500000004827 0
959 0.8125000000007336 1.812500000004738 0
960 0.8749999999996698 1.187500000003175 0
961 0.8124999999998171 1.250000000003423 0
962 0.9374999999995226 1.125000000002927 0
963 0.9374999999996245 1.187500000003074 0
964 0.9999999999993754 1.062500000002679 0
965 0.999999999999579 1.187500000002972 0
966 0.9374999999997263 1.25000000000322 0
967 0.8749999999998734 1.312500000003467 0
968 0.9374999999998281 1.312500000003366 0
969 0.9374999999999298 1.375000000003512 0
970 0.9999999999997826 1.312500000003264 0
971 0.9999999999999862 1.437500000003556 0
972 1.187499999999895 1.312500000002633 0
973 1.124999999999858 1.312500000002843 0
974 1.187499999999793 1.250000000002486 0
975 1.062499999999922 1.375000000003199 0
976 1.06249999999982 1.312500000003054 0
977 1.062500000000024 1.437500000003345 0
978 1.062499999999718 1.250000000002907 0
979 1.124999999999654 1.187500000002551 0
980 1.062499999999617 1.187500000002761 0
981 1.062499999999515 1.125000000002615 0
982 1.187500000000404 1.625000000003363 0
983 1.250000000000544 1.687500000003299 0
984 1.125000000000265 1.562500000003427 0
985 1.187500000000302 1.562500000003217 0
986 1.062500000000125 1.500000000003491 0
987 1.187500000000201 1.50000000000307 0
988 1.25000000000034 1.562500000003006 0
989 1.312500000000479 1.625000000002942 0
990 1.312500000000581 1.687500000003088 0
991 1.312500000000377 1.562500000002796 0
992 1.375000000000415 1.562500000002585 0
993 1.312500000000276 1.500000000002649 0
994 1.43750000000035 1.500000000002228 0
995 1.437500000000453 1.562500000002375 0
996 1.312500000000072 1.375000000002357 0
997 1.249999999999933 1.312500000002422 0
998 1.375000000000211 1.437500000002293 0
999 1.312500000000174 1.437500000002503 0
1000 1.250000000000136 1.437500000002714 0
1001 1.187499999999997 1.375000000002778 0
1002 1.187500000000099 1.437500000002924 0
1003 1.125000000000061 1.437500000003135 0
1004 1.312500000000785 1.81250000000338 0
1005 1.312500000000887 1.875000000003527 0
1006 1.250000000000748 1.812500000003591 0
1007 1.375000000001026 1.937500000003462 0
1008 1.312500000000989 1.937500000003672 0
1009 1.437500000001064 1.937500000003251 0
1010 1.437500000001166 2.000000000003397 0
1011 1.31250000000109 2.000000000003818 0
1012 1.250000000000951 1.937500000003883 0
1013 1.187500000000812 1.875000000003948 0
1014 1.187500000000914 1.937500000004094 0
1015 1.125000000000876 1.937500000004304 0
1016 1.187500000001015 2.00000000000424 0
1017 1.062500000000941 2.000000000004661 0
1018 1.437500000001376 2.062500000003264 0
1019 1.375000000001338 2.062500000003475 0
1020 1.312500000001511 2.125000000003553 0
1021 1.312500000001301 2.062500000003686 0
1022 1.312500000001722 2.18750000000342 0
1023 1.250000000001684 2.187500000003631 0
1024 1.250000000001263 2.062500000003896 0
1025 1.125000000001188 2.062500000004317 0
1026 1.062500000001151 2.062500000004528 0
1027 1.187500000001226 2.062500000004107 0
1028 1.187500000001436 2.125000000003974 0
1029 1.187500000001647 2.187500000003841 0
1030 1.437500000001797 2.187500000002999 0
1031 1.437500000002218 2.312500000002733 0
1032 1.37500000000197 2.250000000003077 0
1033 1.437500000002639 2.437500000002467 0
1034 1.312500000002143 2.312500000003155 0
1035 1.375000000000619 1.687500000002877 0
1036 1.312500000000683 1.750000000003234 0
1037 1.437500000000554 1.625000000002521 0
1038 1.437500000000656 1.687500000002667 0
1039 1.50000000000049 1.562500000002164 0
1040 1.500000000000694 1.687500000002456 0
1041 1.437500000000759 1.750000000002813 0
1042 1.375000000000823 1.81250000000317 0
1043 1.43750000000086 1.812500000002959 0
1044 1.437500000000962 1.875000000003105 0
1045 1.500000000000898 1.812500000002748 0
1046 1.500000000001101 1.937500000003041 0
1047 1.687500000001009 1.812500000002117 0
1048 1.625000000000972 1.812500000002327 0
1049 1.687500000000908 1.75000000000197 0
1050 1.562500000001037 1.875000000002684 0
1051 1.562500000000935 1.812500000002538 0
1052 1.562500000001139 1.93750000000283 0
1053 1.562500000000833 1.750000000002391 0
1054 1.625000000000768 1.687500000002035 0
1055 1.562500000000731 1.687500000002245 0
1056 1.562500000000629 1.625000000002099 0
1057 1.812500000001186 1.875000000001842 0
1058 1.750000000001047 1.812500000001906 0
1059 1.875000000001326 1.937500000001778 0
1060 1.812500000001288 1.937500000001988 0
1061 1.937500000001465 2.000000000001713 0
1062 1.81250000000139 2.000000000002134 0
1063 1.750000000001251 1.937500000002199 0
1064 1.687500000001112 1.875000000002263 0
1065 1.687500000001213 1.937500000002409 0
1066 1.625000000001176 1.93750000000262 0
1067 1.687500000001315 2.000000000002555 0
1068 1.562500000001241 2.000000000002976 0
1069 1.687500000001736 2.12500000000229 0
1070 1.750000000001984 2.187500000001946 0
1071 1.625000000001489 2.062500000002633 0
1072 1.687500000001526 2.062500000002423 0
1073 1.750000000001563 2.062500000002212 0
1074 1.812500000001811 2.125000000001869 0
1075 1.812500000002022 2.187500000001736 0
1076 1.812500000001601 2.062500000002002 0
1077 1.875000000001638 2.062500000001791 0
1078 1.937500000001676 2.062500000001581 0
1079 1.812500000002443 2.31250000000147 0
1080 1.812500000002653 2.375000000001337 0
1081 1.750000000002405 2.31250000000168 0
1082 1.875000000002901 2.437500000000994 0
1083 1.812500000002864 2.437500000001204 0
1084 1.937500000002939 2.437500000000783 0
1085 1.937500000003149 2.500000000000651 0
1086 1.812500000003074 2.500000000001072 0
1087 1.750000000002826 2.437500000001415 0
1088 1.687500000002578 2.375000000001758 0
1089 1.687500000002789 2.437500000001625 0
1090 1.625000000002752 2.437500000001836 0
1091 1.687500000002999 2.500000000001493 0
1092 1.562500000002925 2.500000000001914 0
1093 1.93750000000336 2.562500000000518 0
1094 1.875000000003322 2.562500000000728 0
1095 1.812500000003495 2.625000000000806 0
1096 1.812500000003285 2.562500000000939 0
1097 1.812500000003706 2.687500000000672 0
1098 1.750000000003668 2.687500000000883 0
1099 1.750000000003247 2.562500000001149 0
1100 1.625000000003173 2.56250000000157 0
1101 1.562500000003135 2.562500000001781 0
1102 1.68750000000321 2.56250000000136 0
1103 1.68750000000342 2.625000000001227 0
1104 1.687500000003631 2.687500000001093 0
1105 1.937500000003781 2.687500000000251 0
1106 1.937500000004202 2.812499999999986 0
1107 1.875000000003954 2.750000000000329 0
1108 1.937500000004623 2.937499999999719 0
1109 1.812500000004127 2.812500000000407 0
1110 1.875000000002059 2.187500000001525 0
1111 1.812500000002232 2.250000000001602 0
1112 1.937500000001886 2.125000000001448 0
1113 1.937500000002097 2.187500000001315 0
1114 2.000000000001713 2.06250000000137 0
1115 2.000000000002134 2.187500000001104 0
1116 1.937500000002307 2.250000000001181 0
1117 1.87500000000248 2.312500000001259 0
1118 1.937500000002518 2.312500000001048 0
1119 1.937500000002728 2.375000000000916 0
1120 2.000000000002555 2.312500000000838 0
1121 2.000000000002976 2.437500000000573 0
1122 2.187500000001713 2.312500000000649 0
1123 2.125000000001994 2.312500000000712 0
1124 2.187500000001503 2.250000000000782 0
1125 2.062500000002485 2.375000000000642 0
1126 2.062500000002275 2.312500000000775 0
1127 2.062500000002696 2.43750000000051 0
1128 2.062500000002064 2.250000000000908 0
1129 2.125000000001573 2.187500000000978 0
1130 2.062500000001854 2.187500000001041 0
1131 2.062500000001643 2.125000000001174 0
1132 2.312500000001362 2.37500000000039 0
1133 2.250000000001433 2.312500000000586 0
1134 2.375000000001292 2.437500000000194 0
1135 2.312500000001573 2.437500000000257 0
1136 2.437500000001222 2.499999999999998 0
1137 2.312500000001783 2.500000000000124 0
1138 2.250000000001854 2.43750000000032 0
1139 2.187500000001924 2.375000000000516 0
1140 2.187500000002134 2.437500000000383 0
1141 2.125000000002415 2.437500000000447 0
1142 2.187500000002345 2.50000000000025 0
1143 2.062500000002906 2.500000000000377 0
1144 2.187500000002766 2.624999999999984 0
1145 2.250000000002697 2.687499999999788 0
1146 2.125000000002836 2.56250000000018 0
1147 2.187500000002555 2.562500000000117 0
1148 2.250000000002275 2.562500000000054 0
1149 2.312500000002205 2.624999999999858 0
1150 2.312500000002416 2.687499999999725 0
1151 2.312500000001994 2.562499999999991 0
1152 2.375000000001714 2.562499999999928 0
1153 2.437500000001434 2.562499999999865 0
1154 2.687500000001153 2.812499999999082 0
1155 2.625000000001434 2.812499999999145 0
1156 2.687500000000942 2.749999999999215 0
1157 2.562500000001925 2.874999999999075 0
1158 2.562500000001714 2.812499999999208 0
1159 2.562500000002135 2.937499999998942 0
1160 2.500000000002415 2.937499999999005 0
1161 2.500000000001994 2.812499999999271 0
1162 2.562500000001504 2.749999999999341 0
1163 2.625000000001013 2.687499999999411 0
1164 2.562500000001293 2.687499999999474 0
1165 2.562500000001083 2.624999999999607 0
1166 2.500000000001573 2.687499999999537 0
1167 2.500000000001152 2.562499999999802 0
1168 2.375000000002135 2.687499999999662 0
1169 2.312500000002626 2.749999999999592 0
1170 2.437500000001644 2.624999999999732 0
1171 2.437500000001855 2.687499999999599 0
1172 2.437500000002065 2.749999999999467 0
1173 2.375000000002556 2.812499999999396 0
1174 2.312500000002837 2.812499999999459 0
1175 2.437500000002276 2.812499999999334 0
1176 2.437500000002486 2.874999999999201 0
1177 2.437500000002697 2.937499999999068 0
1178 2.812500000000802 2.874999999998823 0
1179 2.750000000000873 2.812499999999019 0
1180 2.875000000000732 2.937499999998627 0
1181 2.812500000001013 2.93749999999869 0
1182 2.937500000000662 2.999999999998431 0
1183 2.812500000001223 2.999999999998557 0
1184 2.750000000001294 2.937499999998753 0
1185 2.687500000001363 2.874999999998949 0
1186 2.687500000001574 2.937499999998816 0
1187 2.625000000001855 2.937499999998879 0
1188 2.687500000001784 2.999999999998683 0
1189 2.562500000002346 2.999999999998809 0
1190 2.68750000000191 3.124999999998887 0
1191 2.750000000001692 3.187499999998926 0
1192 2.625000000002128 3.062499999998848 0
1193 2.687500000001847 3.062499999998785 0
1194 2.750000000001567 3.062499999998722 0
1195 2.812500000001349 3.124999999998761 0
1196 2.812500000001411 3.187499999998863 0
1197 2.812500000001286 3.062499999998659 0
1198 2.875000000001005 3.062499999998596 0
1199 2.937500000000725 3.062499999998533 0
1200 2.312500000003047 2.874999999999327 0
1201 2.250000000003118 2.812499999999522 0
1202 2.375000000002977 2.937499999999131 0
1203 2.312500000003258 2.937499999999194 0
1204 2.437500000002907 2.999999999998935 0
1205 2.312500000003468 2.999999999999061 0
1206 2.250000000003539 2.937499999999257 0
1207 2.187500000003609 2.874999999999452 0
1208 2.187500000003819 2.93749999999932 0
1209 2.1250000000041 2.937499999999383 0
1210 2.18750000000403 2.999999999999187 0
1211 2.062500000004591 2.999999999999313 0
1212 2.437500000002969 3.062499999999037 0
1213 2.37500000000325 3.0624999999991 0
1214 2.312500000003594 3.124999999999265 0
1215 2.312500000003531 3.062499999999163 0
1216 2.312500000003657 3.187499999999367 0
1217 2.250000000003937 3.18749999999943 0
1218 2.250000000003812 3.062499999999226 0
1219 2.125000000004373 3.062499999999352 0
1220 2.062500000004653 3.062499999999415 0
1221 2.187500000004092 3.062499999999289 0
1222 2.187500000004155 3.124999999999391 0
1223 2.187500000004218 3.187499999999493 0
1224 2.437500000003095 3.187499999999241 0
1225 2.437500000003221 3.312499999999445 0
1226 2.375000000003439 3.249999999999406 0
1227 2.437500000003347 3.437499999999649 0
1228 2.312500000003782 3.312499999999571 0
1229 2.812500000001537 3.312499999999067 0
1230 2.8125000000016 3.374999999999169 0
1231 2.750000000001818 3.31249999999913 0
1232 2.875000000001383 3.437499999999208 0
1233 2.812500000001664 3.437499999999271 0
1234 2.937500000001102 3.437499999999145 0
1235 2.937500000001165 3.499999999999247 0
1236 2.812500000001727 3.499999999999373 0
1237 2.750000000001944 3.437499999999334 0
1238 2.687500000002162 3.374999999999295 0
1239 2.687500000002224 3.437499999999397 0
1240 2.625000000002505 3.43749999999946 0
1241 2.687500000002287 3.499999999999499 0
1242 2.562500000002848 3.499999999999625 0
1243 2.937500000001228 3.562499999999349 0
1244 2.875000000001509 3.562499999999412 0
1245 2.812500000001853 3.624999999999577 0
1246 2.81250000000179 3.562499999999475 0
1247 2.812500000001916 3.687499999999679 0
1248 2.750000000002196 3.687499999999742 0
1249 2.75000000000207 3.562499999999538 0
1250 2.625000000002631 3.562499999999664 0
1251 2.562500000002911 3.562499999999727 0
1252 2.68750000000235 3.562499999999601 0
1253 2.687500000002413 3.624999999999703 0
1254 2.687500000002476 3.687499999999805 0
1255 2.937500000001354 3.687499999999553 0
1256 2.93750000000148 3.812499999999757 0
1257 2.875000000001698 3.749999999999718 0
1258 2.937500000001606 3.937499999999961 0
1259 2.812500000002041 3.812499999999883 0
1260 2.875000000001131 3.1874999999988 0
1261 2.812500000001474 3.249999999998965 0
1262 2.937500000000788 3.124999999998635 0
1263 2.93750000000085 3.187499999998737 0
1264 3.000000000000444 3.06249999999847 0
1265 3.00000000000057 3.187499999998674 0
1266 2.937500000000913 3.249999999998839 0
1267 2.875000000001257 3.312499999999004 0
1268 2.937500000000976 3.312499999998941 0
1269 2.937500000001039 3.374999999999043 0
1270 3.000000000000696 3.312499999998878 0
1271 3.000000000000822 3.437499999999083 0
1272 3.187500000000436 3.312499999998878 0
1273 3.125000000000522 3.312499999998878 0
1274 3.187500000000373 3.249999999998776 0
1275 3.062500000000672 3.37499999999898 0
1276 3.062500000000609 3.312499999998878 0
1277 3.062500000000735 3.437499999999083 0
1278 3.062500000000546 3.249999999998776 0
1279 3.125000000000396 3.187499999998674 0
1280 3.062500000000483 3.187499999998674 0
1281 3.06250000000042 3.124999999998572 0
1282 3.18750000000075 3.624999999999388 0
1283 3.250000000000726 3.68749999999949 0
1284 3.125000000000774 3.562499999999286 0
1285 3.187500000000687 3.562499999999286 0
1286 3.062500000000798 3.499999999999184 0
1287 3.187500000000624 3.499999999999184 0
1288 3.2500000000006 3.562499999999286 0
1289 3.312500000000576 3.624999999999388 0
1290 3.312500000000639 3.68749999999949 0
1291 3.312500000000513 3.562499999999286 0
1292 3.375000000000427 3.562499999999286 0
1293 3.31250000000045 3.499999999999184 0
1294 3.437500000000278 3.499999999999184 0
1295 3.437500000000341 3.562499999999286 0
1296 3.312500000000325 3.37499999999898 0
1297 3.250000000000349 3.312499999998878 0
1298 3.375000000000301 3.437499999999083 0
1299 3.312500000000388 3.437499999999083 0
1300 3.250000000000474 3.437499999999083 0
1301 3.187500000000498 3.37499999999898 0
1302 3.187500000000561 3.437499999999083 0
1303 3.125000000000648 3.437499999999083 0
1304 3.375000000000805 3.937499999999898 0
1305 3.437500000000718 3.937499999999898 0
1306 3.312500000000891 3.937499999999898 0
1307 3.312500000000828 3.874999999999796 0
1308 3.250000000000978 3.937499999999898 0
1309 3.250000000000852 3.812499999999694 0
1310 3.312500000000766 3.812499999999694 0
1311 3.187500000001064 3.937499999999898 0
1312 3.125000000001151 3.937499999999898 0
1313 3.187500000001002 3.874999999999796 0
1314 3.375000000000553 3.68749999999949 0
1315 3.312500000000703 3.749999999999592 0
1316 3.437500000000403 3.624999999999388 0
1317 3.437500000000466 3.68749999999949 0
1318 3.500000000000254 3.562499999999286 0
1319 3.500000000000379 3.68749999999949 0
1320 3.437500000000528 3.749999999999592 0
1321 3.375000000000679 3.812499999999694 0
1322 3.437500000000592 3.812499999999694 0
1323 3.437500000000655 3.874999999999796 0
1324 3.500000000000505 3.812499999999694 0
1325 3.500000000000631 3.937499999999898 0
1326 3.687500000000245 3.812499999999694 0
1327 3.625000000000331 3.812499999999694 0
1328 3.687500000000182 3.749999999999592 0
1329 3.562500000000481 3.874999999999796 0
1330 3.562500000000418 3.812499999999694 0
1331 3.562500000000544 3.937499999999898 0
1332 3.562500000000355 3.749999999999592 0
1333 3.625000000000206 3.68749999999949 0
1334 3.562500000000292 3.68749999999949 0
1335 3.56250000000023 3.624999999999388 0
1336 3.87500000000011 3.937499999999898 0
1337 3.812500000000197 3.937499999999898 0
1338 3.812500000000134 3.874999999999796 0
1339 3.750000000000284 3.937499999999898 0
1340 3.750000000000158 3.812499999999694 0
1341 3.687500000000371 3.937499999999898 0
1342 3.625000000000457 3.937499999999898 0
1343 3.687500000000308 3.874999999999796 0
1344 0.1250000000001129 2.000000000007817 0
1345 0.2500000000004295 2.125000000006835 0
1346 0.1250000000003166 2.125000000007256 0
1347 0.3750000000005425 2.125000000006414 0
1348 0.3750000000007462 2.250000000005853 0
1349 0.3750000000003386 2.000000000006976 0
1350 0.5000000000006553 2.125000000005993 0
1351 0.5000000000010628 2.375000000004871 0
1352 0.3750000000009499 2.375000000005292 0
1353 0.6250000000007683 2.125000000005572 0
1354 0.625000000000972 2.250000000005011 0
1355 0.7500000000012886 2.375000000004029 0
1356 0.6250000000011757 2.37500000000445 0
1357 0.8750000000014015 2.375000000003609 0
1358 0.8750000000016053 2.500000000003047 0
1359 0.6250000000013795 2.500000000003888 0
1360 0.6250000000005644 2.000000000006134 0
1361 0.7500000000008811 2.125000000005151 0
1362 0.8750000000009939 2.125000000004731 0
1363 0.8750000000011977 2.25000000000417 0
1364 0.8750000000007901 2.000000000005292 0
1365 1.000000000001107 2.12500000000431 0
1366 1.000000000001514 2.375000000003188 0
1367 0.7500000000016961 2.625000000002907 0
1368 0.6250000000015832 2.625000000003327 0
1369 0.875000000001809 2.625000000002486 0
1370 0.8750000000020127 2.750000000001925 0
1371 1.000000000001922 2.625000000002065 0
1372 1.000000000002329 2.875000000000942 0
1373 0.8750000000022164 2.875000000001363 0
1374 0.8750000000022164 3.000000000000507 0
1375 0.7500000000018998 2.875000000001489 0
1376 0.6250000000015832 2.875000000001615 0
1377 0.6250000000015832 2.750000000002471 0
1378 0.6250000000015832 3.000000000000759 0
1379 0.5000000000012665 2.875000000001741 0
1380 0.5000000000012665 2.625000000003453 0
1381 0.3750000000009499 2.875000000001867 0
1382 0.3750000000009499 2.750000000002723 0
1383 0.2500000000006333 2.625000000003705 0
1384 0.3750000000009499 2.625000000003579 0
1385 0.1250000000003166 2.625000000003831 0
1386 0.1250000000003166 2.500000000004687 0
1387 0.3750000000009499 2.500000000004436 0
1388 0.3750000000009499 3.00000000000101 0
1389 0.2500000000006333 2.875000000001992 0
1390 0.1250000000003166 2.875000000002118 0
1391 0.1250000000003166 2.750000000002975 0
1392 0.1250000000003166 3.000000000001262 0
1393 0.2500000000006333 2.375000000005417 0
1394 0.1250000000003166 2.375000000005543 0
1395 0.1250000000003166 2.250000000006399 0
1396 0.2500000000008369 3.125000000001088 0
1397 0.1250000000005203 3.125000000001214 0
1398 0.3750000000011535 3.125000000000963 0
1399 0.3750000000013571 3.250000000000915 0
1400 0.5000000000014702 3.125000000000837 0
1401 0.5000000000018774 3.375000000000742 0
1402 0.3750000000015608 3.375000000000867 0
1403 0.6250000000017868 3.125000000000711 0
1404 0.6250000000019904 3.250000000000663 0
1405 0.7500000000025107 3.37500000000049 0
1406 0.625000000002194 3.375000000000616 0
1407 0.8750000000028273 3.375000000000364 0
1408 0.8750000000030309 3.500000000000316 0
1409 0.6250000000023976 3.500000000000568 0
1410 0.7500000000021034 3.125000000000585 0
1411 0.8750000000024201 3.125000000000459 0
1412 0.8750000000026237 3.250000000000412 0
1413 1.000000000002737 3.125000000000334 0
1414 1.000000000003144 3.375000000000238 0
1415 0.7500000000029179 3.625000000000394 0
1416 0.6250000000026013 3.62500000000052 0
1417 0.8750000000032345 3.625000000000269 0
1418 0.8750000000034381 3.750000000000221 0
1419 1.000000000003551 3.625000000000143 0
1420 1.000000000003958 3.875000000000048 0
1421 0.8750000000036418 3.875000000000173 0
1422 0.7500000000031215 3.875000000000173 0
1423 0.6250000000026013 3.875000000000173 0
1424 0.6250000000026013 3.750000000000347 0
1425 0.500000000002081 3.875000000000173 0
1426 0.500000000002081 3.62500000000052 0
1427 0.3750000000015608 3.875000000000173 0
1428 0.3750000000015608 3.750000000000347 0
1429 0.2500000000010405 3.62500000000052 0
1430 0.3750000000015608 3.62500000000052 0
1431 0.1250000000005203 3.62500000000052 0
1432 0.1250000000005203 3.500000000000694 0
1433 0.3750000000015608 3.500000000000694 0
1434 0.2500000000010405 3.875000000000173 0
1435 0.1250000000005203 3.875000000000173 0
1436 0.1250000000005203 3.750000000000347 0
1437 0.2500000000010405 3.375000000000867 0
1438 0.1250000000005203 3.375000000000867 0
1439 0.1250000000005203 3.250000000001041 0
1440 1.249999999997346 0.1250000000001129 0
1441 1.124999999997705 0.1250000000001129 0
1442 1.374999999996986 0.1250000000001129 0
1443 1.374999999997407 0.2500000000002258 0
1444 1.499999999996627 0.1250000000001129 0
1445 1.499999999997469 0.3750000000003386 0
1446 1.374999999997828 0.3750000000003386 0
1447 1.624999999996267 0.1250000000001129 0
1448 1.624999999996688 0.2500000000002258 0
1449 1.74999999999675 0.3750000000003386 0
1450 1.624999999997109 0.3750000000003386 0
1451 1.87499999999639 0.3750000000003386 0
1452 1.874999999996811 0.5000000000004515 0
1453 1.62499999999753 0.5000000000004515 0
1454 1.749999999995908 0.1250000000001129 0
1455 1.874999999995548 0.1250000000001129 0
1456 1.874999999995969 0.2500000000002258 0
1457 1.999999999995189 0.1250000000001129 0
1458 1.999999999996031 0.3750000000003386 0
1459 1.749999999997592 0.6250000000005644 0
1460 1.624999999997951 0.6250000000005644 0
1461 1.874999999997232 0.6250000000005644 0
1462 1.874999999997653 0.7500000000006772 0
1463 1.999999999996873 0.6250000000005644 0
1464 1.999999999997715 0.8750000000007901 0
1465 1.874999999998074 0.8750000000007901 0
1466 1.874999999998278 1.000000000001107 0
1467 1.749999999998217 0.8750000000009939 0
1468 1.624999999998359 0.8750000000011977 0
1469 1.624999999998155 0.7500000000008811 0
1470 1.624999999998562 1.000000000001514 0
1471 1.499999999998501 0.8750000000014015 0
1472 1.499999999998094 0.6250000000007683 0
1473 1.374999999998643 0.8750000000016053 0
1474 1.374999999998439 0.7500000000012886 0
1475 1.249999999998378 0.6250000000011757 0
1476 1.374999999998236 0.625000000000972 0
1477 1.12499999999852 0.6250000000013795 0
1478 1.124999999998316 0.5000000000010628 0
1479 1.374999999998032 0.5000000000006553 0
1480 1.374999999998847 1.000000000001922 0
1481 1.249999999998785 0.875000000001809 0
1482 1.124999999998928 0.8750000000020127 0
1483 1.124999999998724 0.7500000000016961 0
1484 1.124999999999131 1.000000000002329 0
1485 0.9999999999990697 0.8750000000022164 0
1486 0.9999999999986623 0.6250000000015832 0
1487 1.249999999997971 0.3750000000005425 0
1488 1.124999999998113 0.3750000000007462 0
1489 1.124999999997909 0.2500000000004295 0
1490 0.9999999999982548 0.3750000000009499 0
1491 0.9999999999978475 0.1250000000003166 0
1492 1.125000000002825 3.000000000000255 0
1493 1.250000000003539 3.125000000000208 0
1494 1.125000000003246 3.125000000000334 0
1495 1.375000000003831 3.125000000000082 0
1496 1.375000000004252 3.25000000000016 0
1497 1.37500000000341 3.000000000000004 0
1498 1.500000000004123 3.124999999999956 0
1499 1.500000000004965 3.375000000000113 0
1500 1.375000000004672 3.375000000000238 0
1501 1.625000000004415 3.124999999999831 0
1502 1.625000000004836 3.249999999999909 0
1503 1.750000000005549 3.374999999999861 0
1504 1.625000000005257 3.374999999999987 0
1505 1.875000000005842 3.374999999999736 0
1506 1.875000000006263 3.499999999999814 0
1507 1.625000000005678 3.500000000000065 0
1508 1.625000000003995 2.999999999999753 0
1509 1.750000000004708 3.124999999999705 0
1510 1.875000000005 3.124999999999579 0
1511 1.875000000005421 3.249999999999658 0
1512 1.875000000004579 2.999999999999502 0
1513 2.000000000005292 3.124999999999454 0
1514 2.000000000006134 3.37499999999961 0
1515 1.750000000006391 3.625000000000017 0
1516 1.625000000006099 3.625000000000143 0
1517 1.875000000006683 3.624999999999892 0
1518 1.875000000007104 3.74999999999997 0
1519 2.000000000006976 3.624999999999766 0
1520 2.000000000007817 3.874999999999922 0
1521 1.875000000007525 3.875000000000048 0
1522 1.750000000007015 3.875000000000048 0
1523 1.625000000006506 3.875000000000048 0
1524 1.625000000006302 3.750000000000095 0
1525 1.500000000005996 3.875000000000048 0
1526 1.500000000005589 3.625000000000143 0
1527 1.375000000005487 3.875000000000048 0
1528 1.375000000005283 3.750000000000095 0
1529 1.25000000000457 3.625000000000143 0
1530 1.375000000005079 3.625000000000143 0
1531 1.125000000004061 3.625000000000143 0
1532 1.125000000003857 3.500000000000191 0
1533 1.375000000004876 3.500000000000191 0
1534 1.250000000004977 3.875000000000048 0
1535 1.125000000004468 3.875000000000048 0
1536 1.125000000004264 3.750000000000095 0
1537 1.250000000004163 3.375000000000238 0
1538 1.125000000003654 3.375000000000238 0
1539 1.12500000000345 3.250000000000286 0
1540 2.249999999995542 0.1249999999999092 0
1541 2.124999999995218 0.1249999999999092 0
1542 2.374999999995866 0.1249999999999092 0
1543 2.374999999995993 0.2499999999998184 0
1544 2.499999999996191 0.1249999999999092 0
1545 2.499999999996443 0.3749999999997276 0
1546 2.374999999996119 0.3749999999997276 0
1547 2.624999999996516 0.1249999999999092 0
1548 2.624999999996641 0.2499999999998184 0
1549 2.749999999997091 0.3749999999997276 0
1550 2.624999999996767 0.3749999999997276 0
1551 2.874999999997415 0.3749999999997276 0
1552 2.874999999997542 0.4999999999996367 0
1553 2.624999999996893 0.4999999999996367 0
1554 2.74999999999684 0.1249999999999092 0
1555 2.874999999997164 0.1249999999999092 0
1556 2.87499999999729 0.2499999999998184 0
1557 2.999999999997489 0.1249999999999092 0
1558 2.99999999999774 0.3749999999997276 0
1559 2.749999999997343 0.6249999999995459 0
1560 2.624999999997018 0.6249999999995459 0
1561 2.874999999997667 0.6249999999995459 0
1562 2.874999999997793 0.7499999999994551 0
1563 2.999999999997991 0.6249999999995459 0
1564 2.999999999998243 0.8749999999993643 0
1565 2.874999999997919 0.8749999999993643 0
1566 2.87499999999834 0.9999999999994772 0
1567 2.74999999999789 0.874999999999568 0
1568 2.62499999999786 0.8749999999997717 0
1569 2.624999999997439 0.7499999999996588 0
1570 2.624999999998281 0.9999999999998846 0
1571 2.499999999997832 0.8749999999999755 0
1572 2.49999999999699 0.6249999999997496 0
1573 2.374999999997803 0.8750000000001792 0
1574 2.374999999997382 0.7500000000000663 0
1575 2.249999999996931 0.6250000000001571 0
1576 2.374999999996961 0.6249999999999534 0
1577 2.124999999996902 0.6250000000003608 0
1578 2.124999999996481 0.5000000000002478 0
1579 2.37499999999654 0.4999999999998405 0
1580 2.374999999998224 1.000000000000292 0
1581 2.249999999997773 0.8750000000003828 0
1582 2.124999999997744 0.8750000000005864 0
1583 2.124999999997323 0.7500000000004736 0
1584 2.124999999998165 1.000000000000699 0
1585 2.249999999996089 0.3749999999999313 0
1586 2.12499999999606 0.375000000000135 0
1587 2.124999999995639 0.2500000000000221 0
1588 2.24999999999832 1.125000000000353 0
1589 2.124999999998291 1.125000000000557 0
1590 2.374999999998349 1.12500000000015 0
1591 2.374999999998475 1.250000000000008 0
1592 2.499999999998378 1.124999999999946 0
1593 2.49999999999863 1.374999999999662 0
1594 2.374999999998601 1.374999999999865 0
1595 2.624999999998407 1.124999999999742 0
1596 2.624999999998534 1.2499999999996 0
1597 2.749999999998688 1.374999999999254 0
1598 2.624999999998659 1.374999999999458 0
1599 2.874999999998717 1.374999999999051 0
1600 2.874999999998844 1.499999999998908 0
1601 2.624999999998785 1.499999999999316 0
1602 2.749999999998437 1.124999999999539 0
1603 2.874999999998466 1.124999999999335 0
1604 2.874999999998591 1.249999999999193 0
1605 2.999999999998495 1.124999999999131 0
1606 2.999999999998747 1.374999999998847 0
1607 2.74999999999894 1.62499999999897 0
1608 2.624999999998911 1.624999999999174 0
1609 2.874999999998969 1.624999999998766 0
1610 2.874999999999095 1.749999999998624 0
1611 2.999999999998998 1.624999999998562 0
1612 2.99999999999925 1.874999999998278 0
1613 2.874999999999221 1.874999999998482 0
1614 2.874999999999642 1.999999999998557 0
1615 2.749999999999487 1.874999999998903 0
1616 2.624999999999753 1.874999999999324 0
1617 2.624999999999332 1.749999999999249 0
1618 2.625000000000174 1.999999999999398 0
1619 2.500000000000019 1.874999999999744 0
1620 2.499999999999177 1.624999999999595 0
1621 2.375000000000285 1.875000000000165 0
1622 2.374999999999864 1.75000000000009 0
1623 2.249999999999709 1.625000000000436 0
1624 2.374999999999443 1.625000000000015 0
1625 2.124999999999974 1.625000000000857 0
1626 2.124999999999553 1.500000000000782 0
1627 2.374999999999022 1.49999999999994 0
1628 2.375000000000705 2.00000000000024 0
1629 2.250000000000551 1.875000000000586 0
1630 2.125000000000816 1.875000000001007 0
1631 2.125000000000395 1.750000000000932 0
1632 2.125000000001237 2.000000000001082 0
1633 2.000000000001082 1.875000000001428 0
1634 2.00000000000024 1.625000000001278 0
1635 2.249999999998867 1.375000000000286 0
1636 2.124999999999133 1.375000000000707 0
1637 2.124999999998712 1.250000000000632 0
1638 1.999999999999398 1.375000000001128 0
1639 1.999999999998557 1.125000000000978 0
1640 3.249999999998022 0.1249999999997055 0
1641 3.124999999997693 0.1249999999997055 0
1642 3.374999999998352 0.1249999999997055 0
1643 3.374999999998352 0.2499999999994109 0
1644 3.499999999998681 0.1249999999997055 0
1645 3.499999999998681 0.3749999999991164 0
1646 3.374999999998352 0.3749999999991164 0
1647 3.624999999999011 0.1249999999997055 0
1648 3.624999999999011 0.2499999999994109 0
1649 3.749999999999341 0.3749999999991164 0
1650 3.624999999999011 0.3749999999991164 0
1651 3.87499999999967 0.3749999999991164 0
1652 3.87499999999967 0.4999999999988219 0
1653 3.624999999999011 0.4999999999988219 0
1654 3.749999999999341 0.1249999999997055 0
1655 3.87499999999967 0.1249999999997055 0
1656 3.87499999999967 0.2499999999994109 0
1657 3.749999999999341 0.6249999999985274 0
1658 3.624999999999011 0.6249999999985274 0
1659 3.87499999999967 0.6249999999985274 0
1660 3.87499999999967 0.7499999999982329 0
1661 3.87499999999967 0.8749999999979383 0
1662 3.874999999999796 0.9999999999978475 0
1663 3.749999999999467 0.8749999999981419 0
1664 3.624999999999263 0.8749999999983457 0
1665 3.624999999999137 0.7499999999984366 0
1666 3.624999999999388 0.9999999999982548 0
1667 3.499999999999059 0.8749999999985494 0
1668 3.499999999998807 0.624999999998731 0
1669 3.374999999998855 0.8749999999987531 0
1670 3.374999999998729 0.7499999999988439 0
1671 3.2499999999984 0.6249999999991385 0
1672 3.374999999998603 0.6249999999989347 0
1673 3.124999999998195 0.6249999999993422 0
1674 3.12499999999807 0.499999999999433 0
1675 3.374999999998478 0.4999999999990256 0
1676 3.374999999998981 0.9999999999986623 0
1677 3.249999999998651 0.8749999999989568 0
1678 3.124999999998447 0.8749999999991606 0
1679 3.124999999998321 0.7499999999992514 0
1680 3.124999999998573 0.9999999999990697 0
1681 3.249999999998148 0.3749999999993201 0
1682 3.124999999997944 0.3749999999995238 0
1683 3.124999999997818 0.2499999999996146 0
1684 3.249999999998777 1.124999999998507 0
1685 3.124999999998573 1.12499999999871 0
1686 3.374999999998981 1.124999999998303 0
1687 3.374999999998981 1.249999999997943 0
1688 3.499999999999185 1.124999999998099 0
1689 3.499999999999185 1.37499999999738 0
1690 3.374999999998981 1.374999999997584 0
1691 3.624999999999388 1.124999999997895 0
1692 3.624999999999388 1.249999999997536 0
1693 3.749999999999592 1.374999999996973 0
1694 3.624999999999388 1.374999999997176 0
1695 3.874999999999796 1.374999999996769 0
1696 3.874999999999796 1.49999999999641 0
1697 3.624999999999388 1.499999999996817 0
1698 3.749999999999592 1.124999999997692 0
1699 3.874999999999796 1.124999999997488 0
1700 3.874999999999796 1.249999999997129 0
1701 3.749999999999592 1.624999999996254 0
1702 3.624999999999388 1.624999999996458 0
1703 3.874999999999796 1.62499999999605 0
1704 3.874999999999796 1.749999999995691 0
1705 3.874999999999796 1.874999999995331 0
1706 3.874999999999922 1.999999999995189 0
1707 3.749999999999718 1.874999999995752 0
1708 3.62499999999964 1.874999999996173 0
1709 3.624999999999514 1.749999999996315 0
1710 3.624999999999766 1.999999999996031 0
1711 3.499999999999562 1.874999999996594 0
1712 3.499999999999311 1.624999999996878 0
1713 3.374999999999484 1.874999999997015 0
1714 3.374999999999359 1.749999999997157 0
1715 3.249999999999154 1.62499999999772 0
1716 3.374999999999233 1.624999999997299 0
1717 3.124999999999076 1.624999999998141 0
1718 3.12499999999895 1.499999999998284 0
1719 3.374999999999106 1.499999999997442 0
1720 3.37499999999961 1.999999999996873 0
1721 3.249999999999406 1.874999999997436 0
1722 3.124999999999328 1.874999999997857 0
1723 3.124999999999202 1.749999999997999 0
1724 3.124999999999454 1.999999999997715 0
1725 3.249999999998903 1.374999999998005 0
1726 3.124999999998824 1.374999999998426 0
1727 3.124999999998699 1.249999999998568 0
1728 3.249999999999532 2.124999999997618 0
1729 3.124999999999454 2.124999999998039 0
1730 3.37499999999961 2.124999999997197 0
1731 3.37499999999961 2.249999999997522 0
1732 3.499999999999688 2.124999999996776 0
1733 3.499999999999688 2.374999999997425 0
1734 3.37499999999961 2.374999999997846 0
1735 3.624999999999766 2.124999999996355 0
1736 3.624999999999766 2.24999999999668 0
1737 3.749999999999844 2.374999999996583 0
1738 3.624999999999766 2.374999999997004 0
1739 3.874999999999922 2.374999999996162 0
1740 3.874999999999922 2.499999999996486 0
1741 3.624999999999766 2.499999999997328 0
1742 3.749999999999844 2.124999999995934 0
1743 3.874999999999922 2.124999999995513 0
1744 3.874999999999922 2.249999999995838 0
1745 3.749999999999844 2.624999999997232 0
1746 3.624999999999766 2.624999999997653 0
1747 3.874999999999922 2.624999999996811 0
1748 3.874999999999922 2.749999999997135 0
1749 3.874999999999922 2.87499999999746 0
1750 3.875000000000048 2.999999999997489 0
1751 3.74999999999997 2.874999999997585 0
1752 3.625000000000017 2.874999999997711 0
1753 3.624999999999892 2.749999999997682 0
1754 3.625000000000143 2.99999999999774 0
1755 3.500000000000065 2.874999999997836 0
1756 3.499999999999814 2.624999999997779 0
1757 3.375000000000113 2.874999999997963 0
1758 3.374999999999987 2.749999999997933 0
1759 3.249999999999909 2.62499999999803 0
1760 3.374999999999861 2.624999999997904 0
1761 3.124999999999956 2.624999999998155 0
1762 3.124999999999831 2.499999999998126 0
1763 3.374999999999736 2.499999999997875 0
1764 3.375000000000238 2.999999999997991 0
1765 3.25000000000016 2.874999999998088 0
1766 3.125000000000208 2.874999999998213 0
1767 3.125000000000082 2.749999999998185 0
1768 3.125000000000334 2.999999999998242 0
1769 3.000000000000255 2.874999999998339 0
1770 3.000000000000004 2.624999999998281 0
1771 3.249999999999658 2.374999999997971 0
1772 3.124999999999705 2.374999999998098 0
1773 3.124999999999579 2.249999999998068 0
1774 2.999999999999753 2.374999999998223 0
1775 2.999999999999502 2.124999999998165 0
1776 0.9374999999978928 0.06250000000015832 0
1777 0.8124999999981874 0.06250000000015832 0
1778 0.7499999999984365 0.1250000000003166 0
1779 0.6874999999984819 0.06250000000015832 0
1780 0.8124999999983911 0.187500000000475 0
1781 0.6874999999986856 0.187500000000475 0
1782 0.5624999999987764 0.06250000000015832 0
1783 0.6249999999989347 0.2500000000006333 0
1784 0.5624999999989801 0.187500000000475 0
1785 0.4374999999992747 0.187500000000475 0
1786 0.4999999999990256 0.1250000000003166 0
1787 0.3749999999995238 0.2500000000006333 0
1788 0.3124999999995692 0.187500000000475 0
1789 0.437499999999071 0.06250000000015832 0
1790 0.6874999999988893 0.3125000000007916 0
1791 0.5624999999991839 0.3125000000007916 0
1792 0.499999999999433 0.3750000000009499 0
1793 0.4374999999994784 0.3125000000007916 0
1794 0.5624999999993876 0.4375000000011082 0
1795 0.4374999999996821 0.4375000000011082 0
1796 0.3124999999997729 0.3125000000007916 0
1797 0.3124999999993655 0.06250000000015832 0
1798 0.2499999999996146 0.1250000000003166 0
1799 0.18749999999966 0.06250000000015832 0
1800 0.1874999999998637 0.187500000000475 0
1801 0.06249999999995458 0.06250000000015832 0
1802 0.06250000000005644 1.812500000007263 0
1803 0.06250000000005644 1.937500000007773 0
1804 0.06250000000005644 1.687500000006754 0
1805 0.1250000000001129 1.750000000006798 0
1806 0.06250000000005644 1.562500000006244 0
1807 0.1875000000001693 1.687500000006333 0
1808 0.1875000000001693 1.812500000006843 0
1809 0.06250000000005644 1.437500000005735 0
1810 0.1250000000001129 1.500000000005779 0
1811 0.1875000000001693 1.437500000005314 0
1812 0.1875000000001693 1.562500000005824 0
1813 0.1875000000001693 1.312500000004805 0
1814 0.2500000000002258 1.375000000004849 0
1815 0.2500000000002258 1.625000000005868 0
1816 0.06250000000005644 1.312500000005225 0
1817 0.06250000000005644 1.187500000004716 0
1818 0.1250000000001129 1.25000000000476 0
1819 0.06250000000005644 1.062500000004206 0
1820 0.1875000000001693 1.187500000004295 0
1821 0.3125000000002822 1.562500000005403 0
1822 0.3125000000002822 1.687500000005912 0
1823 0.3125000000002822 1.437500000004893 0
1824 0.3750000000003386 1.500000000004938 0
1825 0.3125000000002822 1.312500000004384 0
1826 0.4375000000003951 1.437500000004473 0
1827 0.4375000000003951 1.562500000004982 0
1828 0.1875000000001693 1.937500000007352 0
1829 0.2500000000002258 1.875000000006887 0
1830 0.3125000000002822 1.937500000006931 0
1831 0.3125000000002822 1.812500000006422 0
1832 0.4375000000003951 1.93750000000651 0
1833 0.3750000000003386 1.750000000005957 0
1834 0.4375000000003951 1.812500000006001 0
1835 0.562500000000508 1.81250000000558 0
1836 0.5000000000004515 1.875000000006045 0
1837 0.6250000000005644 1.750000000005115 0
1838 0.6875000000006208 1.812500000005159 0
1839 0.562500000000508 1.93750000000609 0
1840 0.4375000000003951 1.687500000005492 0
1841 0.5000000000004515 1.625000000005026 0
1842 0.562500000000508 1.687500000005071 0
1843 0.562500000000508 1.562500000004561 0
1844 0.6875000000006208 1.68750000000465 0
1845 0.6875000000006208 1.937500000005669 0
1846 0.7500000000006772 1.875000000005203 0
1847 0.8125000000007336 1.937500000005248 0
1848 0.8125000000007336 1.812500000004738 0
1849 0.9375000000008467 1.937500000004827 0
1850 1.062500000002374 2.81250000000116 0
1851 1.062500000002577 2.937500000000599 0
1852 1.06250000000217 2.687500000001721 0
1853 1.125000000002418 2.750000000001378 0
1854 1.062500000001966 2.562500000002283 0
1855 1.187500000002462 2.687500000001596 0
1856 1.187500000002666 2.812500000001035 0
1857 1.062500000001762 2.437500000002844 0
1858 1.12500000000201 2.500000000002501 0
1859 1.187500000002055 2.437500000002719 0
1860 1.187500000002258 2.562500000002157 0
1861 1.187500000001851 2.31250000000328 0
1862 1.250000000002099 2.375000000002936 0
1863 1.250000000002506 2.625000000001814 0
1864 1.062500000001559 2.312500000003405 0
1865 1.062500000001355 2.187500000003967 0
1866 1.125000000001603 2.250000000003623 0
1867 1.062500000001151 2.062500000004528 0
1868 1.187500000001647 2.187500000003841 0
1869 1.312500000002551 2.562500000002032 0
1870 1.312500000002754 2.68750000000147 0
1871 1.312500000002347 2.437500000002593 0
1872 1.375000000002595 2.50000000000225 0
1873 1.312500000002143 2.312500000003154 0
1874 1.437500000002639 2.437500000002467 0
1875 1.437500000002843 2.562500000001906 0
1876 1.187500000002869 2.937500000000473 0
1877 1.250000000002914 2.875000000000691 0
1878 1.312500000003162 2.937500000000347 0
1879 1.312500000002958 2.812500000000909 0
1880 1.437500000003454 2.937500000000222 0
1881 1.375000000003002 2.750000000001127 0
1882 1.43750000000325 2.812500000000783 0
1883 1.562500000003543 2.812500000000658 0
1884 1.500000000003499 2.87500000000044 0
1885 1.625000000003587 2.750000000000876 0
1886 1.687500000003835 2.812500000000532 0
1887 1.562500000003746 2.937500000000096 0
1888 1.437500000003047 2.687500000001345 0
1889 1.500000000003091 2.625000000001563 0
1890 1.562500000003339 2.687500000001219 0
1891 1.562500000003135 2.562500000001781 0
1892 1.687500000003631 2.687500000001093 0
1893 1.687500000004039 2.937499999999971 0
1894 1.750000000004083 2.875000000000189 0
1895 1.812500000004331 2.937499999999845 0
1896 1.812500000004127 2.812500000000407 0
1897 1.937500000004623 2.937499999999719 0
1898 2.062500000007178 3.812499999999883 0
1899 2.062500000007599 3.937499999999961 0
1900 2.062500000006758 3.687499999999805 0
1901 2.12500000000654 3.749999999999844 0
1902 2.062500000006337 3.562499999999727 0
1903 2.187500000005901 3.687499999999805 0
1904 2.187500000006322 3.812499999999883 0
1905 2.062500000005916 3.437499999999649 0
1906 2.125000000005699 3.499999999999688 0
1907 2.18750000000506 3.437499999999649 0
1908 2.187500000005481 3.562499999999727 0
1909 2.187500000004639 3.312499999999571 0
1910 2.250000000004421 3.37499999999961 0
1911 2.250000000005262 3.624999999999766 0
1912 2.062500000005495 3.312499999999571 0
1913 2.062500000005074 3.187499999999493 0
1914 2.125000000004857 3.249999999999532 0
1915 2.062500000004653 3.062499999999415 0
1916 2.187500000004218 3.187499999999493 0
1917 2.312500000004624 3.562499999999726 0
1918 2.312500000005045 3.687499999999805 0
1919 2.312500000004203 3.437499999999649 0
1920 2.375000000003985 3.499999999999688 0
1921 2.312500000003783 3.312499999999571 0
1922 2.437500000003347 3.437499999999649 0
1923 2.437500000003768 3.562499999999726 0
1924 2.187500000006743 3.937499999999961 0
1925 2.250000000006104 3.874999999999922 0
1926 2.312500000005887 3.937499999999961 0
1927 2.312500000005466 3.812499999999883 0
1928 2.437500000005031 3.937499999999961 0
1929 2.375000000004827 3.749999999999844 0
1930 2.43750000000461 3.812499999999883 0
1931 2.562500000003753 3.812499999999883 0
1932 2.500000000004392 3.874999999999922 0
1933 2.625000000003115 3.749999999999844 0
1934 2.687500000002897 3.812499999999883 0
1935 2.562500000004174 3.937499999999961 0
1936 2.437500000004189 3.687499999999805 0
1937 2.50000000000355 3.624999999999766 0
1938 2.562500000003332 3.687499999999805 0
1939 2.562500000002911 3.562499999999726 0
1940 2.687500000002476 3.687499999999805 0
1941 2.687500000003318 3.937499999999961 0
1942 2.75000000000268 3.874999999999922 0
1943 2.812500000002462 3.937499999999961 0
1944 2.812500000002041 3.812499999999883 0
1945 2.937500000001606 3.937499999999961 0
1946 0.0312499999999773 0.5312500000021602 0
1947 0.0312499999999773 0.5937500000024203 0
1948 0.0624999999999546 0.6250000000024994 0
1949 0.0312499999999773 0.6562500000026804 0
1950 0.0937499999999319 0.5937500000023185 0
1951 0.0937499999999319 0.6562500000025786 0
1952 0.0312499999999773 0.7187500000029405 0
1953 0.1249999999999092 0.6875000000026578 0
1954 0.0937499999999319 0.7187500000028387 0
1955 0.0937499999999319 0.7812500000030989 0
1956 0.0624999999999546 0.7500000000030197 0
1957 0.1249999999999092 0.812500000003178 0
1958 0.0937499999999319 0.843750000003359 0
1959 0.0312499999999773 0.7812500000032007 0
1960 0.1562499999998865 0.6562500000024768 0
1961 0.1562499999998865 0.7187500000027369 0
1962 0.1874999999998638 0.7500000000028161 0
1963 0.1562499999998865 0.781250000002997 0
1964 0.2187499999998411 0.7187500000026351 0
1965 0.2187499999998411 0.7812500000028952 0
1966 0.1562499999998865 0.8437500000032572 0
1967 0.0312499999999773 0.8437500000034608 0
1968 0.0624999999999546 0.8750000000035399 0
1969 0.0312499999999773 0.9062500000037209 0
1970 0.0937499999999319 0.9062500000036191 0
1971 0.0312499999999773 0.968750000003981 0
1972 0.5624999999994894 0.5000000000012665 0
1973 0.5937499999994668 0.5312500000013457 0
1974 0.531249999999614 0.5312500000013457 0
1975 0.6562499999993194 0.5312500000013457 0
1976 0.624999999999444 0.5625000000014249 0
1977 0.6874999999991949 0.5000000000012665 0
1978 0.7187499999991722 0.5312500000013457 0
1979 0.6562499999994214 0.593750000001504 0
1980 0.5937499999995686 0.593750000001504 0
1981 0.781249999999025 0.5312500000013457 0
1982 0.7499999999991496 0.5625000000014249 0
1983 0.7812499999991268 0.593750000001504 0
1984 0.7187499999992741 0.593750000001504 0
1985 0.8437499999989795 0.593750000001504 0
1986 0.8124999999991041 0.6250000000015832 0
1987 0.6874999999993987 0.6250000000015832 0
1988 0.8124999999989004 0.5000000000012665 0
1989 0.8437499999988777 0.5312500000013457 0
1990 0.9062499999987303 0.5312500000013457 0
1991 0.8749999999988549 0.5625000000014249 0
1992 0.9374999999986058 0.5000000000012665 0
1993 0.9687499999985831 0.5312500000013457 0
1994 0.9062499999988323 0.593750000001504 0
1995 0.7187499999993759 0.6562500000016623 0
1996 0.6562499999995233 0.6562500000016623 0
1997 0.7812499999992286 0.6562500000016623 0
1998 0.7499999999993532 0.6875000000017415 0
1999 0.8437499999990814 0.6562500000016623 0
2000 0.7812499999993305 0.7187500000018207 0
2001 0.7187499999994778 0.7187500000018207 0
2002 0.9687499999992961 0.9687500000024539 0
2003 0.9687499999991943 0.9062500000022956 0
2004 0.9999999999991716 0.9375000000023748 0
2005 0.9374999999992171 0.8750000000022164 0
2006 0.9687499999990925 0.8437500000021373 0
2007 0.9062499999993416 0.9062500000022956 0
2008 0.9062499999992397 0.8437500000021373 0
2009 0.9687499999989906 0.781250000001979 0
2010 0.9999999999989679 0.8125000000020581 0
2011 0.8749999999992624 0.8125000000020581 0
2012 0.9062499999991378 0.781250000001979 0
2013 0.906249999999036 0.7187500000018207 0
2014 0.9374999999990132 0.7500000000018998 0
2015 0.8749999999990588 0.6875000000017415 0
2016 0.9062499999989342 0.6562500000016623 0
2017 0.9687499999988887 0.7187500000018207 0
2018 0.8437499999993869 0.8437500000021373 0
2019 0.8437499999992851 0.781250000001979 0
2020 0.8124999999993079 0.7500000000018998 0
2021 0.8437499999991833 0.7187500000018207 0
2022 0.7812499999994325 0.781250000001979 0
2023 0.9687499999987869 0.6562500000016623 0
2024 0.9999999999987641 0.6875000000017415 0
2025 0.9374999999988096 0.6250000000015832 0
2026 0.9687499999986851 0.593750000001504 0
2027 0.9999999999985605 0.5625000000014249 0
2028 0.6249999999992404 0.4375000000011082 0
2029 0.6874999999989913 0.3750000000009499 0
2030 0.6874999999990931 0.4375000000011082 0
2031 0.7499999999987421 0.3125000000007916 0
2032 0.7499999999989457 0.4375000000011082 0
2033 0.812499999998493 0.2500000000006333 0
2034 0.8124999999985948 0.3125000000007916 0
2035 0.8749999999984475 0.3125000000007916 0
2036 0.8124999999986966 0.3750000000009499 0
2037 0.9374999999981983 0.2500000000006333 0
2038 0.9374999999983002 0.3125000000007916 0
2039 0.8124999999987985 0.4375000000011082 0
2040 0.8749999999982438 0.187500000000475 0
2041 0.9374999999979947 0.1250000000003166 0
2042 0.9374999999980966 0.187500000000475 0
2043 0.9999999999977456 0.06250000000015832 0
2044 0.9999999999979493 0.187500000000475 0
2045 0.8749999999986513 0.4375000000011082 0
2046 0.9374999999984022 0.3750000000009499 0
2047 0.937499999998504 0.4375000000011082 0
2048 0.999999999998153 0.3125000000007916 0
2049 0.9999999999983566 0.4375000000011082 0
2050 0.5312499999996649 1.03125000000337 0
2051 0.5312499999997667 1.093750000003516 0
2052 0.4999999999997385 1.062500000003494 0
2053 0.5624999999997951 1.125000000003538 0
2054 0.5312499999998685 1.156250000003662 0
2055 0.5937499999997213 1.093750000003414 0
2056 0.5937499999998233 1.15625000000356 0
2057 0.5312499999999705 1.218750000003809 0
2058 0.4999999999999422 1.187500000003786 0
2059 0.6249999999998515 1.187500000003582 0
2060 0.5937499999999252 1.218750000003706 0
2061 0.593750000000027 1.281250000003853 0
2062 0.5624999999999987 1.250000000003831 0
2063 0.6250000000000552 1.312500000003875 0
2064 0.5937500000001288 1.343750000003999 0
2065 0.5312500000000724 1.281250000003955 0
2066 0.656249999999778 1.156250000003459 0
2067 0.6562499999998798 1.218750000003605 0
2068 0.687499999999908 1.250000000003627 0
2069 0.6562499999999816 1.281250000003751 0
2070 0.7187499999998344 1.218750000003503 0
2071 0.7187499999999362 1.281250000003649 0
2072 0.6562500000000834 1.343750000003897 0
2073 0.5312500000001742 1.343750000004101 0
2074 0.5000000000001459 1.312500000004079 0
2075 0.5625000000002024 1.375000000004123 0
2076 0.531250000000276 1.406250000004247 0
2077 0.5937500000002306 1.406250000004145 0
2078 0.5312500000003779 1.468750000004393 0
2079 0.5000000000003497 1.437500000004371 0
2080 1.031250000000158 1.53125000000367 0
2081 1.03125000000026 1.593750000003816 0
2082 1.00000000000019 1.562500000003848 0
2083 1.062500000000329 1.625000000003784 0
2084 1.031250000000361 1.656250000003962 0
2085 1.093750000000297 1.593750000003606 0
2086 1.093750000000399 1.656250000003752 0
2087 1.031250000000463 1.718750000004108 0
2088 1.000000000000394 1.68750000000414 0
2089 1.125000000000469 1.68750000000372 0
2090 1.093750000000501 1.718750000003898 0
2091 1.093750000000603 1.781250000004044 0
2092 1.062500000000533 1.750000000004076 0
2093 1.125000000000673 1.812500000004012 0
2094 1.093750000000705 1.84375000000419 0
2095 1.031250000000565 1.781250000004254 0
2096 1.156250000000437 1.656250000003541 0
2097 1.156250000000538 1.718750000003687 0
2098 1.187500000000608 1.750000000003655 0
2099 1.15625000000064 1.781250000003834 0
2100 1.218750000000576 1.718750000003477 0
2101 1.218750000000678 1.781250000003623 0
2102 1.156250000000742 1.84375000000398 0
2103 1.031250000000667 1.843750000004401 0
2104 1.000000000000598 1.812500000004433 0
2105 1.062500000000737 1.875000000004369 0
2106 1.031250000000769 1.906250000004547 0
2107 1.093750000000807 1.906250000004336 0
2108 1.031250000000871 1.968750000004693 0
2109 1.000000000000801 1.937500000004725 0
2110 1.062499999999202 1.000000000002431 0
2111 1.093749999999272 1.031250000002399 0
2112 1.031249999999343 1.031250000002501 0
2113 1.156249999999201 1.031250000002297 0
2114 1.124999999999342 1.062500000002367 0
2115 1.18749999999906 1.000000000002227 0
2116 1.21874999999913 1.031250000002195 0
2117 1.156249999999412 1.093750000002335 0
2118 1.093749999999483 1.093750000002437 0
2119 1.281249999999059 1.031250000002093 0
2120 1.2499999999992 1.062500000002163 0
2121 1.281249999999269 1.093750000002131 0
2122 1.218749999999341 1.093750000002233 0
2123 1.343749999999198 1.093750000002029 0
2124 1.312499999999339 1.125000000002099 0
2125 1.187499999999481 1.125000000002303 0
2126 1.312499999998918 1.000000000002023 0
2127 1.343749999998988 1.031250000001991 0
2128 1.406249999998917 1.03125000000189 0
2129 1.374999999999058 1.062500000001959 0
2130 1.437499999998776 1.00000000000182 0
2131 1.468749999998846 1.031250000001788 0
2132 1.406249999999127 1.093750000001927 0
2133 1.218749999999551 1.156250000002271 0
2134 1.156249999999622 1.156250000002372 0
2135 1.28124999999948 1.156250000002169 0
2136 1.249999999999621 1.187500000002238 0
2137 1.343749999999409 1.156250000002067 0
2138 1.28124999999969 1.218750000002206 0
2139 1.218749999999762 1.218750000002308 0
2140 1.468750000000318 1.46875000000205 0
2141 1.468750000000108 1.406250000002013 0
2142 1.500000000000178 1.43750000000198 0
2143 1.437500000000038 1.375000000002045 0
2144 1.468749999999898 1.343750000001975 0
2145 1.406250000000179 1.406250000002115 0
2146 1.406249999999969 1.343750000002077 0
2147 1.468749999999687 1.281250000001938 0
2148 1.499999999999757 1.312500000001905 0
2149 1.374999999999899 1.312500000002109 0
2150 1.406249999999758 1.28125000000204 0
2151 1.406249999999548 1.218750000002002 0
2152 1.437499999999618 1.25000000000197 0
2153 1.374999999999478 1.187500000002035 0
2154 1.406249999999338 1.156250000001965 0
2155 1.468749999999477 1.2187500000019 0
2156 1.34375000000004 1.343750000002179 0
2157 1.343749999999829 1.281250000002142 0
2158 1.31249999999976 1.250000000002174 0
2159 1.343749999999619 1.218750000002104 0
2160 1.281249999999901 1.281250000002244 0
2161 1.468749999999267 1.156250000001863 0
2162 1.499999999999336 1.18750000000183 0
2163 1.437499999999197 1.125000000001895 0
2164 1.468749999999056 1.093750000001825 0
2165 1.499999999998916 1.062500000001755 0
2166 1.937499999998417 1.062500000001042 0
2167 1.874999999998489 1.062500000001144 0
2168 1.937499999998207 1.000000000001005 0
2169 1.81249999999877 1.125000000001284 0
2170 1.81249999999856 1.062500000001246 0
2171 1.81249999999898 1.187500000001321 0
2172 1.749999999999051 1.187500000001423 0
2173 1.749999999998631 1.062500000001348 0
2174 1.812499999998349 1.000000000001209 0
2175 1.687499999999333 1.250000000001562 0
2176 1.687499999999123 1.187500000001525 0
2177 1.624999999999194 1.187500000001627 0
2178 1.687499999998912 1.125000000001487 0
2179 1.562499999999476 1.250000000001766 0
2180 1.562499999999265 1.187500000001728 0
2181 1.687499999998702 1.06250000000145 0
2182 1.687499999999543 1.3125000000016 0
2183 1.624999999999615 1.312500000001702 0
2184 1.562499999999896 1.375000000001841 0
2185 1.562499999999686 1.312500000001803 0
2186 1.562500000000107 1.437500000001878 0
2187 1.624999999998773 1.062500000001552 0
2188 1.687499999998491 1.000000000001412 0
2189 1.562499999999055 1.125000000001691 0
2190 1.562499999998844 1.062500000001654 0
2191 1.562499999998634 1.000000000001616 0
2192 1.562500000000317 1.500000000001916 0
2193 1.593750000000386 1.531250000001884 0
2194 1.531250000000457 1.531250000001986 0
2195 1.656250000000315 1.531250000001782 0
2196 1.625000000000456 1.562500000001852 0
2197 1.687500000000175 1.500000000001712 0
2198 1.718750000000244 1.53125000000168 0
2199 1.656250000000526 1.593750000001819 0
2200 1.593750000000597 1.593750000001921 0
2201 1.781250000000173 1.531250000001578 0
2202 1.750000000000314 1.562500000001648 0
2203 1.781250000000383 1.593750000001616 0
2204 1.718750000000455 1.593750000001718 0
2205 1.843750000000312 1.593750000001514 0
2206 1.812500000000453 1.625000000001583 0
2207 1.687500000000596 1.625000000001787 0
2208 1.812500000000032 1.500000000001509 0
2209 1.843750000000102 1.531250000001476 0
2210 1.906250000000031 1.531250000001374 0
2211 1.875000000000171 1.562500000001444 0
2212 1.93749999999989 1.500000000001305 0
2213 1.96874999999996 1.531250000001273 0
2214 1.906250000000241 1.593750000001412 0
2215 1.718750000000665 1.656250000001755 0
2216 1.656250000000736 1.656250000001857 0
2217 1.781250000000594 1.656250000001653 0
2218 1.750000000000735 1.687500000001723 0
2219 1.843750000000523 1.656250000001551 0
2220 1.781250000000804 1.71875000000169 0
2221 1.718750000000875 1.718750000001792 0
2222 1.968750000001433 1.968750000001535 0
2223 1.968750000001223 1.906250000001497 0
2224 2.000000000001292 1.937500000001465 0
2225 1.937500000001153 1.87500000000153 0
2226 1.968750000001012 1.84375000000146 0
2227 1.906250000001294 1.906250000001599 0
2228 1.906250000001083 1.843750000001562 0
2229 1.968750000000802 1.781250000001422 0
2230 2.000000000000871 1.81250000000139 0
2231 1.875000000001013 1.812500000001594 0
2232 1.906250000000873 1.781250000001524 0
2233 1.906250000000662 1.718750000001487 0
2234 1.937500000000732 1.750000000001455 0
2235 1.875000000000592 1.687500000001519 0
2236 1.906250000000452 1.656250000001449 0
2237 1.968750000000591 1.718750000001385 0
2238 1.843750000001154 1.843750000001664 0
2239 1.843750000000944 1.781250000001626 0
2240 1.812500000000874 1.750000000001658 0
2241 1.843750000000733 1.718750000001589 0
2242 1.781250000001015 1.781250000001728 0
2243 1.968750000000381 1.656250000001348 0
2244 2.00000000000045 1.687500000001315 0
2245 1.937500000000311 1.62500000000138 0
2246 1.96875000000017 1.59375000000131 0
2247 2.000000000000029 1.562500000001241 0
2248 1.625000000000035 1.437500000001777 0
2249 1.687499999999754 1.375000000001637 0
2250 1.687499999999964 1.437500000001675 0
2251 1.749999999999472 1.312500000001498 0
2252 1.749999999999893 1.437500000001573 0
2253 1.812499999999191 1.250000000001359 0
2254 1.812499999999401 1.312500000001396 0
2255 1.87499999999933 1.312500000001294 0
2256 1.812499999999611 1.375000000001434 0
2257 1.937499999999049 1.250000000001155 0
2258 1.937499999999259 1.312500000001192 0
2259 1.812499999999822 1.437500000001471 0
2260 1.874999999998909 1.187500000001219 0
2261 1.937499999998628 1.12500000000108 0
2262 1.937499999998838 1.187500000001117 0
2263 1.999999999998346 1.062500000000941 0
2264 1.999999999998767 1.187500000001015 0
2265 1.874999999999751 1.437500000001369 0
2266 1.937499999999469 1.37500000000123 0
2267 1.93749999999968 1.437500000001267 0
2268 1.999999999999188 1.31250000000109 0
2269 1.999999999999609 1.437500000001166 0
2270 1.531250000001327 2.031250000003015 0
2271 1.531250000001537 2.093750000002882 0
2272 1.500000000001414 2.062500000003054 0
2273 1.562500000001662 2.125000000002711 0
2274 1.531250000001748 2.15625000000275 0
2275 1.593750000001575 2.093750000002672 0
2276 1.593750000001786 2.156250000002539 0
2277 1.531250000001958 2.218750000002617 0
2278 1.500000000001835 2.187500000002788 0
2279 1.62500000000191 2.187500000002367 0
2280 1.593750000001996 2.218750000002406 0
2281 1.593750000002207 2.281250000002273 0
2282 1.562500000002083 2.250000000002445 0
2283 1.625000000002331 2.312500000002101 0
2284 1.593750000002417 2.343750000002141 0
2285 1.531250000002169 2.281250000002484 0
2286 1.656250000001823 2.156250000002328 0
2287 1.656250000002033 2.218750000002196 0
2288 1.687500000002157 2.250000000002024 0
2289 1.656250000002244 2.281250000002063 0
2290 1.718750000002071 2.218750000001985 0
2291 1.718750000002281 2.281250000001852 0
2292 1.656250000002454 2.34375000000193 0
2293 1.531250000002379 2.343750000002351 0
2294 1.500000000002256 2.312500000002523 0
2295 1.562500000002504 2.375000000002179 0
2296 1.53125000000259 2.406250000002218 0
2297 1.593750000002628 2.406250000002007 0
2298 1.5312500000028 2.468750000002085 0
2299 1.500000000002677 2.437500000002257 0
2300 2.06250000000137 2.000000000001292 0
2301 2.093750000001335 2.031250000001195 0
2302 2.031250000001468 2.031250000001405 0
2303 2.156250000001202 2.031250000000984 0
2304 2.1250000000013 2.062500000001096 0
2305 2.187500000001104 2.000000000000871 0
2306 2.218750000001069 2.031250000000774 0
2307 2.156250000001265 2.093750000000998 0
2308 2.093750000001398 2.093750000001209 0
2309 2.281250000000937 2.031250000000563 0
2310 2.250000000001034 2.062500000000675 0
2311 2.281250000000999 2.093750000000577 0
2312 2.218750000001132 2.093750000000788 0
2313 2.343750000000866 2.093750000000367 0
2314 2.312500000000964 2.12500000000048 0
2315 2.18750000000123 2.125000000000901 0
2316 2.312500000000839 2.00000000000045 0
2317 2.343750000000804 2.031250000000353 0
2318 2.406250000000671 2.031250000000142 0
2319 2.375000000000769 2.062500000000254 0
2320 2.437500000000573 2.000000000000029 0
2321 2.468750000000538 2.031249999999932 0
2322 2.406250000000734 2.093750000000156 0
2323 2.218750000001195 2.156250000000802 0
2324 2.156250000001327 2.156250000001013 0
2325 2.281250000001062 2.156250000000592 0
2326 2.25000000000116 2.187500000000704 0
2327 2.343750000000929 2.156250000000381 0
2328 2.281250000001124 2.218750000000607 0
2329 2.218750000001257 2.218750000000817 0
2330 2.468750000000977 2.468750000000033 0
2331 2.468750000000914 2.406250000000019 0
2332 2.500000000000879 2.437499999999921 0
2333 2.437500000000949 2.375000000000116 0
2334 2.468750000000851 2.343750000000004 0
2335 2.406250000001047 2.406250000000229 0
2336 2.406250000000984 2.343750000000214 0
2337 2.468750000000789 2.281249999999989 0
2338 2.500000000000754 2.312499999999892 0
2339 2.375000000001019 2.312500000000313 0
2340 2.406250000000921 2.2812500000002 0
2341 2.406250000000859 2.218750000000186 0
2342 2.437500000000824 2.250000000000087 0
2343 2.375000000000894 2.187500000000283 0
2344 2.406250000000796 2.156250000000171 0
2345 2.468750000000726 2.218749999999975 0
2346 2.343750000001117 2.343750000000425 0
2347 2.343750000001054 2.28125000000041 0
2348 2.312500000001089 2.250000000000508 0
2349 2.343750000000992 2.218750000000396 0
2350 2.281250000001187 2.281250000000621 0
2351 2.468750000000663 2.15624999999996 0
2352 2.500000000000628 2.187499999999862 0
2353 2.437500000000699 2.125000000000059 0
2354 2.468750000000601 2.093749999999946 0
2355 2.500000000000503 2.062499999999833 0
2356 2.937499999999572 2.062499999998361 0
2357 2.874999999999705 2.062499999998571 0
2358 2.937499999999509 1.999999999998346 0
2359 2.812499999999901 2.124999999998796 0
2360 2.812499999999838 2.062499999998781 0
2361 2.812499999999963 2.187499999998811 0
2362 2.750000000000096 2.187499999999021 0
2363 2.749999999999971 2.062499999998992 0
2364 2.812499999999775 1.999999999998767 0
2365 2.687500000000292 2.249999999999246 0
2366 2.687500000000229 2.187499999999232 0
2367 2.625000000000362 2.187499999999442 0
2368 2.687500000000167 2.124999999999217 0
2369 2.562500000000558 2.249999999999667 0
2370 2.562500000000495 2.187499999999652 0
2371 2.687500000000104 2.062499999999202 0
2372 2.687500000000355 2.31249999999926 0
2373 2.625000000000488 2.312499999999471 0
2374 2.562500000000683 2.374999999999695 0
2375 2.562500000000621 2.312499999999681 0
2376 2.562500000000746 2.43749999999971 0
2377 2.625000000000237 2.062499999999413 0
2378 2.687500000000041 1.999999999999188 0
2379 2.562500000000433 2.124999999999638 0
2380 2.56250000000037 2.062499999999623 0
2381 2.562500000000307 1.999999999999609 0
2382 2.562500000000809 2.499999999999725 0
2383 2.593750000000774 2.531249999999627 0
2384 2.531250000000907 2.531249999999837 0
2385 2.656250000000641 2.531249999999416 0
2386 2.625000000000739 2.562499999999529 0
2387 2.687500000000543 2.499999999999304 0
2388 2.718750000000508 2.531249999999206 0
2389 2.656250000000704 2.593749999999431 0
2390 2.593750000000837 2.593749999999641 0
2391 2.781250000000375 2.531249999998995 0
2392 2.750000000000473 2.562499999999108 0
2393 2.781250000000438 2.59374999999901 0
2394 2.718750000000571 2.593749999999221 0
2395 2.843750000000305 2.5937499999988 0
2396 2.812500000000403 2.624999999998912 0
2397 2.687500000000669 2.624999999999333 0
2398 2.812500000000277 2.499999999998884 0
2399 2.843750000000242 2.531249999998785 0
2400 2.906250000000109 2.531249999998575 0
2401 2.875000000000207 2.562499999998687 0
2402 2.937500000000011 2.499999999998463 0
2403 2.968749999999976 2.531249999998364 0
2404 2.906250000000172 2.59374999999859 0
2405 2.718750000000634 2.656249999999235 0
2406 2.656250000000767 2.656249999999446 0
2407 2.781250000000501 2.656249999999025 0
2408 2.750000000000599 2.687499999999138 0
2409 2.843750000000368 2.656249999998814 0
2410 2.781250000000564 2.718749999999039 0
2411 2.718750000000697 2.718749999999249 0
2412 2.968750000000416 2.968749999998466 0
2413 2.968750000000353 2.906249999998451 0
2414 3.000000000000318 2.937499999998353 0
2415 2.937500000000388 2.87499999999855 0
2416 2.96875000000029 2.843749999998437 0
2417 2.906250000000486 2.906249999998662 0
2418 2.906250000000424 2.843749999998647 0
2419 2.968750000000227 2.781249999998423 0
2420 3.000000000000193 2.812499999998324 0
2421 2.875000000000458 2.812499999998745 0
2422 2.906250000000361 2.781249999998633 0
2423 2.906250000000298 2.718749999998618 0
2424 2.937500000000263 2.74999999999852 0
2425 2.875000000000333 2.687499999998717 0
2426 2.906250000000235 2.656249999998604 0
2427 2.968750000000165 2.718749999998408 0
2428 2.843750000000556 2.843749999998858 0
2429 2.843750000000494 2.781249999998844 0
2430 2.812500000000529 2.749999999998941 0
2431 2.843750000000431 2.718749999998829 0
2432 2.781250000000627 2.781249999999054 0
2433 2.968750000000102 2.656249999998393 0
2434 3.000000000000067 2.687499999998296 0
2435 2.937500000000137 2.624999999998491 0
2436 2.968750000000039 2.593749999998379 0
2437 2.99999999999994 2.562499999998266 0
2438 2.625000000000613 2.4374999999995 0
2439 2.687500000000417 2.374999999999275 0
2440 2.68750000000048 2.437499999999289 0
2441 2.750000000000222 2.31249999999905 0
2442 2.750000000000347 2.437499999999079 0
2443 2.812500000000026 2.249999999998825 0
2444 2.812500000000089 2.31249999999884 0
2445 2.874999999999956 2.312499999998629 0
2446 2.812500000000151 2.374999999998854 0
2447 2.93749999999976 2.249999999998404 0
2448 2.937499999999823 2.312499999998419 0
2449 2.812500000000214 2.437499999998868 0
2450 2.87499999999983 2.1874999999986 0
2451 2.937499999999635 2.124999999998376 0
2452 2.937499999999697 2.18749999999839 0
2453 2.999999999999439 2.06249999999815 0
2454 2.999999999999564 2.187499999998179 0
2455 2.875000000000081 2.437499999998658 0
2456 2.937499999999885 2.374999999998433 0
2457 2.937499999999948 2.437499999998448 0
2458 2.99999999999969 2.312499999998209 0
2459 2.999999999999815 2.437499999998237 0
2460 2.031250000003152 2.531250000000342 0
2461 2.031250000003362 2.593750000000209 0
2462 2.000000000003397 2.562500000000307 0
2463 2.062500000003327 2.625000000000111 0
2464 2.031250000003573 2.656250000000076 0
2465 2.093750000003082 2.593750000000146 0
2466 2.093750000003292 2.656250000000012 0
2467 2.031250000003783 2.718749999999943 0
2468 2.000000000003818 2.687500000000041 0
2469 2.125000000003258 2.687499999999915 0
2470 2.093750000003503 2.71874999999988 0
2471 2.093750000003713 2.781249999999747 0
2472 2.062500000003748 2.749999999999845 0
2473 2.125000000003679 2.812499999999648 0
2474 2.093750000003924 2.843749999999614 0
2475 2.031250000003994 2.78124999999981 0
2476 2.156250000003012 2.656249999999949 0
2477 2.156250000003223 2.718749999999816 0
2478 2.187500000003188 2.749999999999718 0
2479 2.156250000003433 2.781249999999683 0
2480 2.218750000002942 2.718749999999753 0
2481 2.218750000003153 2.78124999999962 0
2482 2.156250000003644 2.843749999999551 0
2483 2.031250000004205 2.843749999999677 0
2484 2.000000000004239 2.812499999999775 0
2485 2.06250000000417 2.874999999999579 0
2486 2.031250000004415 2.906249999999544 0
2487 2.093750000004135 2.90624999999948 0
2488 2.031250000004626 2.968749999999411 0
2489 2.00000000000466 2.937499999999509 0
2490 2.531250000002517 3.031249999998892 0
2491 2.53125000000258 3.093749999998994 0
2492 2.500000000002689 3.062499999998974 0
2493 2.562500000002471 3.124999999999013 0
2494 2.531250000002643 3.156249999999095 0
2495 2.593750000002299 3.093749999998931 0
2496 2.593750000002362 3.156249999999033 0
2497 2.531250000002706 3.218749999999197 0
2498 2.500000000002815 3.187499999999178 0
2499 2.625000000002253 3.187499999999052 0
2500 2.593750000002425 3.218749999999134 0
2501 2.593750000002488 3.281249999999236 0
2502 2.562500000002597 3.249999999999217 0
2503 2.625000000002379 3.312499999999256 0
2504 2.593750000002551 3.343749999999338 0
2505 2.531250000002769 3.281249999999299 0
2506 2.656250000002081 3.15624999999897 0
2507 2.656250000002145 3.218749999999072 0
2508 2.687500000002036 3.249999999999091 0
2509 2.656250000002208 3.281249999999173 0
2510 2.718750000001864 3.218749999999009 0
2511 2.718750000001927 3.28124999999911 0
2512 2.65625000000227 3.343749999999275 0
2513 2.531250000002832 3.343749999999401 0
2514 2.500000000002941 3.312499999999382 0
2515 2.562500000002723 3.374999999999421 0
2516 2.531250000002895 3.406249999999504 0
2517 2.593750000002614 3.40624999999944 0
2518 2.531250000002957 3.468749999999606 0
2519 2.500000000003066 3.437499999999586 0
2520 3.031250000000873 3.531249999999235 0
2521 3.031250000000936 3.593749999999337 0
2522 3.000000000000948 3.562499999999286 0
2523 3.062500000000924 3.624999999999388 0
2524 3.031250000000999 3.656249999999439 0
2525 3.093750000000849 3.593749999999337 0
2526 3.093750000000912 3.656249999999439 0
2527 3.031250000001061 3.718749999999541 0
2528 3.000000000001074 3.68749999999949 0
2529 3.1250000000009 3.68749999999949 0
2530 3.093750000000975 3.718749999999541 0
2531 3.093750000001037 3.781249999999643 0
2532 3.06250000000105 3.749999999999592 0
2533 3.125000000001026 3.812499999999694 0
2534 3.0937500000011 3.843749999999745 0
2535 3.031250000001124 3.781249999999643 0
2536 3.156250000000825 3.656249999999439 0
2537 3.156250000000888 3.718749999999541 0
2538 3.187500000000876 3.749999999999592 0
2539 3.156250000000951 3.781249999999643 0
2540 3.218750000000801 3.718749999999541 0
2541 3.218750000000864 3.781249999999643 0
2542 3.156250000001013 3.843749999999745 0
2543 3.031250000001187 3.843749999999745 0
2544 3.000000000001199 3.812499999999694 0
2545 3.062500000001175 3.874999999999796 0
2546 3.03125000000125 3.906249999999847 0
2547 3.093750000001164 3.906249999999847 0
2548 3.031250000001313 3.968749999999949 0
2549 3.000000000001325 3.937499999999898 0
2550 3.062500000000357 2.999999999998305 0
2551 3.093750000000346 3.031249999998356 0
2552 3.031250000000369 3.031249999998419 0
2553 3.156250000000322 3.031249999998293 0
2554 3.125000000000334 3.062499999998407 0
2555 3.18750000000031 2.99999999999818 0
2556 3.218750000000298 3.031249999998231 0
2557 3.156250000000322 3.093749999998458 0
2558 3.093750000000346 3.093749999998521 0
2559 3.281250000000274 3.031249999998168 0
2560 3.250000000000286 3.062499999998282 0
2561 3.281250000000274 3.093749999998333 0
2562 3.218750000000298 3.093749999998396 0
2563 3.34375000000025 3.09374999999827 0
2564 3.312500000000262 3.124999999998384 0
2565 3.18750000000031 3.124999999998509 0
2566 3.312500000000262 2.999999999998054 0
2567 3.34375000000025 3.031249999998106 0
2568 3.406250000000226 3.031249999998043 0
2569 3.375000000000238 3.062499999998157 0
2570 3.437500000000215 2.999999999997929 0
2571 3.468750000000203 3.03124999999798 0
2572 3.406250000000226 3.093749999998208 0
2573 3.218750000000298 3.15624999999856 0
2574 3.156250000000322 3.156249999998623 0
2575 3.281250000000274 3.156249999998498 0
2576 3.250000000000286 3.187499999998611 0
2577 3.34375000000025 3.156249999998435 0
2578 3.281250000000274 3.218749999998662 0
2579 3.218750000000298 3.218749999998725 0
2580 3.468750000000203 3.468749999999133 0
2581 3.468750000000203 3.406249999998969 0
2582 3.500000000000191 3.437499999999019 0
2583 3.437500000000215 3.374999999998918 0
2584 3.468750000000203 3.343749999998804 0
2585 3.406250000000226 3.406249999999031 0
2586 3.406250000000226 3.343749999998867 0
2587 3.468750000000203 3.281249999998639 0
2588 3.500000000000191 3.31249999999869 0
2589 3.375000000000238 3.312499999998816 0
2590 3.406250000000226 3.281249999998702 0
2591 3.406250000000226 3.218749999998537 0
2592 3.437500000000215 3.249999999998588 0
2593 3.375000000000238 3.187499999998486 0
2594 3.406250000000226 3.156249999998372 0
2595 3.468750000000203 3.218749999998474 0
2596 3.34375000000025 3.343749999998929 0
2597 3.34375000000025 3.281249999998765 0
2598 3.312500000000262 3.249999999998713 0
2599 3.34375000000025 3.2187499999986 0
2600 3.281250000000274 3.281249999998827 0
2601 3.468750000000203 3.15624999999831 0
2602 3.500000000000191 3.18749999999836 0
2603 3.437500000000215 3.124999999998259 0
2604 3.468750000000203 3.093749999998145 0
2605 3.500000000000191 3.062499999998031 0
2606 3.937500000000024 3.06249999999759 0
2607 3.875000000000048 3.062499999997653 0
2608 3.937500000000024 2.999999999997426 0
2609 3.812500000000072 3.124999999997881 0
2610 3.812500000000072 3.062499999997716 0
2611 3.812500000000072 3.187499999998046 0
2612 3.750000000000095 3.187499999998109 0
2613 3.750000000000095 3.062499999997779 0
2614 3.812500000000072 2.999999999997551 0
2615 3.687500000000119 3.249999999998336 0
2616 3.687500000000119 3.187499999998172 0
2617 3.625000000000143 3.187499999998235 0
2618 3.687500000000119 3.124999999998007 0
2619 3.562500000000167 3.249999999998463 0
2620 3.562500000000167 3.187499999998297 0
2621 3.687500000000119 3.062499999997842 0
2622 3.687500000000119 3.312499999998501 0
2623 3.625000000000143 3.312499999998564 0
2624 3.562500000000167 3.374999999998792 0
2625 3.562500000000167 3.312499999998627 0
2626 3.562500000000167 3.437499999998956 0
2627 3.625000000000143 3.062499999997905 0
2628 3.687500000000119 2.999999999997677 0
2629 3.562500000000167 3.124999999998133 0
2630 3.562500000000167 3.062499999997968 0
2631 3.562500000000167 2.999999999997804 0
2632 3.562500000000167 3.499999999999122 0
2633 3.593750000000155 3.531249999999172 0
2634 3.531250000000179 3.531249999999235 0
2635 3.656250000000131 3.531249999999109 0
2636 3.625000000000143 3.562499999999223 0
2637 3.687500000000119 3.499999999998995 0
2638 3.718750000000107 3.531249999999046 0
2639 3.656250000000131 3.593749999999274 0
2640 3.593750000000155 3.593749999999337 0
2641 3.781250000000083 3.531249999998983 0
2642 3.750000000000095 3.562499999999098 0
2643 3.781250000000083 3.593749999999148 0
2644 3.718750000000107 3.593749999999211 0
2645 3.84375000000006 3.593749999999086 0
2646 3.812500000000071 3.6249999999992 0
2647 3.687500000000119 3.624999999999325 0
2648 3.812500000000072 3.499999999998869 0
2649 3.84375000000006 3.531249999998921 0
2650 3.906250000000036 3.531249999998858 0
2651 3.875000000000048 3.562499999998971 0
2652 3.937500000000024 3.499999999998744 0
2653 3.968750000000012 3.531249999998795 0
2654 3.906250000000036 3.593749999999023 0
2655 3.718750000000107 3.656249999999376 0
2656 3.656250000000131 3.656249999999439 0
2657 3.781250000000083 3.656249999999313 0
2658 3.750000000000095 3.687499999999427 0
2659 3.84375000000006 3.65624999999925 0
2660 3.781250000000083 3.718749999999478 0
2661 3.718750000000107 3.718749999999541 0
2662 3.968750000000012 3.968749999999949 0
2663 3.968750000000012 3.906249999999784 0
2664 4 3.937499999999835 0
2665 3.937500000000024 3.874999999999733 0
2666 3.968750000000012 3.843749999999619 0
2667 3.906250000000036 3.906249999999847 0
2668 3.906250000000036 3.843749999999682 0
2669 3.968750000000012 3.781249999999455 0
2670 4 3.812499999999505 0
2671 3.875000000000048 3.812499999999631 0
2672 3.906250000000036 3.781249999999517 0
2673 3.906250000000036 3.718749999999353 0
2674 3.937500000000024 3.749999999999404 0
2675 3.875000000000048 3.687499999999301 0
2676 3.906250000000036 3.656249999999188 0
2677 3.968750000000012 3.718749999999289 0
2678 3.84375000000006 3.843749999999745 0
2679 3.84375000000006 3.78124999999958 0
2680 3.812500000000071 3.749999999999529 0
2681 3.84375000000006 3.718749999999415 0
2682 3.781250000000083 3.781249999999643 0
2683 3.968750000000012 3.656249999999125 0
2684 4 3.687499999999176 0
2685 3.937500000000024 3.624999999999074 0
2686 3.968750000000012 3.59374999999896 0
2687 4 3.562499999998846 0
2688 3.625000000000143 3.437499999998894 0
2689 3.687500000000119 3.374999999998666 0
2690 3.687500000000119 3.437499999998831 0
2691 3.750000000000095 3.312499999998438 0
2692 3.750000000000095 3.437499999998768 0
2693 3.812500000000072 3.24999999999821 0
2694 3.812500000000072 3.312499999998376 0
2695 3.875000000000048 3.312499999998312 0
2696 3.812500000000072 3.37499999999854 0
2697 3.937500000000024 3.249999999998085 0
2698 3.937500000000024 3.312499999998249 0
2699 3.812500000000072 3.437499999998705 0
2700 3.875000000000048 3.187499999997983 0
2701 3.937500000000024 3.124999999997756 0
2702 3.937500000000024 3.18749999999792 0
2703 4 3.062499999997528 0
2704 4 3.187499999997857 0
2705 3.875000000000048 3.437499999998642 0
2706 3.937500000000024 3.374999999998415 0
2707 3.937500000000024 3.437499999998579 0
2708 4 3.312499999998187 0
2709 4 3.437499999998516 0
2710 0.2187499999998411 0.6875000000025051 0
2711 0.2499999999998184 0.7187500000025842 0
2712 0.1874999999998638 0.6562500000024258 0
2713 0.2187499999998411 0.656250000002375 0
2714 0.1562499999998865 0.6250000000023468 0
2715 0.2187499999998411 0.6250000000022449 0
2716 0.2499999999998184 0.6562500000023241 0
2717 0.1249999999999092 0.5937500000022675 0
2718 0.1562499999998865 0.5937500000022167 0
2719 0.1562499999998865 0.5625000000020866 0
2720 0.1874999999998638 0.5937500000021658 0
2721 0.1249999999999092 0.5312500000020075 0
2722 0.1562499999998865 0.5312500000019565 0
2723 0.2187499999998411 0.5937500000021149 0
2724 0.0937499999999319 0.5625000000021885 0
2725 0.0624999999999546 0.5312500000021092 0
2726 0.0937499999999319 0.5312500000020584 0
2727 0.0312499999999773 0.5000000000020302 0
2728 0.0937499999999319 0.5000000000019282 0
2729 0.2187499999998411 0.5625000000019849 0
2730 0.2499999999998184 0.5937500000020639 0
2731 0.1874999999998638 0.5312500000019056 0
2732 0.2187499999998411 0.5312500000018547 0
2733 0.1562499999998865 0.5000000000018265 0
2734 0.2187499999998411 0.5000000000017246 0
2735 0.2499999999998184 0.5312500000018039 0
2736 0.2812499999997957 0.6875000000024032 0
2737 0.2812499999997957 0.7187500000025333 0
2738 0.2812499999997957 0.6562500000022732 0
2739 0.312499999999773 0.6562500000022222 0
2740 0.2812499999997957 0.6250000000021432 0
2741 0.3437499999997503 0.6250000000020413 0
2742 0.3437499999997503 0.6562500000021714 0
2743 0.2812499999997957 0.5937500000020131 0
2744 0.312499999999773 0.5937500000019622 0
2745 0.3437499999997503 0.5625000000017812 0
2746 0.3437499999997503 0.5937500000019112 0
2747 0.3437499999997503 0.5312500000016511 0
2748 0.3749999999997276 0.5312500000016003 0
2749 0.3749999999997276 0.5937500000018603 0
2750 0.2812499999997957 0.5625000000018829 0
2751 0.2812499999997957 0.5312500000017529 0
2752 0.312499999999773 0.531250000001702 0
2753 0.2812499999997957 0.5000000000016229 0
2754 0.3437499999997503 0.500000000001521 0
2755 0.4062499999997048 0.5625000000016793 0
2756 0.4062499999997048 0.5937500000018094 0
2757 0.4062499999997048 0.5312500000015493 0
2758 0.4374999999996821 0.5312500000014984 0
2759 0.4062499999997048 0.5000000000014193 0
2760 0.4687499999996594 0.5000000000013174 0
2761 0.4687499999996594 0.5312500000014475 0
2762 0.0312499999999773 0.4687500000019 0
2763 0.0624999999999546 0.4687500000018491 0
2764 0.0937499999999319 0.4375000000016682 0
2765 0.0937499999999319 0.4687500000017982 0
2766 0.0937499999999319 0.4062500000015381 0
2767 0.1249999999999092 0.4062500000014872 0
2768 0.1249999999999092 0.4687500000017473 0
2769 0.1562499999998865 0.3750000000013062 0
2770 0.1562499999998865 0.4062500000014363 0
2771 0.1874999999998638 0.4062500000013854 0
2772 0.1562499999998865 0.4375000000015664 0
2773 0.2187499999998411 0.3750000000012044 0
2774 0.2187499999998411 0.4062500000013345 0
2775 0.1562499999998865 0.4687500000016964 0
2776 0.1562499999998865 0.3437500000011762 0
2777 0.1874999999998638 0.3437500000011253 0
2778 0.2187499999998411 0.3125000000009443 0
2779 0.2187499999998411 0.3437500000010744 0
2780 0.2187499999998411 0.2812500000008142 0
2781 0.2499999999998184 0.2812500000007634 0
2782 0.2499999999998184 0.3437500000010235 0
2783 0.1874999999998638 0.4687500000016455 0
2784 0.2187499999998411 0.4375000000014646 0
2785 0.2187499999998411 0.4687500000015946 0
2786 0.2499999999998184 0.4062500000012836 0
2787 0.2499999999998184 0.4687500000015437 0
2788 0.4374999999996821 0.4687500000012383 0
2789 0.4687499999996594 0.4687500000011874 0
2790 0.4062499999997048 0.4687500000012892 0
2791 0.4062499999997048 0.4375000000011591 0
2792 0.3749999999997276 0.4687500000013401 0
2793 0.3749999999997276 0.40625000000108 0
2794 0.4062499999997048 0.4062500000010291 0
2795 0.3437499999997503 0.468750000001391 0
2796 0.3437499999997503 0.4375000000012609 0
2797 0.312499999999773 0.4062500000011818 0
2798 0.3437499999997503 0.4062500000011309 0
2799 0.2812499999997957 0.4062500000012327 0
2800 0.2812499999997957 0.3750000000011026 0
2801 0.3437499999997503 0.3750000000010008 0
2802 0.312499999999773 0.4687500000014419 0
2803 0.2812499999997957 0.4687500000014928 0
2804 0.2812499999997957 0.4375000000013627 0
2805 0.312499999999773 0.3437500000009217 0
2806 0.3437499999997503 0.3437500000008707 0
2807 0.2812499999997957 0.3437500000009726 0
2808 0.2812499999997957 0.3125000000008425 0
2809 0.2812499999997957 0.2812500000007124 0
2810 0.0312499999999773 0.4062500000016399 0
2811 0.0312499999999773 0.3437500000013798 0
2812 0.0624999999999546 0.3750000000014589 0
2813 0.0312499999999773 0.2812500000011197 0
2814 0.0937499999999319 0.343750000001278 0
2815 0.0312499999999773 0.2187500000008595 0
2816 0.0624999999999546 0.2500000000009387 0
2817 0.0937499999999319 0.2187500000007577 0
2818 0.0937499999999319 0.2812500000010179 0
2819 0.0937499999999319 0.1562500000004976 0
2820 0.1249999999999092 0.1875000000005768 0
2821 0.1249999999999092 0.312500000001097 0
2822 0.0312499999999773 0.1562500000005994 0
2823 0.0312499999999773 0.09375000000033928 0
2824 0.0624999999999546 0.1250000000004184 0
2825 0.0312499999999773 0.03125000000007917 0
2826 0.0937499999999319 0.0937500000002375 0
2827 0.1562499999998865 0.281250000000916 0
2828 0.1562499999998865 0.2187500000006559 0
2829 0.1874999999998638 0.2500000000007351 0
2830 0.1562499999998865 0.1562500000003959 0
2831 0.2187499999998411 0.2187500000005542 0
2832 0.2812499999997957 0.7812500000027935 0
2833 0.2812499999997957 0.8125000000029237 0
2834 0.2499999999998184 0.7812500000028444 0
2835 0.312499999999773 0.8437500000030027 0
2836 0.2812499999997957 0.8437500000030537 0
2837 0.3437499999997503 0.8437500000029519 0
2838 0.3437499999997503 0.875000000003082 0
2839 0.2812499999997957 0.8750000000031837 0
2840 0.2499999999998184 0.8437500000031046 0
2841 0.3749999999997276 0.9062500000031612 0
2842 0.3437499999997503 0.9062500000032121 0
2843 0.3437499999997503 0.9375000000033422 0
2844 0.312499999999773 0.9062500000032629 0
2845 0.3749999999997276 0.9687500000034213 0
2846 0.3437499999997503 0.9687500000034722 0
2847 0.2812499999997957 0.9062500000033138 0
2848 0.4062499999997048 0.9062500000031104 0
2849 0.4062499999997048 0.9375000000032404 0
2850 0.4374999999996821 0.9687500000033196 0
2851 0.4062499999997048 0.9687500000033704 0
2852 0.4687499999996594 0.9687500000032687 0
2853 0.4687499999996594 1.000000000003399 0
2854 0.4062499999997048 1.000000000003501 0
2855 0.2812499999997957 0.9375000000034439 0
2856 0.2499999999998184 0.9062500000033646 0
2857 0.312499999999773 0.9687500000035231 0
2858 0.2812499999997957 0.9687500000035739 0
2859 0.3437499999997503 1.000000000003602 0
2860 0.2812499999997957 1.000000000003704 0
2861 0.2499999999998184 0.9687500000036249 0
2862 0.2187499999998411 0.8125000000030254 0
2863 0.2187499999998411 0.8437500000031555 0
2864 0.1874999999998638 0.8437500000032063 0
2865 0.2187499999998411 0.8750000000032856 0
2866 0.1562499999998865 0.8750000000033873 0
2867 0.2187499999998411 0.9062500000034157 0
2868 0.1874999999998638 0.9062500000034666 0
2869 0.1562499999998865 0.9375000000036475 0
2870 0.1562499999998865 0.9062500000035174 0
2871 0.1562499999998865 0.9687500000037776 0
2872 0.1249999999999092 0.9687500000038285 0
2873 0.1249999999999092 0.9062500000035683 0
2874 0.2187499999998411 0.9375000000035457 0
2875 0.2187499999998411 0.9687500000036758 0
2876 0.1874999999998638 0.9687500000037268 0
2877 0.2187499999998411 1.000000000003806 0
2878 0.1562499999998865 1.000000000003908 0
2879 0.0937499999999319 0.9375000000037492 0
2880 0.0937499999999319 0.9687500000038793 0
2881 0.0624999999999546 0.9687500000039302 0
2882 0.0937499999999319 1.000000000004009 0
2883 0.0312499999999773 1.000000000004111 0
2884 0.4687499999997103 1.031250000003472 0
2885 0.437499999999733 1.031250000003523 0
2886 0.4062499999998067 1.062500000003647 0
2887 0.4062499999997558 1.031250000003574 0
2888 0.4062499999998576 1.09375000000372 0
2889 0.3749999999998803 1.093750000003771 0
2890 0.3749999999997785 1.031250000003624 0
2891 0.343749999999954 1.125000000003894 0
2892 0.3437499999999031 1.093750000003821 0
2893 0.3124999999999257 1.093750000003872 0
2894 0.3437499999998521 1.062500000003748 0
2895 0.2812499999999994 1.125000000003996 0
2896 0.2812499999999485 1.093750000003923 0
2897 0.3437499999998012 1.031250000003675 0
2898 0.3437500000000049 1.156250000003967 0
2899 0.3125000000000276 1.156250000004018 0
2900 0.2812500000001013 1.187500000004142 0
2901 0.2812500000000503 1.156250000004069 0
2902 0.2812500000001522 1.218750000004215 0
2903 0.2500000000001749 1.218750000004266 0
2904 0.2500000000000731 1.15625000000412 0
2905 0.3124999999998239 1.031250000003726 0
2906 0.2812499999998975 1.06250000000385 0
2907 0.2812499999998466 1.031250000003777 0
2908 0.2499999999999712 1.093750000003974 0
2909 0.2499999999998693 1.031250000003828 0
2910 0.06250000000000552 1.031250000004133 0
2911 0.03125000000002823 1.031250000004184 0
2912 0.09374999999998282 1.031250000004083 0
2913 0.09375000000003375 1.062500000004155 0
2914 0.1249999999999601 1.031250000004031 0
2915 0.125000000000062 1.093750000004178 0
2916 0.09375000000008468 1.093750000004228 0
2917 0.1562499999999374 1.031250000003981 0
2918 0.1562499999999883 1.062500000004054 0
2919 0.1875000000000166 1.093750000004076 0
2920 0.1562500000000393 1.093750000004126 0
2921 0.2187499999999939 1.093750000004025 0
2922 0.2187500000000448 1.125000000004098 0
2923 0.1562500000000902 1.1250000000042 0
2924 0.1874999999999147 1.03125000000393 0
2925 0.218749999999892 1.031250000003879 0
2926 0.2187499999999429 1.062500000003952 0
2927 0.1875000000001184 1.156250000004222 0
2928 0.1562500000001411 1.156250000004273 0
2929 0.2187500000000957 1.156250000004171 0
2930 0.2187500000001467 1.187500000004244 0
2931 0.2187500000001976 1.218750000004317 0
2932 0.4687499999998122 1.093750000003618 0
2933 0.468749999999914 1.156250000003764 0
2934 0.4374999999998858 1.125000000003742 0
2935 0.4687500000000159 1.21875000000391 0
2936 0.4062499999999595 1.156250000003866 0
2937 0.4687500000001177 1.281250000004056 0
2938 0.4375000000000895 1.250000000004034 0
2939 0.4062500000001632 1.281250000004158 0
2940 0.4062500000000613 1.218750000004012 0
2941 0.406250000000265 1.343750000004304 0
2942 0.3750000000002368 1.312500000004282 0
2943 0.3750000000000331 1.18750000000399 0
2944 0.4687500000002196 1.343750000004202 0
2945 0.4687500000003215 1.406250000004349 0
2946 0.4375000000002933 1.375000000004326 0
2947 0.4687500000004233 1.468750000004495 0
2948 0.4062500000003669 1.40625000000445 0
2949 0.3437500000001068 1.218750000004114 0
2950 0.3437500000002086 1.28125000000426 0
2951 0.3125000000001804 1.250000000004237 0
2952 0.3437500000003104 1.343750000004406 0
2953 0.281250000000254 1.281250000004361 0
2954 0.312499999999773 0.7187500000024825 0
2955 0.2812499999997957 0.7500000000026634 0
2956 0.3437499999997503 0.6875000000023015 0
2957 0.3437499999997503 0.7187500000024315 0
2958 0.3749999999997276 0.6562500000021205 0
2959 0.3749999999997276 0.7187500000023805 0
2960 0.3437499999997503 0.7500000000025615 0
2961 0.4062499999997048 0.6250000000019396 0
2962 0.4062499999997048 0.6562500000020696 0
2963 0.4374999999996821 0.6562500000020186 0
2964 0.4062499999997048 0.6875000000021996 0
2965 0.4687499999996594 0.6250000000018376 0
2966 0.4687499999996594 0.6562500000019678 0
2967 0.4062499999997048 0.7187500000023297 0
2968 0.4374999999996821 0.5937500000017586 0
2969 0.4687499999996594 0.5625000000015776 0
2970 0.4687499999996594 0.5937500000017076 0
2971 0.4999999999996367 0.5312500000013967 0
2972 0.4999999999996367 0.5937500000016567 0
2973 0.4374999999996821 0.7187500000022788 0
2974 0.4062499999997048 0.7500000000024598 0
2975 0.4687499999996594 0.6875000000020979 0
2976 0.4687499999996594 0.7187500000022279 0
2977 0.4999999999996367 0.6562500000019169 0
2978 0.4999999999996367 0.7187500000021769 0
2979 0.4687499999996594 0.7500000000023579 0
2980 0.312499999999773 0.7812500000027426 0
2981 0.3437499999997503 0.7812500000026916 0
2982 0.3437499999997503 0.8125000000028217 0
2983 0.3749999999997276 0.7812500000026408 0
2984 0.3749999999997276 0.843750000002901 0
2985 0.4062499999997048 0.7812500000025899 0
2986 0.4062499999997048 0.81250000000272 0
2987 0.4374999999996821 0.8437500000027992 0
2988 0.4062499999997048 0.8437500000028502 0
2989 0.4687499999996594 0.8437500000027482 0
2990 0.4687499999996594 0.8750000000028784 0
2991 0.4062499999997048 0.8750000000029803 0
2992 0.4374999999996821 0.781250000002539 0
2993 0.4687499999996594 0.781250000002488 0
2994 0.4687499999996594 0.8125000000026181 0
2995 0.4999999999996367 0.7812500000024372 0
2996 0.4999999999996367 0.8437500000026974 0
2997 0.4374999999996821 0.9062500000030594 0
2998 0.4687499999996594 0.9062500000030085 0
2999 0.4687499999996594 0.9375000000031386 0
3000 0.4999999999996367 0.9062500000029576 0
3001 0.4999999999996367 0.9687500000032179 0
3002 0.7187499999994778 0.7812500000020808 0
3003 0.6874999999995005 0.7812500000021317 0
3004 0.7187499999994778 0.7500000000019507 0
3005 0.6562499999995233 0.8125000000023128 0
3006 0.6562499999995233 0.7812500000021827 0
3007 0.6562499999995233 0.8437500000024429 0
3008 0.6249999999995459 0.8437500000024938 0
3009 0.6249999999995459 0.7812500000022335 0
3010 0.6562499999995233 0.7500000000020526 0
3011 0.5937499999995686 0.8750000000026747 0
3012 0.5937499999995686 0.8437500000025446 0
3013 0.5624999999995913 0.8437500000025956 0
3014 0.5937499999995686 0.8125000000024145 0
3015 0.531249999999614 0.8750000000027767 0
3016 0.531249999999614 0.8437500000026465 0
3017 0.5937499999995686 0.7812500000022844 0
3018 0.5937499999995686 0.9062500000028049 0
3019 0.5624999999995913 0.9062500000028558 0
3020 0.531249999999614 0.9375000000030369 0
3021 0.531249999999614 0.9062500000029068 0
3022 0.531249999999614 0.968750000003167 0
3023 0.5624999999995913 0.7812500000023354 0
3024 0.5937499999995686 0.7500000000021543 0
3025 0.531249999999614 0.8125000000025164 0
3026 0.531249999999614 0.7812500000023863 0
3027 0.531249999999614 0.7500000000022562 0
3028 0.6874999999995005 0.7187500000018716 0
3029 0.6562499999995233 0.7187500000019225 0
3030 0.6562499999995233 0.6875000000017923 0
3031 0.6249999999995459 0.7187500000019733 0
3032 0.6249999999995459 0.6562500000017133 0
3033 0.5937499999995686 0.7187500000020243 0
3034 0.5937499999995686 0.6875000000018943 0
3035 0.5624999999995913 0.656250000001815 0
3036 0.5937499999995686 0.6562500000017641 0
3037 0.531249999999614 0.656250000001866 0
3038 0.531249999999614 0.6250000000017359 0
3039 0.5937499999995686 0.625000000001634 0
3040 0.5624999999995913 0.7187500000020752 0
3041 0.531249999999614 0.7187500000021261 0
3042 0.531249999999614 0.687500000001996 0
3043 0.5624999999995913 0.593750000001555 0
3044 0.531249999999614 0.5937500000016058 0
3045 0.531249999999614 0.5625000000014757 0
3046 0.7812499999994325 0.812500000002109 0
3047 0.7499999999994551 0.7812500000020298 0
3048 0.8124999999994097 0.8437500000021881 0
3049 0.7812499999994325 0.843750000002239 0
3050 0.8437499999993869 0.8750000000022673 0
3051 0.7812499999994325 0.875000000002369 0
3052 0.7499999999994551 0.8437500000022899 0
3053 0.8749999999993643 0.9062500000023465 0
3054 0.8437499999993869 0.9062500000023973 0
3055 0.8437499999993869 0.9375000000025273 0
3056 0.8124999999994097 0.9062500000024482 0
3057 0.8749999999993643 0.9687500000026065 0
3058 0.8437499999993869 0.9687500000026573 0
3059 0.7812499999994325 0.9062500000024991 0
3060 0.9062499999993416 0.9375000000024256 0
3061 0.9374999999993189 0.9687500000025048 0
3062 0.9062499999993416 0.9687500000025556 0
3063 0.9687499999992961 1.000000000002584 0
3064 0.9062499999993416 1.000000000002686 0
3065 0.7812499999994325 0.9375000000026291 0
3066 0.7499999999994551 0.90625000000255 0
3067 0.8124999999994097 0.9687500000027082 0
3068 0.7812499999994325 0.9687500000027591 0
3069 0.8437499999993869 1.000000000002787 0
3070 0.7812499999994325 1.000000000002889 0
3071 0.7499999999994551 0.9687500000028101 0
3072 0.7187499999994778 0.8125000000022109 0
3073 0.7187499999994778 0.8437500000023409 0
3074 0.6874999999995005 0.8437500000023919 0
3075 0.7187499999994778 0.8750000000024709 0
3076 0.6562499999995233 0.8750000000025729 0
3077 0.7187499999994778 0.906250000002601 0
3078 0.6874999999995005 0.906250000002652 0
3079 0.6562499999995233 0.9375000000028331 0
3080 0.6562499999995233 0.9062500000027029 0
3081 0.6562499999995233 0.9687500000029631 0
3082 0.6249999999995459 0.968750000003014 0
3083 0.6249999999995459 0.906250000002754 0
3084 0.7187499999994778 0.937500000002731 0
3085 0.7187499999994778 0.968750000002861 0
3086 0.6874999999995005 0.968750000002912 0
3087 0.7187499999994778 1.000000000002991 0
3088 0.6562499999995233 1.000000000003093 0
3089 0.5937499999995686 0.937500000002935 0
3090 0.5937499999995686 0.9687500000030651 0
3091 0.5624999999995913 0.968750000003116 0
3092 0.5937499999995686 1.000000000003195 0
3093 0.531249999999614 1.000000000003297 0
3094 0.7187499999997834 1.18750000000343 0
3095 0.7499999999998116 1.218750000003452 0
3096 0.6874999999997552 1.156250000003407 0
3097 0.7187499999997324 1.156250000003356 0
3098 0.6562499999997269 1.125000000003385 0
3099 0.7187499999996816 1.125000000003284 0
3100 0.7499999999997098 1.156250000003306 0
3101 0.6249999999996987 1.093750000003363 0
3102 0.656249999999676 1.093750000003312 0
3103 0.6562499999996251 1.062500000003239 0
3104 0.6874999999996533 1.093750000003261 0
3105 0.6249999999995969 1.031250000003217 0
3106 0.6562499999995741 1.031250000003166 0
3107 0.7187499999996305 1.09375000000321 0
3108 0.5937499999996705 1.062500000003341 0
3109 0.5624999999996423 1.031250000003319 0
3110 0.5937499999996196 1.031250000003268 0
3111 0.7187499999995797 1.062500000003137 0
3112 0.7499999999996079 1.093750000003159 0
3113 0.6874999999995515 1.031250000003115 0
3114 0.7187499999995288 1.031250000003064 0
3115 0.7499999999995061 1.031250000003013 0
3116 0.781249999999738 1.187500000003328 0
3117 0.7812499999997889 1.218750000003401 0
3118 0.781249999999687 1.156250000003255 0
3119 0.8124999999996644 1.156250000003204 0
3120 0.7812499999996361 1.125000000003182 0
3121 0.8437499999995908 1.12500000000308 0
3122 0.8437499999996416 1.156250000003153 0
3123 0.7812499999995852 1.093750000003109 0
3124 0.8124999999995625 1.093750000003058 0
3125 0.8437499999994889 1.062500000002934 0
3126 0.8437499999995398 1.093750000003007 0
3127 0.8437499999994379 1.03125000000286 0
3128 0.8749999999994152 1.03125000000281 0
3129 0.8749999999995171 1.093750000002956 0
3130 0.7812499999995343 1.062500000003035 0
3131 0.7812499999994833 1.031250000002962 0
3132 0.8124999999994607 1.031250000002911 0
3133 0.9062499999994434 1.062500000002832 0
3134 0.9062499999994944 1.093750000002905 0
3135 0.9062499999993925 1.031250000002759 0
3136 0.9374999999993698 1.031250000002708 0
3137 0.9687499999993471 1.031250000002657 0
3138 0.7812499999998908 1.281250000003547 0
3139 0.7812499999999417 1.31250000000362 0
3140 0.7499999999999135 1.281250000003598 0
3141 0.8124999999999698 1.343750000003642 0
3142 0.7812499999999927 1.343750000003693 0
3143 0.8437499999999472 1.343750000003591 0
3144 0.843749999999998 1.375000000003664 0
3145 0.7812500000000435 1.375000000003766 0
3146 0.7500000000000153 1.343750000003744 0
3147 0.8750000000000262 1.406250000003686 0
3148 0.8437500000000488 1.406250000003737 0
3149 0.8437500000000998 1.43750000000381 0
3150 0.8125000000000717 1.406250000003788 0
3151 0.875000000000128 1.468750000003832 0
3152 0.8437500000001508 1.468750000003883 0
3153 0.7812500000000944 1.406250000003839 0
3154 0.9062500000000033 1.406250000003636 0
3155 0.9062500000000543 1.437500000003709 0
3156 0.9375000000000825 1.468750000003731 0
3157 0.9062500000001052 1.468750000003781 0
3158 0.9687500000000597 1.46875000000368 0
3159 0.9687500000001107 1.500000000003753 0
3160 0.9062500000001562 1.500000000003854 0
3161 0.7812500000001453 1.437500000003912 0
3162 0.7500000000001172 1.40625000000389 0
3163 0.8125000000001735 1.468750000003934 0
3164 0.7812500000001963 1.468750000003985 0
3165 0.8437500000002017 1.500000000003956 0
3166 0.7812500000002472 1.500000000004058 0
3167 0.750000000000219 1.468750000004036 0
3168 0.7187499999999871 1.312500000003722 0
3169 0.7187500000000381 1.343750000003795 0
3170 0.6875000000000607 1.343750000003846 0
3171 0.718750000000089 1.375000000003868 0
3172 0.6562500000001343 1.37500000000397 0
3173 0.7187500000001399 1.406250000003941 0
3174 0.6875000000001626 1.406250000003992 0
3175 0.6562500000002363 1.437500000004116 0
3176 0.6562500000001853 1.406250000004043 0
3177 0.6562500000002872 1.468750000004189 0
3178 0.6250000000003099 1.46875000000424 0
3179 0.6250000000002079 1.406250000004094 0
3180 0.7187500000001908 1.437500000004014 0
3181 0.7187500000002418 1.468750000004087 0
3182 0.6875000000002645 1.468750000004138 0
3183 0.7187500000002927 1.50000000000416 0
3184 0.6562500000003382 1.500000000004262 0
3185 0.5937500000002816 1.437500000004218 0
3186 0.5937500000003325 1.468750000004291 0
3187 0.5625000000003552 1.468750000004342 0
3188 0.5937500000003835 1.500000000004364 0
3189 0.5312500000004288 1.500000000004466 0
3190 0.9687500000001616 1.531250000003826 0
3191 0.9375000000001843 1.531250000003877 0
3192 0.906250000000258 1.562500000004001 0
3193 0.9062500000002072 1.531250000003928 0
3194 0.9062500000003089 1.593750000004074 0
3195 0.8750000000003317 1.593750000004125 0
3196 0.8750000000002298 1.531250000003979 0
3197 0.8437500000004053 1.625000000004249 0
3198 0.8437500000003544 1.593750000004176 0
3199 0.8125000000003773 1.593750000004226 0
3200 0.8437500000003035 1.562500000004102 0
3201 0.7812500000004509 1.625000000004351 0
3202 0.7812500000003999 1.593750000004277 0
3203 0.8437500000002527 1.531250000004029 0
3204 0.8437500000004563 1.656250000004322 0
3205 0.812500000000479 1.656250000004373 0
3206 0.7812500000005527 1.687500000004497 0
3207 0.7812500000005018 1.656250000004424 0
3208 0.7812500000006035 1.71875000000457 0
3209 0.7500000000006264 1.718750000004621 0
3210 0.7500000000005245 1.656250000004475 0
3211 0.8125000000002753 1.53125000000408 0
3212 0.7812500000003491 1.562500000004204 0
3213 0.7812500000002982 1.531250000004131 0
3214 0.7500000000004228 1.593750000004328 0
3215 0.7500000000003209 1.531250000004182 0
3216 0.5625000000004571 1.531250000004488 0
3217 0.5312500000004798 1.531250000004539 0
3218 0.5937500000004343 1.531250000004437 0
3219 0.5937500000004854 1.56250000000451 0
3220 0.6250000000004117 1.531250000004386 0
3221 0.6250000000005136 1.593750000004532 0
3222 0.5937500000005362 1.593750000004583 0
3223 0.656250000000389 1.531250000004335 0
3224 0.6562500000004399 1.562500000004408 0
3225 0.6875000000004681 1.59375000000443 0
3226 0.6562500000004908 1.593750000004481 0
3227 0.7187500000004454 1.593750000004379 0
3228 0.7187500000004963 1.625000000004452 0
3229 0.6562500000005418 1.625000000004555 0
3230 0.6875000000003664 1.531250000004284 0
3231 0.7187500000003436 1.531250000004233 0
3232 0.7187500000003946 1.562500000004306 0
3233 0.68750000000057 1.656250000004577 0
3234 0.6562500000005926 1.656250000004628 0
3235 0.7187500000005472 1.656250000004526 0
3236 0.7187500000005982 1.687500000004599 0
3237 0.718750000000649 1.718750000004672 0
3238 0.9687500000002636 1.593750000003972 0
3239 0.9687500000003655 1.656250000004118 0
3240 0.9375000000003372 1.625000000004096 0
3241 0.9687500000004674 1.718750000004265 0
3242 0.9062500000004108 1.65625000000422 0
3243 0.9687500000005692 1.781250000004411 0
3244 0.9375000000005409 1.750000000004388 0
3245 0.9062500000006146 1.781250000004512 0
3246 0.9062500000005127 1.718750000004366 0
3247 0.9062500000007165 1.843750000004658 0
3248 0.8750000000006883 1.812500000004636 0
3249 0.8750000000004845 1.687500000004344 0
3250 0.9687500000006711 1.843750000004557 0
3251 0.968750000000773 1.906250000004703 0
3252 0.9375000000007447 1.875000000004681 0
3253 0.9687500000008749 1.968750000004849 0
3254 0.9062500000008185 1.906250000004805 0
3255 0.8437500000005582 1.718750000004468 0
3256 0.84375000000066 1.781250000004614 0
3257 0.8125000000006317 1.750000000004592 0
3258 0.8437500000007618 1.843750000004761 0
3259 0.7812500000007054 1.781250000004716 0
3260 0.8124999999997662 1.21875000000335 0
3261 0.7812499999998399 1.250000000003474 0
3262 0.8437499999996926 1.187500000003226 0
3263 0.8437499999997435 1.218750000003299 0
3264 0.874999999999619 1.156250000003102 0
3265 0.8749999999997208 1.218750000003248 0
3266 0.8437499999997944 1.250000000003372 0
3267 0.9062499999995453 1.125000000002978 0
3268 0.9062499999995962 1.156250000003051 0
3269 0.9374999999995736 1.156250000003 0
3270 0.9062499999996472 1.187500000003124 0
3271 0.9687499999995 1.125000000002876 0
3272 0.9687499999995508 1.15625000000295 0
3273 0.9062499999996981 1.218750000003197 0
3274 0.9374999999994716 1.093750000002854 0
3275 0.968749999999398 1.06250000000273 0
3276 0.968749999999449 1.093750000002803 0
3277 0.9999999999993244 1.031250000002606 0
3278 0.9999999999994262 1.093750000002752 0
3279 0.9374999999996754 1.218750000003147 0
3280 0.9062499999997491 1.25000000000327 0
3281 0.9687499999996018 1.187500000003023 0
3282 0.9687499999996527 1.218750000003096 0
3283 0.9999999999995282 1.156250000002899 0
3284 0.99999999999963 1.218750000003045 0
3285 0.9687499999997036 1.250000000003169 0
3286 0.8124999999998681 1.281250000003496 0
3287 0.8437499999998452 1.281250000003445 0
3288 0.8437499999998962 1.312500000003518 0
3289 0.8749999999998226 1.281250000003394 0
3290 0.8749999999999243 1.343750000003541 0
3291 0.9062499999997999 1.281250000003344 0
3292 0.9062499999998508 1.312500000003417 0
3293 0.937499999999879 1.343750000003439 0
3294 0.9062499999999016 1.34375000000349 0
3295 0.9687499999998563 1.343750000003388 0
3296 0.9687499999999072 1.375000000003461 0
3297 0.9062499999999525 1.375000000003563 0
3298 0.9374999999997773 1.281250000003293 0
3299 0.9687499999997544 1.281250000003242 0
3300 0.9687499999998054 1.312500000003315 0
3301 0.9999999999997318 1.281250000003191 0
3302 0.9999999999998335 1.343750000003337 0
3303 0.9374999999999807 1.406250000003585 0
3304 0.968749999999958 1.406250000003534 0
3305 0.9687500000000089 1.437500000003607 0
3306 0.9999999999999354 1.406250000003483 0
3307 1.000000000000037 1.468750000003629 0
3308 1.218749999999863 1.281250000002454 0
3309 1.187499999999844 1.28125000000256 0
3310 1.218749999999812 1.250000000002381 0
3311 1.156249999999877 1.312500000002738 0
3312 1.156249999999826 1.281250000002665 0
3313 1.156249999999927 1.343750000002811 0
3314 1.124999999999909 1.343750000002916 0
3315 1.124999999999807 1.28125000000277 0
3316 1.156249999999775 1.250000000002592 0
3317 1.093749999999941 1.375000000003094 0
3318 1.09374999999989 1.343750000003021 0
3319 1.062499999999871 1.343750000003126 0
3320 1.093749999999839 1.312500000002948 0
3321 1.031249999999903 1.375000000003305 0
3322 1.031249999999852 1.343750000003232 0
3323 1.093749999999788 1.281250000002875 0
3324 1.093749999999992 1.406250000003167 0
3325 1.062499999999973 1.406250000003272 0
3326 1.031250000000005 1.437500000003451 0
3327 1.031249999999954 1.406250000003378 0
3328 1.031250000000056 1.468750000003524 0
3329 1.062499999999769 1.281250000002981 0
3330 1.093749999999737 1.250000000002802 0
3331 1.031249999999801 1.312500000003159 0
3332 1.03124999999975 1.281250000003086 0
3333 1.0312499999997 1.250000000003013 0
3334 1.187499999999743 1.218750000002413 0
3335 1.156249999999724 1.218750000002519 0
3336 1.156249999999673 1.187500000002446 0
3337 1.124999999999705 1.218750000002624 0
3338 1.124999999999603 1.156250000002478 0
3339 1.093749999999686 1.218750000002729 0
3340 1.093749999999635 1.187500000002656 0
3341 1.062499999999566 1.156250000002688 0
3342 1.093749999999584 1.156250000002583 0
3343 1.031249999999547 1.156250000002793 0
3344 1.031249999999496 1.12500000000272 0
3345 1.093749999999534 1.12500000000251 0
3346 1.062499999999667 1.218750000002834 0
3347 1.031249999999649 1.21875000000294 0
3348 1.031249999999598 1.187500000002867 0
3349 1.062499999999464 1.093750000002542 0
3350 1.031249999999445 1.093750000002647 0
3351 1.031249999999394 1.062500000002574 0
3352 1.218750000000525 1.687500000003404 0
3353 1.250000000000595 1.718750000003372 0
3354 1.187500000000455 1.656250000003436 0
3355 1.218750000000474 1.656250000003331 0
3356 1.156250000000385 1.625000000003468 0
3357 1.218750000000423 1.625000000003258 0
3358 1.250000000000493 1.656250000003226 0
3359 1.125000000000316 1.5937500000035 0
3360 1.156250000000335 1.593750000003395 0
3361 1.156250000000284 1.562500000003322 0
3362 1.187500000000353 1.59375000000329 0
3363 1.125000000000214 1.531250000003354 0
3364 1.156250000000233 1.531250000003249 0
3365 1.218750000000372 1.593750000003185 0
3366 1.093750000000246 1.562500000003533 0
3367 1.062500000000176 1.531250000003565 0
3368 1.093750000000195 1.531250000003459 0
3369 1.031250000000107 1.500000000003597 0
3370 1.093750000000144 1.500000000003386 0
3371 1.218750000000321 1.562500000003112 0
3372 1.250000000000391 1.593750000003079 0
3373 1.187500000000251 1.531250000003144 0
3374 1.21875000000027 1.531250000003038 0
3375 1.156250000000182 1.500000000003176 0
3376 1.218750000000219 1.500000000002965 0
3377 1.250000000000289 1.531250000002933 0
3378 1.281250000000563 1.687500000003193 0
3379 1.281250000000614 1.718750000003267 0
3380 1.281250000000512 1.65625000000312 0
3381 1.31250000000053 1.656250000003015 0
3382 1.281250000000461 1.625000000003047 0
3383 1.343750000000498 1.625000000002837 0
3384 1.343750000000549 1.65625000000291 0
3385 1.28125000000041 1.593750000002974 0
3386 1.312500000000429 1.593750000002869 0
3387 1.343750000000396 1.562500000002691 0
3388 1.343750000000447 1.593750000002764 0
3389 1.343750000000345 1.531250000002617 0
3390 1.375000000000364 1.531250000002512 0
3391 1.375000000000466 1.593750000002658 0
3392 1.281250000000359 1.562500000002901 0
3393 1.281250000000308 1.531250000002828 0
3394 1.312500000000326 1.531250000002723 0
3395 1.281250000000257 1.500000000002755 0
3396 1.343750000000294 1.500000000002544 0
3397 1.406250000000434 1.56250000000248 0
3398 1.406250000000485 1.593750000002553 0
3399 1.406250000000383 1.531250000002407 0
3400 1.437500000000401 1.531250000002302 0
3401 1.406250000000332 1.500000000002334 0
3402 1.468750000000369 1.500000000002123 0
3403 1.46875000000042 1.531250000002196 0
3404 1.281249999999952 1.312500000002317 0
3405 1.249999999999882 1.281250000002349 0
3406 1.312500000000021 1.343750000002284 0
3407 1.281250000000002 1.34375000000239 0
3408 1.343750000000091 1.375000000002252 0
3409 1.281250000000053 1.375000000002463 0
3410 1.249999999999984 1.343750000002495 0
3411 1.37500000000016 1.40625000000222 0
3412 1.343750000000142 1.406250000002325 0
3413 1.343750000000193 1.437500000002398 0
3414 1.312500000000123 1.406250000002431 0
3415 1.375000000000262 1.468750000002366 0
3416 1.343750000000243 1.468750000002471 0
3417 1.281250000000104 1.406250000002536 0
3418 1.40625000000023 1.437500000002188 0
3419 1.4375000000003 1.468750000002155 0
3420 1.406250000000281 1.468750000002261 0
3421 1.281250000000155 1.437500000002609 0
3422 1.250000000000085 1.406250000002641 0
3423 1.312500000000225 1.468750000002576 0
3424 1.281250000000206 1.468750000002682 0
3425 1.250000000000187 1.468750000002787 0
3426 1.218749999999914 1.312500000002527 0
3427 1.218749999999965 1.3437500000026 0
3428 1.187499999999946 1.343750000002705 0
3429 1.218750000000016 1.375000000002673 0
3430 1.156249999999978 1.375000000002884 0
3431 1.218750000000067 1.406250000002746 0
3432 1.187500000000048 1.406250000002851 0
3433 1.15625000000008 1.43750000000303 0
3434 1.156250000000029 1.406250000002957 0
3435 1.156250000000131 1.468750000003103 0
3436 1.125000000000112 1.468750000003208 0
3437 1.12500000000001 1.406250000003062 0
3438 1.218750000000118 1.437500000002819 0
3439 1.218750000000168 1.468750000002892 0
3440 1.18750000000015 1.468750000002997 0
3441 1.093750000000043 1.43750000000324 0
3442 1.093750000000093 1.468750000003313 0
3443 1.062500000000075 1.468750000003418 0
3444 1.281250000000715 1.781250000003413 0
3445 1.281250000000766 1.812500000003486 0
3446 1.250000000000697 1.781250000003518 0
3447 1.312500000000836 1.843750000003453 0
3448 1.281250000000818 1.843750000003559 0
3449 1.343750000000855 1.843750000003348 0
3450 1.343750000000906 1.875000000003421 0
3451 1.281250000000868 1.875000000003632 0
3452 1.250000000000799 1.843750000003664 0
3453 1.375000000000975 1.906250000003389 0
3454 1.343750000000957 1.906250000003494 0
3455 1.343750000001008 1.937500000003567 0
3456 1.312500000000938 1.906250000003599 0
3457 1.375000000001077 1.968750000003535 0
3458 1.343750000001058 1.96875000000364 0
3459 1.281250000000919 1.906250000003705 0
3460 1.406250000000994 1.906250000003284 0
3461 1.406250000001045 1.937500000003357 0
3462 1.437500000001115 1.968750000003324 0
3463 1.406250000001096 1.96875000000343 0
3464 1.468750000001133 1.968750000003219 0
3465 1.468750000001184 2.000000000003292 0
3466 1.406250000001147 2.000000000003503 0
3467 1.28125000000097 1.937500000003778 0
3468 1.2500000000009 1.90625000000381 0
3469 1.31250000000104 1.968750000003745 0
3470 1.281250000001021 1.968750000003851 0
3471 1.343750000001109 2.000000000003713 0
3472 1.281250000001072 2.000000000003924 0
3473 1.250000000001002 1.968750000003956 0
3474 1.218750000000729 1.812500000003696 0
3475 1.21875000000078 1.843750000003769 0
3476 1.187500000000761 1.843750000003874 0
3477 1.218750000000831 1.875000000003842 0
3478 1.156250000000793 1.875000000004053 0
3479 1.218750000000882 1.906250000003915 0
3480 1.187500000000863 1.906250000004021 0
3481 1.156250000000895 1.937500000004199 0
3482 1.156250000000844 1.906250000004126 0
3483 1.156250000000946 1.968750000004272 0
3484 1.125000000000927 1.968750000004377 0
3485 1.125000000000825 1.906250000004231 0
3486 1.218750000000933 1.937500000003988 0
3487 1.218750000000983 1.968750000004061 0
3488 1.187500000000965 1.968750000004167 0
3489 1.218750000001034 2.000000000004134 0
3490 1.156250000000997 2.000000000004345 0
3491 1.093750000000858 1.937500000004409 0
3492 1.093750000000908 1.968750000004482 0
3493 1.06250000000089 1.968750000004588 0
3494 1.093750000000959 2.000000000004555 0
3495 1.031250000000922 2.000000000004766 0
3496 1.46875000000129 2.031250000003226 0
3497 1.437500000001271 2.031250000003331 0
3498 1.406250000001357 2.06250000000337 0
3499 1.406250000001252 2.031250000003436 0
3500 1.406250000001462 2.093750000003303 0
3501 1.375000000001444 2.093750000003409 0
3502 1.375000000001233 2.031250000003541 0
3503 1.34375000000153 2.125000000003447 0
3504 1.343750000001425 2.093750000003514 0
3505 1.312500000001406 2.093750000003619 0
3506 1.34375000000132 2.06250000000358 0
3507 1.281250000001493 2.125000000003658 0
3508 1.281250000001387 2.093750000003725 0
3509 1.343750000001215 2.031250000003647 0
3510 1.343750000001636 2.156250000003381 0
3511 1.312500000001617 2.156250000003487 0
3512 1.281250000001703 2.187500000003526 0
3513 1.281250000001598 2.156250000003592 0
3514 1.281250000001808 2.218750000003459 0
3515 1.25000000000179 2.218750000003564 0
3516 1.250000000001579 2.156250000003697 0
3517 1.312500000001196 2.031250000003752 0
3518 1.281250000001282 2.062500000003791 0
3519 1.281250000001177 2.031250000003857 0
3520 1.250000000001369 2.09375000000383 0
3521 1.250000000001158 2.031250000003963 0
3522 1.062500000001046 2.031250000004595 0
3523 1.031250000001027 2.031250000004699 0
3524 1.093750000001064 2.031250000004489 0
3525 1.09375000000117 2.062500000004423 0
3526 1.125000000001083 2.031250000004384 0
3527 1.125000000001294 2.093750000004251 0
3528 1.093750000001275 2.093750000004357 0
3529 1.156250000001102 2.031250000004278 0
3530 1.156250000001207 2.062500000004212 0
3531 1.187500000001331 2.09375000000404 0
3532 1.156250000001312 2.093750000004146 0
3533 1.21875000000135 2.093750000003936 0
3534 1.218750000001455 2.125000000003869 0
3535 1.156250000001418 2.125000000004079 0
3536 1.187500000001121 2.031250000004174 0
3537 1.21875000000114 2.031250000004068 0
3538 1.218750000001245 2.062500000004002 0
3539 1.187500000001542 2.156250000003908 0
3540 1.156250000001523 2.156250000004013 0
3541 1.218750000001561 2.156250000003802 0
3542 1.218750000001666 2.187500000003736 0
3543 1.218750000001771 2.21875000000367 0
3544 1.4687500000015 2.093750000003093 0
3545 1.468750000001711 2.15625000000296 0
3546 1.437500000001587 2.125000000003132 0
3547 1.468750000001921 2.218750000002827 0
3548 1.406250000001673 2.156250000003171 0
3549 1.468750000002132 2.281250000002695 0
3550 1.437500000002008 2.250000000002866 0
3551 1.406250000002094 2.281250000002905 0
3552 1.406250000001883 2.218750000003038 0
3553 1.406250000002304 2.343750000002772 0
3554 1.37500000000218 2.312500000002944 0
3555 1.375000000001759 2.187500000003209 0
3556 1.468750000002342 2.343750000002562 0
3557 1.468750000002553 2.406250000002429 0
3558 1.437500000002429 2.375000000002601 0
3559 1.468750000002763 2.468750000002296 0
3560 1.406250000002515 2.406250000002639 0
3561 1.343750000001846 2.218750000003249 0
3562 1.343750000002057 2.281250000003116 0
3563 1.312500000001932 2.250000000003288 0
3564 1.343750000002267 2.343750000002983 0
3565 1.281250000002019 2.281250000003326 0
3566 1.312500000000632 1.718750000003161 0
3567 1.281250000000665 1.75000000000334 0
3568 1.3437500000006 1.687500000002983 0
3569 1.343750000000651 1.718750000003056 0
3570 1.375000000000568 1.656250000002804 0
3571 1.37500000000067 1.718750000002951 0
3572 1.343750000000702 1.750000000003129 0
3573 1.406250000000536 1.625000000002626 0
3574 1.406250000000587 1.656250000002699 0
3575 1.437500000000605 1.656250000002594 0
3576 1.406250000000638 1.687500000002772 0
3577 1.468750000000573 1.625000000002415 0
3578 1.468750000000624 1.656250000002488 0
3579 1.406250000000689 1.718750000002845 0
3580 1.437500000000504 1.593750000002448 0
3581 1.468750000000471 1.562500000002269 0
3582 1.468750000000522 1.593750000002342 0
3583 1.500000000000439 1.531250000002091 0
3584 1.500000000000541 1.593750000002237 0
3585 1.437500000000707 1.71875000000274 0
3586 1.40625000000074 1.750000000002918 0
3587 1.468750000000675 1.687500000002561 0
3588 1.468750000000726 1.718750000002634 0
3589 1.500000000000643 1.656250000002383 0
3590 1.500000000000745 1.718750000002529 0
3591 1.468750000000777 1.750000000002707 0
3592 1.312500000000734 1.781250000003307 0
3593 1.343750000000753 1.781250000003202 0
3594 1.343750000000804 1.812500000003275 0
3595 1.375000000000772 1.781250000003097 0
3596 1.375000000000874 1.843750000003243 0
3597 1.40625000000079 1.781250000002991 0
3598 1.406250000000842 1.812500000003064 0
3599 1.437500000000911 1.843750000003032 0
3600 1.406250000000893 1.843750000003137 0
3601 1.46875000000093 1.843750000002927 0
3602 1.468750000000981 1.875000000003 0
3603 1.406250000000943 1.875000000003211 0
3604 1.437500000000809 1.781250000002886 0
3605 1.468750000000828 1.78125000000278 0
3606 1.468750000000879 1.812500000002853 0
3607 1.500000000000847 1.781250000002675 0
3608 1.500000000000949 1.843750000002821 0
3609 1.437500000001013 1.906250000003178 0
3610 1.468750000001032 1.906250000003073 0
3611 1.468750000001083 1.937500000003146 0
3612 1.50000000000105 1.906250000002967 0
3613 1.500000000001152 1.968750000003114 0
3614 1.718750000000977 1.781250000001938 0
3615 1.687500000000959 1.781250000002043 0
3616 1.718750000000926 1.750000000001865 0
3617 1.656250000000991 1.812500000002222 0
3618 1.65625000000094 1.781250000002149 0
3619 1.656250000001042 1.843750000002295 0
3620 1.625000000001023 1.8437500000024 0
3621 1.625000000000921 1.781250000002254 0
3622 1.656250000000889 1.750000000002076 0
3623 1.593750000001056 1.875000000002579 0
3624 1.593750000001005 1.843750000002506 0
3625 1.562500000000986 1.843750000002611 0
3626 1.593750000000953 1.812500000002432 0
3627 1.531250000001018 1.875000000002789 0
3628 1.531250000000967 1.843750000002716 0
3629 1.593750000000903 1.781250000002359 0
3630 1.593750000001106 1.906250000002652 0
3631 1.562500000001088 1.906250000002757 0
3632 1.53125000000112 1.937500000002935 0
3633 1.531250000001069 1.906250000002862 0
3634 1.531250000001171 1.968750000003008 0
3635 1.562500000000884 1.781250000002464 0
3636 1.593750000000852 1.750000000002286 0
3637 1.531250000000917 1.812500000002643 0
3638 1.531250000000866 1.78125000000257 0
3639 1.531250000000814 1.750000000002497 0
3640 1.687500000000857 1.718750000001897 0
3641 1.656250000000838 1.718750000002003 0
3642 1.656250000000787 1.68750000000193 0
3643 1.625000000000819 1.718750000002108 0
3644 1.625000000000718 1.656250000001962 0
3645 1.593750000000801 1.718750000002213 0
3646 1.59375000000075 1.68750000000214 0
3647 1.56250000000068 1.656250000002172 0
3648 1.593750000000699 1.656250000002067 0
3649 1.531250000000662 1.656250000002278 0
3650 1.531250000000611 1.625000000002205 0
3651 1.593750000000648 1.625000000001994 0
3652 1.562500000000782 1.718750000002318 0
3653 1.531250000000764 1.718750000002424 0
3654 1.531250000000713 1.687500000002351 0
3655 1.562500000000578 1.593750000002026 0
3656 1.53125000000056 1.593750000002132 0
3657 1.531250000000508 1.562500000002059 0
3658 1.781250000001066 1.812500000001801 0
3659 1.750000000000996 1.781250000001833 0
3660 1.812500000001136 1.843750000001769 0
3661 1.781250000001117 1.843750000001874 0
3662 1.843750000001205 1.875000000001737 0
3663 1.781250000001168 1.875000000001947 0
3664 1.750000000001098 1.843750000001979 0
3665 1.875000000001275 1.906250000001704 0
3666 1.843750000001256 1.90625000000181 0
3667 1.843750000001307 1.937500000001883 0
3668 1.812500000001237 1.906250000001915 0
3669 1.875000000001377 1.968750000001851 0
3670 1.843750000001358 1.968750000001956 0
3671 1.781250000001219 1.90625000000202 0
3672 1.906250000001345 1.937500000001672 0
3673 1.937500000001414 1.96875000000164 0
3674 1.906250000001396 1.968750000001745 0
3675 1.968750000001484 2.000000000001608 0
3676 1.906250000001446 2.000000000001819 0
3677 1.78125000000127 1.937500000002093 0
3678 1.7500000000012 1.906250000002125 0
3679 1.812500000001339 1.968750000002061 0
3680 1.781250000001321 1.968750000002166 0
3681 1.843750000001409 2.000000000002029 0
3682 1.781250000001372 2.00000000000224 0
3683 1.750000000001302 1.968750000002272 0
3684 1.718750000001028 1.812500000002011 0
3685 1.718750000001079 1.843750000002085 0
3686 1.68750000000106 1.84375000000219 0
3687 1.71875000000113 1.875000000002158 0
3688 1.656250000001093 1.875000000002368 0
3689 1.718750000001181 1.906250000002231 0
3690 1.687500000001163 1.906250000002336 0
3691 1.656250000001195 1.937500000002514 0
3692 1.656250000001144 1.906250000002441 0
3693 1.656250000001246 1.968750000002587 0
3694 1.625000000001227 1.968750000002693 0
3695 1.625000000001125 1.906250000002546 0
3696 1.718750000001232 1.937500000002304 0
3697 1.718750000001283 1.968750000002377 0
3698 1.687500000001264 1.968750000002482 0
3699 1.718750000001334 2.00000000000245 0
3700 1.656250000001297 2.000000000002661 0
3701 1.593750000001157 1.937500000002725 0
3702 1.593750000001208 1.968750000002798 0
3703 1.56250000000119 1.968750000002903 0
3704 1.593750000001259 2.000000000002871 0
3705 1.531250000001222 2.000000000003082 0
3706 1.718750000001966 2.187500000002051 0
3707 1.75000000000209 2.218750000001879 0
3708 1.687500000001842 2.156250000002223 0
3709 1.71875000000186 2.156250000002118 0
3710 1.656250000001718 2.125000000002395 0
3711 1.718750000001755 2.125000000002184 0
3712 1.750000000001879 2.156250000002013 0
3713 1.625000000001594 2.093750000002567 0
3714 1.656250000001612 2.093750000002461 0
3715 1.656250000001507 2.062500000002528 0
3716 1.687500000001631 2.093750000002356 0
3717 1.625000000001383 2.031250000002699 0
3718 1.656250000001402 2.031250000002594 0
3719 1.71875000000165 2.093750000002251 0
3720 1.59375000000147 2.062500000002738 0
3721 1.562500000001346 2.03125000000291 0
3722 1.593750000001365 2.031250000002805 0
3723 1.718750000001545 2.062500000002317 0
3724 1.750000000001669 2.093750000002146 0
3725 1.687500000001421 2.031250000002489 0
3726 1.718750000001439 2.031250000002384 0
3727 1.750000000001458 2.031250000002278 0
3728 1.781250000002003 2.187500000001841 0
3729 1.781250000002109 2.218750000001775 0
3730 1.781250000001898 2.156250000001907 0
3731 1.812500000001917 2.156250000001802 0
3732 1.781250000001793 2.125000000001974 0
3733 1.84375000000183 2.125000000001763 0
3734 1.843750000001935 2.156250000001697 0
3735 1.781250000001688 2.09375000000204 0
3736 1.812500000001706 2.093750000001935 0
3737 1.84375000000162 2.062500000001896 0
3738 1.843750000001725 2.09375000000183 0
3739 1.843750000001514 2.031250000001963 0
3740 1.875000000001533 2.031250000001857 0
3741 1.875000000001743 2.093750000001725 0
3742 1.781250000001582 2.062500000002107 0
3743 1.781250000001477 2.031250000002173 0
3744 1.812500000001496 2.031250000002068 0
3745 1.906250000001657 2.062500000001686 0
3746 1.906250000001762 2.093750000001619 0
3747 1.906250000001552 2.031250000001752 0
3748 1.937500000001571 2.031250000001647 0
3749 1.968750000001589 2.031250000001542 0
3750 1.781250000002319 2.281250000001641 0
3751 1.781250000002424 2.312500000001575 0
3752 1.7500000000023 2.281250000001747 0
3753 1.812500000002548 2.343750000001403 0
3754 1.78125000000253 2.343750000001509 0
3755 1.843750000002567 2.343750000001299 0
3756 1.843750000002672 2.375000000001232 0
3757 1.781250000002635 2.375000000001442 0
3758 1.750000000002511 2.343750000001614 0
3759 1.875000000002796 2.40625000000106 0
3760 1.843750000002777 2.406250000001165 0
3761 1.843750000002883 2.437500000001099 0
3762 1.812500000002759 2.406250000001271 0
3763 1.875000000003006 2.468750000000927 0
3764 1.843750000002988 2.468750000001033 0
3765 1.78125000000274 2.406250000001376 0
3766 1.906250000002815 2.406250000000955 0
3767 1.90625000000292 2.437500000000889 0
3768 1.937500000003044 2.468750000000717 0
3769 1.906250000003025 2.468750000000822 0
3770 1.968750000003063 2.468750000000612 0
3771 1.968750000003168 2.500000000000545 0
3772 1.90625000000313 2.500000000000756 0
3773 1.781250000002845 2.43750000000131 0
3774 1.750000000002721 2.406250000001481 0
3775 1.812500000002969 2.468750000001138 0
3776 1.781250000002951 2.468750000001243 0
3777 1.843750000003093 2.500000000000966 0
3778 1.781250000003056 2.500000000001177 0
3779 1.750000000002932 2.468750000001348 0
3780 1.718750000002387 2.312500000001786 0
3781 1.718750000002492 2.34375000000172 0
3782 1.687500000002473 2.343750000001824 0
3783 1.718750000002597 2.375000000001653 0
3784 1.65625000000256 2.375000000001863 0
3785 1.718750000002702 2.406250000001586 0
3786 1.687500000002684 2.406250000001692 0
3787 1.65625000000277 2.437500000001731 0
3788 1.656250000002665 2.406250000001797 0
3789 1.656250000002875 2.468750000001664 0
3790 1.625000000002857 2.468750000001769 0
3791 1.625000000002646 2.406250000001902 0
3792 1.718750000002808 2.43750000000152 0
3793 1.718750000002913 2.468750000001454 0
3794 1.687500000002894 2.468750000001559 0
3795 1.718750000003018 2.500000000001387 0
3796 1.656250000002981 2.500000000001598 0
3797 1.593750000002733 2.437500000001941 0
3798 1.593750000002838 2.468750000001875 0
3799 1.562500000002819 2.46875000000198 0
3800 1.593750000002943 2.500000000001808 0
3801 1.531250000002906 2.500000000002019 0
3802 1.968750000003273 2.531250000000479 0
3803 1.937500000003255 2.531250000000584 0
3804 1.906250000003341 2.562500000000623 0
3805 1.906250000003236 2.531250000000689 0
3806 1.906250000003446 2.593750000000556 0
3807 1.875000000003427 2.593750000000662 0
3808 1.875000000003217 2.531250000000795 0
3809 1.843750000003514 2.6250000000007 0
3810 1.843750000003409 2.593750000000767 0
3811 1.81250000000339 2.593750000000872 0
3812 1.843750000003304 2.562500000000834 0
3813 1.781250000003477 2.625000000000911 0
3814 1.781250000003372 2.593750000000977 0
3815 1.843750000003198 2.5312500000009 0
3816 1.843750000003619 2.656250000000634 0
3817 1.812500000003601 2.656250000000739 0
3818 1.781250000003687 2.687500000000778 0
3819 1.781250000003582 2.656250000000844 0
3820 1.781250000003793 2.718750000000711 0
3821 1.750000000003774 2.718750000000816 0
3822 1.750000000003563 2.656250000000949 0
3823 1.81250000000318 2.531250000001005 0
3824 1.781250000003266 2.562500000001044 0
3825 1.781250000003161 2.53125000000111 0
3826 1.750000000003353 2.593750000001083 0
3827 1.750000000003142 2.531250000001216 0
3828 1.56250000000303 2.531250000001847 0
3829 1.531250000003011 2.531250000001952 0
3830 1.593750000003049 2.531250000001742 0
3831 1.593750000003154 2.562500000001676 0
3832 1.625000000003067 2.531250000001637 0
3833 1.625000000003278 2.593750000001504 0
3834 1.593750000003259 2.593750000001609 0
3835 1.656250000003086 2.531250000001531 0
3836 1.656250000003191 2.562500000001465 0
3837 1.687500000003315 2.593750000001293 0
3838 1.656250000003296 2.593750000001398 0
3839 1.718750000003334 2.593750000001188 0
3840 1.718750000003439 2.625000000001121 0
3841 1.656250000003402 2.625000000001332 0
3842 1.687500000003105 2.531250000001426 0
3843 1.718750000003123 2.531250000001321 0
3844 1.718750000003229 2.562500000001255 0
3845 1.687500000003526 2.65625000000116 0
3846 1.656250000003507 2.656250000001265 0
3847 1.718750000003544 2.656250000001055 0
3848 1.71875000000365 2.687500000000988 0
3849 1.718750000003755 2.718750000000922 0
3850 1.968750000003484 2.593750000000346 0
3851 1.968750000003694 2.656250000000213 0
3852 1.93750000000357 2.625000000000385 0
3853 1.968750000003905 2.71875000000008 0
3854 1.906250000003657 2.656250000000423 0
3855 1.968750000004115 2.781249999999947 0
3856 1.937500000003991 2.750000000000119 0
3857 1.906250000004078 2.781250000000157 0
3858 1.906250000003867 2.71875000000029 0
3859 1.906250000004289 2.843750000000024 0
3860 1.875000000004165 2.812500000000196 0
3861 1.875000000003743 2.687500000000462 0
3862 1.968750000004326 2.843749999999814 0
3863 1.968750000004536 2.906249999999681 0
3864 1.937500000004412 2.874999999999853 0
3865 1.968750000004747 2.968749999999548 0
3866 1.906250000004499 2.906249999999891 0
3867 1.84375000000383 2.718750000000501 0
3868 1.84375000000404 2.781250000000368 0
3869 1.812500000003916 2.75000000000054 0
3870 1.843750000004251 2.843750000000235 0
3871 1.781250000004003 2.781250000000578 0
3872 1.812500000002127 2.218750000001669 0
3873 1.781250000002214 2.250000000001708 0
3874 1.843750000002041 2.18750000000163 0
3875 1.843750000002146 2.218750000001564 0
3876 1.875000000001954 2.156250000001592 0
3877 1.875000000002164 2.218750000001458 0
3878 1.843750000002251 2.250000000001497 0
3879 1.906250000001867 2.125000000001553 0
3880 1.906250000001973 2.156250000001486 0
3881 1.937500000001992 2.156250000001381 0
3882 1.906250000002078 2.18750000000142 0
3883 1.968750000001905 2.125000000001342 0
3884 1.96875000000201 2.156250000001275 0
3885 1.906250000002183 2.218750000001353 0
3886 1.937500000001781 2.093750000001514 0
3887 1.968750000001695 2.062500000001475 0
3888 1.9687500000018 2.093750000001409 0
3889 2.000000000001608 2.031250000001436 0
3890 2.000000000001819 2.093750000001303 0
3891 1.937500000002202 2.218750000001248 0
3892 1.906250000002288 2.250000000001287 0
3893 1.968750000002116 2.187500000001209 0
3894 1.968750000002221 2.218750000001143 0
3895 2.000000000002029 2.156250000001171 0
3896 2.00000000000224 2.218750000001037 0
3897 1.968750000002326 2.250000000001076 0
3898 1.812500000002338 2.281250000001536 0
3899 1.843750000002356 2.281250000001431 0
3900 1.843750000002462 2.312500000001365 0
3901 1.875000000002375 2.281250000001326 0
3902 1.875000000002585 2.343750000001193 0
3903 1.906250000002394 2.28125000000122 0
3904 1.906250000002499 2.312500000001154 0
3905 1.937500000002623 2.343750000000982 0
3906 1.906250000002604 2.343750000001088 0
3907 1.968750000002642 2.343750000000877 0
3908 1.968750000002747 2.37500000000081 0
3909 1.906250000002709 2.375000000001021 0
3910 1.937500000002413 2.281250000001115 0
3911 1.968750000002431 2.28125000000101 0
3912 1.968750000002537 2.312500000000943 0
3913 2.00000000000245 2.281250000000904 0
3914 2.000000000002661 2.343750000000772 0
3915 1.937500000002834 2.40625000000085 0
3916 1.968750000002852 2.406250000000744 0
3917 1.968750000002958 2.437500000000678 0
3918 2.000000000002871 2.406250000000639 0
3919 2.000000000003082 2.468750000000506 0
3920 2.218750000001468 2.281250000000684 0
3921 2.187500000001608 2.281250000000715 0
3922 2.218750000001362 2.250000000000751 0
3923 2.156250000001854 2.312500000000681 0
3924 2.156250000001748 2.281250000000747 0
3925 2.156250000001959 2.343750000000615 0
3926 2.125000000002099 2.343750000000646 0
3927 2.125000000001889 2.281250000000778 0
3928 2.156250000001643 2.250000000000813 0
3929 2.093750000002345 2.375000000000611 0
3930 2.09375000000224 2.343750000000677 0
3931 2.06250000000238 2.343750000000709 0
3932 2.093750000002134 2.312500000000743 0
3933 2.031250000002625 2.375000000000674 0
3934 2.03125000000252 2.34375000000074 0
3935 2.093750000002029 2.28125000000081 0
3936 2.09375000000245 2.406250000000544 0
3937 2.06250000000259 2.406250000000576 0
3938 2.031250000002836 2.437500000000541 0
3939 2.031250000002731 2.406250000000608 0
3940 2.031250000002941 2.468750000000475 0
3941 2.062500000002169 2.281250000000841 0
3942 2.093750000001924 2.250000000000876 0
3943 2.031250000002415 2.312500000000806 0
3944 2.03125000000231 2.281250000000873 0
3945 2.031250000002204 2.250000000000939 0
3946 2.187500000001398 2.218750000000848 0
3947 2.156250000001538 2.21875000000088 0
3948 2.156250000001433 2.187500000000946 0
3949 2.125000000001678 2.218750000000911 0
3950 2.125000000001468 2.156250000001044 0
3951 2.093750000001819 2.218750000000943 0
3952 2.093750000001713 2.187500000001009 0
3953 2.062500000001748 2.156250000001108 0
3954 2.093750000001608 2.156250000001076 0
3955 2.031250000001889 2.156250000001139 0
3956 2.031250000001783 2.125000000001205 0
3957 2.093750000001503 2.125000000001143 0
3958 2.062500000001959 2.218750000000974 0
3959 2.031250000002099 2.218750000001006 0
3960 2.031250000001994 2.187500000001072 0
3961 2.062500000001538 2.093750000001241 0
3962 2.031250000001678 2.093750000001272 0
3963 2.031250000001573 2.062500000001338 0
3964 2.281250000001292 2.312500000000555 0
3965 2.250000000001327 2.281250000000653 0
3966 2.312500000001257 2.343750000000457 0
3967 2.281250000001398 2.343750000000488 0
3968 2.343750000001222 2.375000000000358 0
3969 2.281250000001503 2.375000000000421 0
3970 2.250000000001538 2.34375000000052 0
3971 2.375000000001187 2.40625000000026 0
3972 2.343750000001327 2.406250000000292 0
3973 2.343750000001433 2.437500000000226 0
3974 2.312500000001468 2.406250000000323 0
3975 2.375000000001398 2.468750000000128 0
3976 2.343750000001538 2.468750000000159 0
3977 2.281250000001608 2.406250000000355 0
3978 2.406250000001152 2.437500000000163 0
3979 2.437500000001117 2.468750000000065 0
3980 2.406250000001257 2.468750000000096 0
3981 2.468750000001082 2.499999999999967 0
3982 2.406250000001362 2.50000000000003 0
3983 2.281250000001713 2.437500000000289 0
3984 2.250000000001748 2.406250000000386 0
3985 2.312500000001678 2.468750000000191 0
3986 2.281250000001819 2.468750000000222 0
3987 2.343750000001643 2.500000000000093 0
3988 2.281250000001924 2.500000000000155 0
3989 2.250000000001959 2.468750000000253 0
3990 2.218750000001573 2.312500000000618 0
3991 2.218750000001678 2.343750000000551 0
3992 2.187500000001819 2.343750000000583 0
3993 2.218750000001783 2.375000000000485 0
3994 2.156250000002064 2.375000000000548 0
3995 2.218750000001889 2.406250000000418 0
3996 2.187500000002029 2.406250000000449 0
3997 2.156250000002275 2.437500000000415 0
3998 2.156250000002169 2.406250000000481 0
3999 2.15625000000238 2.468750000000348 0
4000 2.12500000000252 2.46875000000038 0
4001 2.12500000000231 2.406250000000513 0
4002 2.218750000001994 2.437500000000352 0
4003 2.218750000002099 2.468750000000285 0
4004 2.18750000000224 2.468750000000317 0
4005 2.218750000002204 2.500000000000218 0
4006 2.156250000002485 2.500000000000282 0
4007 2.093750000002555 2.437500000000478 0
4008 2.093750000002661 2.468750000000412 0
4009 2.062500000002801 2.468750000000443 0
4010 2.093750000002766 2.500000000000345 0
4011 2.031250000003046 2.500000000000409 0
4012 2.218750000002837 2.68749999999982 0
4013 2.250000000002802 2.718749999999721 0
4014 2.187500000002871 2.656249999999917 0
4015 2.218750000002731 2.656249999999886 0
4016 2.156250000002907 2.625000000000016 0
4017 2.218750000002626 2.624999999999952 0
4018 2.250000000002591 2.656249999999854 0
4019 2.125000000002942 2.593750000000114 0
4020 2.156250000002801 2.593750000000082 0
4021 2.156250000002696 2.562500000000149 0
4022 2.187500000002661 2.593750000000051 0
4023 2.125000000002731 2.531250000000247 0
4024 2.15625000000259 2.531250000000215 0
4025 2.218750000002521 2.593750000000019 0
4026 2.093750000002976 2.562500000000212 0
4027 2.062500000003011 2.53125000000031 0
4028 2.093750000002871 2.531250000000278 0
4029 2.218750000002415 2.562500000000086 0
4030 2.25000000000238 2.593749999999988 0
4031 2.18750000000245 2.531250000000184 0
4032 2.21875000000231 2.531250000000152 0
4033 2.250000000002169 2.531250000000121 0
4034 2.281250000002556 2.687499999999756 0
4035 2.281250000002661 2.71874999999969 0
4036 2.281250000002451 2.656249999999823 0
4037 2.312500000002311 2.656249999999791 0
4038 2.281250000002346 2.624999999999889 0
4039 2.343750000002065 2.624999999999826 0
4040 2.34375000000217 2.65624999999976 0
4041 2.28125000000224 2.593749999999956 0
4042 2.3125000000021 2.593749999999925 0
4043 2.343750000001854 2.56249999999996 0
4044 2.343750000001959 2.593749999999893 0
4045 2.343750000001748 2.531250000000026 0
4046 2.375000000001608 2.531249999999995 0
4047 2.375000000001819 2.593749999999861 0
4048 2.281250000002134 2.562500000000023 0
4049 2.281250000002029 2.531250000000089 0
4050 2.312500000001889 2.531250000000058 0
4051 2.406250000001574 2.562499999999897 0
4052 2.406250000001679 2.59374999999983 0
4053 2.406250000001468 2.531249999999963 0
4054 2.437500000001328 2.531249999999932 0
4055 2.468750000001187 2.5312499999999 0
4056 2.718750000000908 2.781249999999117 0
4057 2.687500000001048 2.781249999999148 0
4058 2.718750000000802 2.749999999999183 0
4059 2.656250000001293 2.812499999999113 0
4060 2.656250000001188 2.78124999999918 0
4061 2.656250000001398 2.843749999999047 0
4062 2.625000000001539 2.843749999999078 0
4063 2.625000000001328 2.781249999999211 0
4064 2.656250000001083 2.749999999999246 0
4065 2.593750000001784 2.874999999999043 0
4066 2.593750000001679 2.84374999999911 0
4067 2.562500000001819 2.843749999999141 0
4068 2.593750000001574 2.812499999999176 0
4069 2.531250000002065 2.874999999999106 0
4070 2.531250000001959 2.843749999999173 0
4071 2.593750000001469 2.781249999999243 0
4072 2.59375000000189 2.906249999998977 0
4073 2.56250000000203 2.906249999999009 0
4074 2.531250000002276 2.937499999998974 0
4075 2.53125000000217 2.90624999999904 0
4076 2.53125000000238 2.968749999998907 0
4077 2.500000000002521 2.968749999998939 0
4078 2.50000000000231 2.906249999999072 0
4079 2.562500000001609 2.781249999999274 0
4080 2.593750000001363 2.749999999999309 0
4081 2.531250000001855 2.812499999999239 0
4082 2.531250000001749 2.781249999999306 0
4083 2.5000000000021 2.843749999999204 0
4084 2.500000000001889 2.781249999999337 0
4085 2.531250000001644 2.749999999999373 0
4086 2.687500000000837 2.718749999999281 0
4087 2.656250000000977 2.718749999999313 0
4088 2.656250000000872 2.687499999999379 0
4089 2.625000000001118 2.718749999999345 0
4090 2.625000000000907 2.656249999999477 0
4091 2.593750000001258 2.718749999999376 0
4092 2.593750000001153 2.687499999999442 0
4093 2.562500000001188 2.65624999999954 0
4094 2.593750000001048 2.656249999999509 0
4095 2.531250000001328 2.656249999999572 0
4096 2.531250000001223 2.624999999999638 0
4097 2.593750000000942 2.624999999999575 0
4098 2.562500000001398 2.718749999999408 0
4099 2.531250000001538 2.718749999999439 0
4100 2.531250000001434 2.687499999999505 0
4101 2.500000000001679 2.718749999999471 0
4102 2.500000000001468 2.656249999999603 0
4103 2.562500000000977 2.593749999999673 0
4104 2.531250000001117 2.593749999999704 0
4105 2.531250000001013 2.562499999999771 0
4106 2.500000000001258 2.593749999999736 0
4107 2.500000000001047 2.531249999999869 0
4108 2.312500000002521 2.718749999999658 0
4109 2.281250000002767 2.749999999999623 0
4110 2.343750000002276 2.687499999999694 0
4111 2.343750000002381 2.718749999999627 0
4112 2.37500000000203 2.656249999999728 0
4113 2.37500000000224 2.718749999999596 0
4114 2.343750000002486 2.749999999999561 0
4115 2.406250000001784 2.624999999999764 0
4116 2.40625000000189 2.656249999999697 0
4117 2.437500000001749 2.656249999999666 0
4118 2.406250000001995 2.687499999999631 0
4119 2.468750000001504 2.624999999999701 0
4120 2.468750000001608 2.656249999999635 0
4121 2.4062500000021 2.718749999999564 0
4122 2.437500000001539 2.593749999999798 0
4123 2.468750000001293 2.562499999999834 0
4124 2.468750000001398 2.593749999999767 0
4125 2.43750000000196 2.718749999999533 0
4126 2.406250000002205 2.749999999999498 0
4127 2.468750000001714 2.687499999999568 0
4128 2.468750000001819 2.718749999999502 0
4129 2.468750000001925 2.749999999999435 0
4130 2.312500000002732 2.781249999999526 0
4131 2.281250000002872 2.781249999999557 0
4132 2.343750000002591 2.781249999999495 0
4133 2.343750000002697 2.812499999999428 0
4134 2.375000000002451 2.781249999999463 0
4135 2.375000000002661 2.84374999999933 0
4136 2.343750000002802 2.843749999999361 0
4137 2.406250000002311 2.781249999999432 0
4138 2.406250000002416 2.812499999999365 0
4139 2.437500000002381 2.843749999999267 0
4140 2.406250000002521 2.843749999999298 0
4141 2.46875000000224 2.843749999999236 0
4142 2.468750000002346 2.87499999999917 0
4143 2.406250000002626 2.874999999999232 0
4144 2.43750000000217 2.7812499999994 0
4145 2.468750000002029 2.781249999999369 0
4146 2.468750000002135 2.812499999999302 0
4147 2.437500000002591 2.906249999999134 0
4148 2.406250000002732 2.906249999999166 0
4149 2.46875000000245 2.906249999999103 0
4150 2.468750000002556 2.937499999999036 0
4151 2.468750000002661 2.96874999999897 0
4152 2.781250000000732 2.812499999998987 0
4153 2.750000000000767 2.781249999999085 0
4154 2.812500000000697 2.84374999999889 0
4155 2.781250000000838 2.843749999998921 0
4156 2.843750000000662 2.874999999998792 0
4157 2.781250000000942 2.874999999998855 0
4158 2.750000000000978 2.843749999998953 0
4159 2.875000000000627 2.906249999998693 0
4160 2.843750000000767 2.906249999998725 0
4161 2.843750000000872 2.937499999998658 0
4162 2.812500000000907 2.906249999998757 0
4163 2.875000000000837 2.96874999999856 0
4164 2.843750000000977 2.968749999998592 0
4165 2.781250000001048 2.906249999998788 0
4166 2.906250000000592 2.937499999998595 0
4167 2.937500000000556 2.968749999998497 0
4168 2.906250000000697 2.968749999998529 0
4169 2.968750000000521 2.9999999999984 0
4170 2.906250000000802 2.999999999998463 0
4171 2.781250000001153 2.937499999998721 0
4172 2.750000000001188 2.90624999999882 0
4173 2.812500000001118 2.968749999998623 0
4174 2.781250000001259 2.968749999998655 0
4175 2.843750000001083 2.999999999998526 0
4176 2.781250000001363 2.999999999998589 0
4177 2.750000000001399 2.968749999998686 0
4178 2.718750000001013 2.812499999999051 0
4179 2.718750000001118 2.843749999998984 0
4180 2.687500000001258 2.843749999999015 0
4181 2.718750000001223 2.874999999998918 0
4182 2.656250000001504 2.87499999999898 0
4183 2.718750000001329 2.906249999998851 0
4184 2.687500000001469 2.906249999998883 0
4185 2.656250000001714 2.937499999998848 0
4186 2.656250000001609 2.906249999998914 0
4187 2.656250000001819 2.968749999998781 0
4188 2.62500000000196 2.968749999998813 0
4189 2.625000000001749 2.906249999998946 0
4190 2.718750000001434 2.937499999998785 0
4191 2.718750000001539 2.968749999998718 0
4192 2.687500000001679 2.968749999998749 0
4193 2.718750000001644 2.999999999998652 0
4194 2.656250000001925 2.999999999998714 0
4195 2.593750000001995 2.937499999998911 0
4196 2.5937500000021 2.968749999998844 0
4197 2.56250000000224 2.968749999998876 0
4198 2.593750000002205 2.999999999998777 0
4199 2.531250000002486 2.99999999999884 0
4200 2.718750000001832 3.187499999998958 0
4201 2.750000000001724 3.218749999998977 0
4202 2.687500000001942 3.156249999998938 0
4203 2.718750000001801 3.156249999998907 0
4204 2.65625000000205 3.124999999998919 0
4205 2.71875000000177 3.124999999998856 0
4206 2.750000000001661 3.156249999998875 0
4207 2.625000000002159 3.093749999998899 0
4208 2.656250000002019 3.093749999998868 0
4209 2.656250000001988 3.062499999998817 0
4210 2.687500000001878 3.093749999998836 0
4211 2.625000000002096 3.031249999998797 0
4212 2.656250000001956 3.031249999998765 0
4213 2.718750000001739 3.093749999998805 0
4214 2.593750000002268 3.06249999999888 0
4215 2.562500000002377 3.03124999999886 0
4216 2.593750000002236 3.031249999998828 0
4217 2.718750000001707 3.062499999998753 0
4218 2.750000000001598 3.093749999998773 0
4219 2.687500000001816 3.031249999998734 0
4220 2.718750000001676 3.031249999998702 0
4221 2.750000000001536 3.031249999998671 0
4222 2.781250000001552 3.187499999998895 0
4223 2.781250000001583 3.218749999998946 0
4224 2.781250000001521 3.156249999998844 0
4225 2.81250000000138 3.156249999998812 0
4226 2.781250000001489 3.124999999998793 0
4227 2.843750000001209 3.124999999998729 0
4228 2.84375000000124 3.156249999998781 0
4229 2.781250000001458 3.093749999998741 0
4230 2.812500000001318 3.09374999999871 0
4231 2.843750000001146 3.062499999998627 0
4232 2.843750000001177 3.093749999998678 0
4233 2.843750000001114 3.031249999998576 0
4234 2.875000000000974 3.031249999998545 0
4235 2.875000000001037 3.093749999998647 0
4236 2.781250000001426 3.06249999999869 0
4237 2.781250000001395 3.031249999998639 0
4238 2.812500000001255 3.031249999998608 0
4239 2.906250000000865 3.062499999998564 0
4240 2.906250000000896 3.093749999998615 0
4241 2.906250000000834 3.031249999998513 0
4242 2.937500000000693 3.031249999998482 0
4243 2.968750000000553 3.03124999999845 0
4244 2.281250000002977 2.812499999999491 0
4245 2.250000000003012 2.781249999999589 0
4246 2.312500000002942 2.843749999999393 0
4247 2.281250000003082 2.843749999999424 0
4248 2.343750000002907 2.874999999999295 0
4249 2.281250000003188 2.874999999999358 0
4250 2.250000000003223 2.843749999999456 0
4251 2.375000000002872 2.906249999999197 0
4252 2.343750000003012 2.906249999999229 0
4253 2.343750000003118 2.937499999999162 0
4254 2.312500000003153 2.90624999999926 0
4255 2.375000000003082 2.968749999999065 0
4256 2.343750000003223 2.968749999999096 0
4257 2.281250000003293 2.906249999999291 0
4258 2.406250000002837 2.937499999999099 0
4259 2.437500000002802 2.968749999999002 0
4260 2.406250000002942 2.968749999999033 0
4261 2.468750000002767 2.999999999998904 0
4262 2.406250000003047 2.999999999998967 0
4263 2.281250000003398 2.937499999999225 0
4264 2.250000000003433 2.906249999999323 0
4265 2.312500000003363 2.968749999999127 0
4266 2.281250000003503 2.968749999999159 0
4267 2.343750000003328 2.99999999999903 0
4268 2.281250000003609 2.999999999999092 0
4269 2.250000000003644 2.96874999999919 0
4270 2.218750000003258 2.812499999999554 0
4271 2.218750000003363 2.843749999999488 0
4272 2.187500000003503 2.843749999999519 0
4273 2.218750000003468 2.874999999999421 0
4274 2.156250000003749 2.874999999999484 0
4275 2.218750000003574 2.906249999999354 0
4276 2.187500000003714 2.906249999999386 0
4277 2.156250000003959 2.937499999999351 0
4278 2.156250000003854 2.906249999999417 0
4279 2.156250000004065 2.968749999999285 0
4280 2.125000000004205 2.968749999999316 0
4281 2.125000000003995 2.906249999999449 0
4282 2.218750000003679 2.937499999999288 0
4283 2.218750000003784 2.968749999999222 0
4284 2.187500000003924 2.968749999999253 0
4285 2.218750000003889 2.999999999999155 0
4286 2.15625000000417 2.999999999999218 0
4287 2.09375000000424 2.937499999999414 0
4288 2.093750000004345 2.968749999999348 0
4289 2.062500000004486 2.968749999999379 0
4290 2.093750000004451 2.999999999999281 0
4291 2.031250000004731 2.999999999999345 0
4292 2.468750000002798 3.031249999998955 0
4293 2.437500000002938 3.031249999998986 0
4294 2.40625000000311 3.062499999999069 0
4295 2.406250000003078 3.031249999999018 0
4296 2.406250000003141 3.09374999999912 0
4297 2.375000000003282 3.093749999999151 0
4298 2.375000000003219 3.031249999999049 0
4299 2.343750000003453 3.124999999999234 0
4300 2.343750000003422 3.093749999999182 0
4301 2.312500000003562 3.093749999999214 0
4302 2.343750000003391 3.062499999999131 0
4303 2.281250000003734 3.124999999999296 0
4304 2.281250000003703 3.093749999999245 0
4305 2.343750000003359 3.031249999999081 0
4306 2.343750000003485 3.156249999999284 0
4307 2.312500000003625 3.156249999999316 0
4308 2.281250000003797 3.187499999999398 0
4309 2.281250000003765 3.156249999999347 0
4310 2.281250000003828 3.218749999999449 0
4311 2.250000000003968 3.218749999999481 0
4312 2.250000000003906 3.156249999999379 0
4313 2.312500000003499 3.031249999999112 0
4314 2.281250000003671 3.062499999999194 0
4315 2.28125000000364 3.031249999999143 0
4316 2.250000000003843 3.093749999999277 0
4317 2.25000000000378 3.031249999999175 0
4318 2.062500000004622 3.031249999999364 0
4319 2.031250000004762 3.031249999999395 0
4320 2.093750000004482 3.031249999999332 0
4321 2.093750000004513 3.062499999999383 0
4322 2.125000000004341 3.031249999999301 0
4323 2.125000000004404 3.093749999999403 0
4324 2.093750000004544 3.093749999999434 0
4325 2.156250000004201 3.031249999999269 0
4326 2.156250000004233 3.06249999999932 0
4327 2.187500000004124 3.09374999999934 0
4328 2.156250000004264 3.093749999999371 0
4329 2.218750000003983 3.093749999999308 0
4330 2.218750000004015 3.124999999999359 0
4331 2.156250000004295 3.124999999999422 0
4332 2.187500000004061 3.031249999999238 0
4333 2.21875000000392 3.031249999999206 0
4334 2.218750000003952 3.062499999999257 0
4335 2.187500000004186 3.156249999999442 0
4336 2.156250000004327 3.156249999999473 0
4337 2.218750000004046 3.15624999999941 0
4338 2.218750000004078 3.187499999999461 0
4339 2.218750000004109 3.218749999999512 0
4340 2.46875000000286 3.093749999999057 0
4341 2.468750000002923 3.156249999999158 0
4342 2.437500000003032 3.124999999999139 0
4343 2.468750000002986 3.21874999999926 0
4344 2.406250000003204 3.156249999999221 0
4345 2.468750000003049 3.281249999999362 0
4346 2.437500000003158 3.249999999999343 0
4347 2.40625000000333 3.281249999999425 0
4348 2.406250000003267 3.218749999999323 0
4349 2.406250000003393 3.343749999999527 0
4350 2.375000000003501 3.312499999999508 0
4351 2.375000000003376 3.187499999999304 0
4352 2.468750000003112 3.343749999999464 0
4353 2.468750000003175 3.406249999999567 0
4354 2.437500000003284 3.374999999999547 0
4355 2.468750000003238 3.468749999999669 0
4356 2.406250000003455 3.40624999999963 0
4357 2.343750000003547 3.218749999999386 0
4358 2.34375000000361 3.281249999999488 0
4359 2.312500000003719 3.249999999999469 0
4360 2.343750000003673 3.343749999999591 0
4361 2.281250000003891 3.281249999999551 0
4362 2.781250000001646 3.281249999999047 0
4363 2.781250000001678 3.312499999999098 0
4364 2.750000000001787 3.281249999999079 0
4365 2.812500000001569 3.343749999999118 0
4366 2.781250000001709 3.343749999999149 0
4367 2.843750000001429 3.343749999999087 0
4368 2.84375000000146 3.374999999999138 0
4369 2.781250000001741 3.3749999999992 0
4370 2.75000000000185 3.343749999999181 0
4371 2.875000000001351 3.406249999999157 0
4372 2.843750000001492 3.406249999999188 0
4373 2.843750000001523 3.437499999999239 0
4374 2.812500000001632 3.40624999999922 0
4375 2.875000000001414 3.468749999999259 0
4376 2.843750000001555 3.46874999999929 0
4377 2.781250000001772 3.406249999999251 0
4378 2.906250000001211 3.406249999999126 0
4379 2.906250000001243 3.437499999999177 0
4380 2.937500000001134 3.468749999999196 0
4381 2.906250000001274 3.468749999999227 0
4382 2.968750000000994 3.468749999999165 0
4383 2.968750000001025 3.499999999999216 0
4384 2.906250000001306 3.499999999999278 0
4385 2.781250000001804 3.437499999999302 0
4386 2.750000000001913 3.406249999999283 0
4387 2.812500000001695 3.468749999999322 0
4388 2.781250000001835 3.468749999999353 0
4389 2.843750000001586 3.499999999999341 0
4390 2.781250000001867 3.499999999999404 0
4391 2.750000000001975 3.468749999999385 0
4392 2.718750000001958 3.312499999999161 0
4393 2.71875000000199 3.343749999999212 0
4394 2.68750000000213 3.343749999999244 0
4395 2.718750000002021 3.374999999999263 0
4396 2.656250000002302 3.374999999999326 0
4397 2.718750000002053 3.406249999999314 0
4398 2.687500000002193 3.406249999999346 0
4399 2.656250000002364 3.437499999999428 0
4400 2.656250000002333 3.406249999999377 0
4401 2.656250000002396 3.46874999999948 0
4402 2.625000000002536 3.468749999999511 0
4403 2.625000000002474 3.406249999999409 0
4404 2.718750000002085 3.437499999999365 0
4405 2.718750000002116 3.468749999999416 0
4406 2.687500000002256 3.468749999999448 0
4407 2.718750000002147 3.499999999999468 0
4408 2.656250000002427 3.499999999999531 0
4409 2.593750000002645 3.437499999999492 0
4410 2.593750000002677 3.468749999999543 0
4411 2.562500000002817 3.468749999999574 0
4412 2.593750000002708 3.499999999999594 0
4413 2.531250000002989 3.499999999999656 0
4414 2.968750000001057 3.531249999999266 0
4415 2.937500000001197 3.531249999999298 0
4416 2.906250000001369 3.56249999999938 0
4417 2.906250000001337 3.531249999999329 0
4418 2.9062500000014 3.593749999999432 0
4419 2.875000000001541 3.593749999999463 0
4420 2.875000000001477 3.531249999999361 0
4421 2.843750000001712 3.624999999999546 0
4422 2.843750000001681 3.593749999999495 0
4423 2.812500000001821 3.593749999999526 0
4424 2.843750000001649 3.562499999999444 0
4425 2.781250000001993 3.624999999999609 0
4426 2.781250000001961 3.593749999999558 0
4427 2.843750000001618 3.531249999999392 0
4428 2.843750000001744 3.656249999999597 0
4429 2.812500000001884 3.656249999999628 0
4430 2.781250000002056 3.687499999999711 0
4431 2.781250000002024 3.65624999999966 0
4432 2.781250000002087 3.718749999999762 0
4433 2.750000000002228 3.718749999999793 0
4434 2.750000000002164 3.656249999999691 0
4435 2.812500000001758 3.531249999999424 0
4436 2.78125000000193 3.562499999999507 0
4437 2.781250000001898 3.531249999999456 0
4438 2.750000000002101 3.593749999999589 0
4439 2.750000000002038 3.531249999999487 0
4440 2.56250000000288 3.531249999999676 0
4441 2.53125000000302 3.531249999999707 0
4442 2.59375000000274 3.531249999999645 0
4443 2.593750000002771 3.562499999999695 0
4444 2.625000000002599 3.531249999999613 0
4445 2.625000000002662 3.593749999999715 0
4446 2.593750000002803 3.593749999999746 0
4447 2.656250000002459 3.531249999999582 0
4448 2.65625000000249 3.562499999999633 0
4449 2.687500000002382 3.593749999999652 0
4450 2.656250000002522 3.593749999999684 0
4451 2.718750000002242 3.593749999999621 0
4452 2.718750000002273 3.624999999999672 0
4453 2.656250000002554 3.624999999999734 0
4454 2.687500000002319 3.53124999999955 0
4455 2.718750000002179 3.531249999999519 0
4456 2.71875000000221 3.56249999999957 0
4457 2.687500000002445 3.656249999999754 0
4458 2.656250000002585 3.656249999999786 0
4459 2.718750000002305 3.656249999999723 0
4460 2.718750000002336 3.687499999999774 0
4461 2.718750000002368 3.718749999999825 0
4462 2.96875000000112 3.593749999999369 0
4463 2.968750000001183 3.656249999999471 0
4464 2.937500000001291 3.624999999999451 0
4465 2.968750000001245 3.718749999999573 0
4466 2.906250000001463 3.656249999999534 0
4467 2.968750000001308 3.781249999999675 0
4468 2.937500000001417 3.749999999999655 0
4469 2.906250000001589 3.781249999999738 0
4470 2.906250000001526 3.718749999999636 0
4471 2.906250000001652 3.843749999999839 0
4472 2.87500000000176 3.81249999999982 0
4473 2.875000000001635 3.687499999999616 0
4474 2.968750000001371 3.843749999999777 0
4475 2.968750000001434 3.906249999999878 0
4476 2.937500000001543 3.874999999999859 0
4477 2.968750000001497 3.96874999999998 0
4478 2.906250000001715 3.906249999999941 0
4479 2.843750000001807 3.718749999999699 0
4480 2.84375000000187 3.7812499999998 0
4481 2.812500000001978 3.749999999999781 0
4482 2.843750000001932 3.843749999999902 0
4483 2.78125000000215 3.781249999999863 0
4484 2.812500000001443 3.218749999998914 0
4485 2.781250000001615 3.249999999998996 0
4486 2.843750000001271 3.187499999998832 0
4487 2.843750000001303 3.218749999998883 0
4488 2.8750000000011 3.156249999998749 0
4489 2.875000000001162 3.218749999998851 0
4490 2.843750000001334 3.249999999998934 0
4491 2.906250000000928 3.124999999998666 0
4492 2.906250000000959 3.156249999998717 0
4493 2.937500000000819 3.156249999998686 0
4494 2.90625000000099 3.187499999998769 0
4495 2.968750000000647 3.124999999998603 0
4496 2.968750000000679 3.156249999998654 0
4497 2.906250000001022 3.21874999999882 0
4498 2.937500000000756 3.093749999998584 0
4499 2.968750000000584 3.062499999998501 0
4500 2.968750000000616 3.093749999998552 0
4501 3.000000000000413 3.031249999998419 0
4502 3.000000000000476 3.093749999998521 0
4503 2.937500000000882 3.218749999998788 0
4504 2.906250000001053 3.249999999998871 0
4505 2.968750000000711 3.187499999998705 0
4506 2.968750000000742 3.218749999998757 0
4507 3.000000000000539 3.156249999998623 0
4508 3.000000000000601 3.218749999998725 0
4509 2.968750000000773 3.249999999998808 0
4510 2.812500000001506 3.281249999999016 0
4511 2.843750000001366 3.281249999998985 0
4512 2.843750000001397 3.312499999999035 0
4513 2.875000000001225 3.281249999998953 0
4514 2.875000000001288 3.343749999999055 0
4515 2.906250000001085 3.281249999998922 0
4516 2.906250000001116 3.312499999998973 0
4517 2.937500000001008 3.343749999998992 0
4518 2.906250000001148 3.343749999999024 0
4519 2.968750000000868 3.343749999998961 0
4520 2.968750000000899 3.374999999999012 0
4521 2.90625000000118 3.374999999999075 0
4522 2.937500000000945 3.28124999999889 0
4523 2.968750000000805 3.281249999998859 0
4524 2.968750000000836 3.31249999999891 0
4525 3.000000000000664 3.281249999998827 0
4526 3.000000000000727 3.343749999998929 0
4527 2.937500000001071 3.406249999999094 0
4528 2.968750000000931 3.406249999999063 0
4529 2.968750000000962 3.437499999999114 0
4530 3.00000000000079 3.406249999999031 0
4531 3.000000000000854 3.468749999999133 0
4532 3.218750000000361 3.281249999998827 0
4533 3.187500000000404 3.281249999998827 0
4534 3.21875000000033 3.249999999998776 0
4535 3.156250000000479 3.312499999998878 0
4536 3.156250000000448 3.281249999998827 0
4537 3.156250000000511 3.343749999998929 0
4538 3.125000000000554 3.343749999998929 0
4539 3.125000000000491 3.281249999998827 0
4540 3.156250000000416 3.249999999998776 0
4541 3.093750000000629 3.37499999999898 0
4542 3.093750000000597 3.343749999998929 0
4543 3.062500000000641 3.343749999998929 0
4544 3.093750000000566 3.312499999998878 0
4545 3.031250000000716 3.37499999999898 0
4546 3.031250000000684 3.343749999998929 0
4547 3.093750000000534 3.281249999998827 0
4548 3.09375000000066 3.406249999999031 0
4549 3.062500000000704 3.406249999999031 0
4550 3.031250000000779 3.437499999999083 0
4551 3.031250000000747 3.406249999999031 0
4552 3.03125000000081 3.468749999999133 0
4553 3.062500000000578 3.281249999998827 0
4554 3.093750000000503 3.249999999998776 0
4555 3.031250000000653 3.312499999998878 0
4556 3.031250000000621 3.281249999998827 0
4557 3.03125000000059 3.249999999998776 0
4558 3.187500000000341 3.218749999998725 0
4559 3.156250000000385 3.218749999998725 0
4560 3.156250000000353 3.187499999998674 0
4561 3.125000000000428 3.218749999998725 0
4562 3.125000000000365 3.156249999998623 0
4563 3.093750000000471 3.218749999998725 0
4564 3.09375000000044 3.187499999998674 0
4565 3.062500000000452 3.156249999998623 0
4566 3.093750000000408 3.156249999998623 0
4567 3.031250000000495 3.156249999998623 0
4568 3.031250000000464 3.124999999998572 0
4569 3.093750000000377 3.124999999998572 0
4570 3.062500000000515 3.218749999998725 0
4571 3.031250000000558 3.218749999998725 0
4572 3.031250000000527 3.187499999998674 0
4573 3.062500000000389 3.093749999998521 0
4574 3.031250000000432 3.093749999998521 0
4575 3.031250000000401 3.06249999999847 0
4576 3.21875000000077 3.68749999999949 0
4577 3.250000000000758 3.718749999999541 0
4578 3.187500000000782 3.656249999999439 0
4579 3.218750000000738 3.656249999999439 0
4580 3.156250000000794 3.624999999999388 0
4581 3.218750000000707 3.624999999999388 0
4582 3.250000000000695 3.656249999999439 0
4583 3.125000000000806 3.593749999999337 0
4584 3.156250000000762 3.593749999999337 0
4585 3.156250000000731 3.562499999999286 0
4586 3.187500000000719 3.593749999999337 0
4587 3.125000000000743 3.531249999999235 0
4588 3.156250000000699 3.531249999999235 0
4589 3.218750000000675 3.593749999999337 0
4590 3.093750000000818 3.562499999999286 0
4591 3.06250000000083 3.531249999999235 0
4592 3.093750000000786 3.531249999999235 0
4593 3.031250000000842 3.499999999999184 0
4594 3.093750000000755 3.499999999999184 0
4595 3.218750000000643 3.562499999999286 0
4596 3.250000000000631 3.593749999999337 0
4597 3.187500000000655 3.531249999999235 0
4598 3.218750000000612 3.531249999999235 0
4599 3.156250000000667 3.499999999999184 0
4600 3.21875000000058 3.499999999999184 0
4601 3.250000000000568 3.531249999999235 0
4602 3.281250000000683 3.68749999999949 0
4603 3.281250000000714 3.718749999999541 0
4604 3.281250000000651 3.656249999999439 0
4605 3.312500000000608 3.656249999999439 0
4606 3.28125000000062 3.624999999999388 0
4607 3.343750000000533 3.624999999999388 0
4608 3.343750000000565 3.656249999999439 0
4609 3.281250000000588 3.593749999999337 0
4610 3.312500000000545 3.593749999999337 0
4611 3.34375000000047 3.562499999999286 0
4612 3.343750000000502 3.593749999999337 0
4613 3.343750000000439 3.531249999999235 0
4614 3.375000000000396 3.531249999999235 0
4615 3.375000000000459 3.593749999999337 0
4616 3.281250000000557 3.562499999999286 0
4617 3.281250000000525 3.531249999999235 0
4618 3.312500000000482 3.531249999999235 0
4619 3.281250000000494 3.499999999999184 0
4620 3.343750000000407 3.499999999999184 0
4621 3.406250000000384 3.562499999999286 0
4622 3.406250000000416 3.593749999999337 0
4623 3.406250000000353 3.531249999999235 0
4624 3.437500000000309 3.531249999999235 0
4625 3.406250000000321 3.499999999999184 0
4626 3.468750000000234 3.499999999999184 0
4627 3.468750000000266 3.531249999999235 0
4628 3.281250000000306 3.312499999998878 0
4629 3.250000000000317 3.281249999998827 0
4630 3.312500000000294 3.343749999998929 0
4631 3.281250000000337 3.343749999998929 0
4632 3.343750000000282 3.37499999999898 0
4633 3.281250000000368 3.37499999999898 0
4634 3.25000000000038 3.343749999998929 0
4635 3.37500000000027 3.406249999999031 0
4636 3.343750000000313 3.406249999999031 0
4637 3.343750000000345 3.437499999999083 0
4638 3.312500000000356 3.406249999999031 0
4639 3.375000000000333 3.468749999999133 0
4640 3.343750000000376 3.468749999999133 0
4641 3.2812500000004 3.406249999999031 0
4642 3.406250000000258 3.437499999999083 0
4643 3.437500000000246 3.468749999999133 0
4644 3.40625000000029 3.468749999999133 0
4645 3.281250000000431 3.437499999999083 0
4646 3.250000000000443 3.406249999999031 0
4647 3.312500000000419 3.468749999999133 0
4648 3.281250000000462 3.468749999999133 0
4649 3.250000000000505 3.468749999999133 0
4650 3.218750000000392 3.312499999998878 0
4651 3.218750000000424 3.343749999998929 0
4652 3.187500000000467 3.343749999998929 0
4653 3.218750000000455 3.37499999999898 0
4654 3.156250000000542 3.37499999999898 0
4655 3.218750000000486 3.406249999999031 0
4656 3.18750000000053 3.406249999999031 0
4657 3.156250000000605 3.437499999999083 0
4658 3.156250000000573 3.406249999999031 0
4659 3.156250000000636 3.468749999999133 0
4660 3.125000000000679 3.468749999999133 0
4661 3.125000000000617 3.406249999999031 0
4662 3.218750000000518 3.437499999999083 0
4663 3.218750000000549 3.468749999999133 0
4664 3.187500000000592 3.468749999999133 0
4665 3.093750000000692 3.437499999999083 0
4666 3.093750000000723 3.468749999999133 0
4667 3.062500000000766 3.468749999999133 0
4668 3.437500000000749 3.968749999999949 0
4669 3.468750000000706 3.968749999999949 0
4670 3.406250000000793 3.968749999999949 0
4671 3.406250000000761 3.937499999999898 0
4672 3.375000000000836 3.968749999999949 0
4673 3.375000000000773 3.906249999999847 0
4674 3.40625000000073 3.906249999999847 0
4675 3.343750000000879 3.968749999999949 0
4676 3.343750000000848 3.937499999999898 0
4677 3.31250000000086 3.906249999999847 0
4678 3.343750000000816 3.906249999999847 0
4679 3.281250000000903 3.906249999999847 0
4680 3.281250000000871 3.874999999999796 0
4681 3.343750000000785 3.874999999999796 0
4682 3.312500000000923 3.968749999999949 0
4683 3.281250000000966 3.968749999999949 0
4684 3.281250000000934 3.937499999999898 0
4685 3.250000000001009 3.968749999999949 0
4686 3.250000000000946 3.906249999999847 0
4687 3.312500000000797 3.843749999999745 0
4688 3.343750000000754 3.843749999999745 0
4689 3.28125000000084 3.843749999999745 0
4690 3.281250000000809 3.812499999999694 0
4691 3.250000000000883 3.843749999999745 0
4692 3.250000000000821 3.781249999999643 0
4693 3.281250000000777 3.781249999999643 0
4694 3.218750000001052 3.968749999999949 0
4695 3.187500000001096 3.968749999999949 0
4696 3.218750000001021 3.937499999999898 0
4697 3.15625000000114 3.968749999999949 0
4698 3.218750000000989 3.906249999999847 0
4699 3.125000000001183 3.968749999999949 0
4700 3.156250000001108 3.937499999999898 0
4701 3.156250000001076 3.906249999999847 0
4702 3.187500000001033 3.906249999999847 0
4703 3.12500000000112 3.906249999999847 0
4704 3.156250000001045 3.874999999999796 0
4705 3.218750000000958 3.874999999999796 0
4706 3.093750000001226 3.968749999999949 0
4707 3.06250000000127 3.968749999999949 0
4708 3.093750000001195 3.937499999999898 0
4709 3.218750000000927 3.843749999999745 0
4710 3.18750000000097 3.843749999999745 0
4711 3.218750000000895 3.812499999999694 0
4712 3.312500000000671 3.718749999999541 0
4713 3.281250000000746 3.749999999999592 0
4714 3.343750000000596 3.68749999999949 0
4715 3.343750000000628 3.718749999999541 0
4716 3.375000000000521 3.656249999999439 0
4717 3.375000000000584 3.718749999999541 0
4718 3.343750000000659 3.749999999999592 0
4719 3.406250000000447 3.624999999999388 0
4720 3.406250000000478 3.656249999999439 0
4721 3.437500000000434 3.656249999999439 0
4722 3.406250000000509 3.68749999999949 0
4723 3.46875000000036 3.624999999999388 0
4724 3.468750000000391 3.656249999999439 0
4725 3.406250000000541 3.718749999999541 0
4726 3.437500000000372 3.593749999999337 0
4727 3.468750000000297 3.562499999999286 0
4728 3.468750000000329 3.593749999999337 0
4729 3.500000000000222 3.531249999999235 0
4730 3.500000000000285 3.593749999999337 0
4731 3.437500000000497 3.718749999999541 0
4732 3.406250000000572 3.749999999999592 0
4733 3.468750000000423 3.68749999999949 0
4734 3.468750000000454 3.718749999999541 0
4735 3.500000000000348 3.656249999999439 0
4736 3.50000000000041 3.718749999999541 0
4737 3.468750000000485 3.749999999999592 0
4738 3.312500000000734 3.781249999999643 0
4739 3.343750000000691 3.781249999999643 0
4740 3.343750000000722 3.812499999999694 0
4741 3.375000000000647 3.781249999999643 0
4742 3.37500000000071 3.843749999999745 0
4743 3.406250000000604 3.781249999999643 0
4744 3.406250000000635 3.812499999999694 0
4745 3.437500000000623 3.843749999999745 0
4746 3.406250000000667 3.843749999999745 0
4747 3.46875000000058 3.843749999999745 0
4748 3.468750000000611 3.874999999999796 0
4749 3.406250000000698 3.874999999999796 0
4750 3.43750000000056 3.781249999999643 0
4751 3.468750000000517 3.781249999999643 0
4752 3.468750000000548 3.812499999999694 0
4753 3.500000000000473 3.781249999999643 0
4754 3.500000000000536 3.843749999999745 0
4755 3.437500000000686 3.906249999999847 0
4756 3.468750000000643 3.906249999999847 0
4757 3.468750000000674 3.937499999999898 0
4758 3.5000000000006 3.906249999999847 0
4759 3.500000000000663 3.968749999999949 0
4760 3.71875000000017 3.781249999999643 0
4761 3.687500000000213 3.781249999999643 0
4762 3.718750000000139 3.749999999999592 0
4763 3.656250000000288 3.812499999999694 0
4764 3.656250000000257 3.781249999999643 0
4765 3.65625000000032 3.843749999999745 0
4766 3.625000000000363 3.843749999999745 0
4767 3.6250000000003 3.781249999999643 0
4768 3.656250000000225 3.749999999999592 0
4769 3.593750000000438 3.874999999999796 0
4770 3.593750000000406 3.843749999999745 0
4771 3.56250000000045 3.843749999999745 0
4772 3.593750000000375 3.812499999999694 0
4773 3.531250000000525 3.874999999999796 0
4774 3.531250000000493 3.843749999999745 0
4775 3.593750000000343 3.781249999999643 0
4776 3.593750000000469 3.906249999999847 0
4777 3.562500000000513 3.906249999999847 0
4778 3.531250000000588 3.937499999999898 0
4779 3.531250000000556 3.906249999999847 0
4780 3.531250000000619 3.968749999999949 0
4781 3.562500000000387 3.781249999999643 0
4782 3.593750000000312 3.749999999999592 0
4783 3.531250000000462 3.812499999999694 0
4784 3.53125000000043 3.781249999999643 0
4785 3.531250000000399 3.749999999999592 0
4786 3.68750000000015 3.718749999999541 0
4787 3.656250000000194 3.718749999999541 0
4788 3.656250000000163 3.68749999999949 0
4789 3.625000000000237 3.718749999999541 0
4790 3.625000000000174 3.656249999999439 0
4791 3.59375000000028 3.718749999999541 0
4792 3.593750000000249 3.68749999999949 0
4793 3.562500000000261 3.656249999999439 0
4794 3.593750000000218 3.656249999999439 0
4795 3.531250000000304 3.656249999999439 0
4796 3.531250000000273 3.624999999999388 0
4797 3.593750000000187 3.624999999999388 0
4798 3.562500000000324 3.718749999999541 0
4799 3.531250000000367 3.718749999999541 0
4800 3.531250000000336 3.68749999999949 0
4801 3.562500000000198 3.593749999999337 0
4802 3.531250000000242 3.593749999999337 0
4803 3.53125000000021 3.562499999999286 0
4804 3.937500000000055 3.968749999999949 0
4805 3.906250000000099 3.968749999999949 0
4806 3.906250000000067 3.937499999999898 0
4807 3.875000000000142 3.968749999999949 0
4808 3.875000000000079 3.906249999999847 0
4809 3.843750000000185 3.968749999999949 0
4810 3.843750000000154 3.937499999999898 0
4811 3.812500000000166 3.906249999999847 0
4812 3.843750000000122 3.906249999999847 0
4813 3.781250000000209 3.906249999999847 0
4814 3.781250000000178 3.874999999999796 0
4815 3.843750000000091 3.874999999999796 0
4816 3.812500000000229 3.968749999999949 0
4817 3.781250000000272 3.968749999999949 0
4818 3.781250000000241 3.937499999999898 0
4819 3.750000000000315 3.968749999999949 0
4820 3.750000000000253 3.906249999999847 0
4821 3.812500000000103 3.843749999999745 0
4822 3.781250000000146 3.843749999999745 0
4823 3.781250000000115 3.812499999999694 0
4824 3.75000000000019 3.843749999999745 0
4825 3.750000000000127 3.781249999999643 0
4826 3.718750000000359 3.968749999999949 0
4827 3.687500000000402 3.968749999999949 0
4828 3.718750000000328 3.937499999999898 0
4829 3.656250000000446 3.968749999999949 0
4830 3.718750000000296 3.906249999999847 0
4831 3.625000000000489 3.968749999999949 0
4832 3.656250000000414 3.937499999999898 0
4833 3.656250000000383 3.906249999999847 0
4834 3.687500000000339 3.906249999999847 0
4835 3.625000000000426 3.906249999999847 0
4836 3.656250000000351 3.874999999999796 0
4837 3.718750000000265 3.874999999999796 0
4838 3.593750000000532 3.968749999999949 0
4839 3.562500000000576 3.968749999999949 0
4840 3.593750000000501 3.937499999999898 0
4841 3.718750000000233 3.843749999999745 0
4842 3.687500000000276 3.843749999999745 0
4843 3.718750000000202 3.812499999999694 0
$EndNodes
$Elements
9376
1 1 2 2 1 25 2
2 1 2 2 1 2 26
3 1 2 2 1 26 3
4 1 2 2 1 3 22
5 1 2 2 1 22 4
6 1 2 2 1 4 27
7 1 2 2 1 27 5
8 1 2 2 1 5 19
9 1 2 2 1 19 6
10 1 2 2 1 6 28
11 1 2 2 1 28 7
12 1 2 2 1 7 23
13 1 2 2 1 23 8
14 1 2 2 1 8 29
15 1 2 2 1 29 9
16 1 2 2 1 9 20
17 1 2 2 1 20 1
18 1 2 2 1 1 30
19 1 2 2 1 30 11
20 1 2 2 1 11 24
21 1 2 2 1 24 12
22 1 2 2 1 12 31
23 1 2 2 1 31 13
24 1 2 2 1 13 21
25 1 2 2 1 21 14
26 1 2 2 1 14 32
27 1 2 2 1 32 15
28 1 2 2 1 15 18
29 1 2 2 1 18 16
30 1 2 2 1 16 33
31 1 2 2 1 33 17
32 1 2 2 1 17 10
33 1 2 3 2 10 34
34 1 2 3 2 34 58
35 1 2 3 2 58 49
36 1 2 3 2 49 62
37 1 2 3 2 62 48
38 1 2 3 2 48 57
39 1 2 3 2 57 47
40 1 2 3 2 47 65
41 1 2 3 2 65 46
42 1 2 3 2 46 56
43 1 2 3 2 56 45
44 1 2 3 2 45 61
45 1 2 3 2 61 44
46 1 2 3 2 44 55
47 1 2 3 2 55 43
48 1 2 3 2 43 64
49 1 2 3 2 64 42
50 1 2 3 2 42 54
51 1 2 3 2 54 41
52 1 2 3 2 41 60
53 1 2 3 2 60 40
54 1 2 3 2 40 53
55 1 2 3 2 53 39
56 1 2 3 2 39 63
57 1 2 3 2 63 38
58 1 2 3 2 38 52
59 1 2 3 2 52 37
60 1 2 3 2 37 59
61 1 2 3 2 59 36
62 1 2 3 2 36 51
63 1 2 3 2 51 35
64 1 2 3 2 35 50
65 1 2 4 3 121 80
66 1 2 4 3 80 108
67 1 2 4 3 108 67
68 1 2 4 3 67 115
69 1 2 4 3 115 68
70 1 2 4 3 68 107
71 1 2 4 3 107 69
72 1 2 4 3 69 120
73 1 2 4 3 120 70
74 1 2 4 3 70 106
75 1 2 4 3 106 71
76 1 2 4 3 71 114
77 1 2 4 3 114 72
78 1 2 4 3 72 105
79 1 2 4 3 105 73
80 1 2 4 3 73 119
81 1 2 4 3 119 74
82 1 2 4 3 74 104
83 1 2 4 3 104 75
84 1 2 4 3 75 113
85 1 2 4 3 113 76
86 1 2 4 3 76 103
87 1 2 4 3 103 77
88 1 2 4 3 77 94
89 1 2 4 3 118 78
90 1 2 4 3 78 102
91 1 2 4 3 102 79
92 1 2 4 3 79 112
93 1 2 4 3 112 66
94 1 2 4 3 66 101
95 1 2 4 3 101 81
96 1 2 4 3 81 117
97 1 2 4 3 117 82
98 1 2 4 3 82 100
99 1 2 4 3 100 83
100 1 2 4 3 83 111
101 1 2 4 3 111 84
102 1 2 4 3 84 99
103 1 2 4 3 99 85
104 1 2 4 3 85 121
105 1 2 4 3 50 86
106 1 2 4 3 86 98
107 1 2 4 3 98 87
108 1 2 4 3 87 110
109 1 2 4 3 110 88
110 1 2 4 3 88 97
111 1 2 4 3 97 89
112 1 2 4 3 89 116
113 1 2 4 3 116 90
114 1 2 4 3 90 96
115 1 2 4 3 96 91
116 1 2 4 3 91 109
117 1 2 4 3 109 92
118 1 2 4 3 92 95
119 1 2 4 3 95 93
120 1 2 4 3 93 118
121 1 2 5 4 94 132
122 1 2 5 4 132 152
123 1 2 5 4 152 123
124 1 2 5 4 123 157
125 1 2 5 4 157 124
126 1 2 5 4 124 151
127 1 2 5 4 151 125
128 1 2 5 4 125 142
129 1 2 5 4 142 126
130 1 2 5 4 126 150
131 1 2 5 4 150 127
132 1 2 5 4 127 156
133 1 2 5 4 156 128
134 1 2 5 4 128 149
135 1 2 5 4 149 129
136 1 2 5 4 129 160
137 1 2 5 4 160 130
138 1 2 5 4 130 148
139 1 2 5 4 148 131
140 1 2 5 4 131 155
141 1 2 5 4 155 122
142 1 2 5 4 122 147
143 1 2 5 4 147 133
144 1 2 5 4 133 159
145 1 2 5 4 159 134
146 1 2 5 4 134 146
147 1 2 5 4 146 135
148 1 2 5 4 135 154
149 1 2 5 4 154 136
150 1 2 5 4 136 145
151 1 2 5 4 145 137
152 1 2 5 4 137 158
153 1 2 5 4 158 138
154 1 2 5 4 138 144
155 1 2 5 4 144 139
156 1 2 5 4 139 153
157 1 2 5 4 153 140
158 1 2 5 4 140 143
159 1 2 5 4 143 141
160 1 2 5 4 141 25
161 2 2 1 1 160 1344 1346
162 2 2 1 1 1344 1345 1346
163 2 2 1 1 1344 458 1345
164 2 2 1 1 1346 1345 460
165 2 2 1 1 458 1347 1345
166 2 2 1 1 1347 1348 1345
167 2 2 1 1 1347 459 1348
168 2 2 1 1 1345 1348 460
169 2 2 1 1 458 1349 1347
170 2 2 1 1 1349 1350 1347
171 2 2 1 1 1349 231 1350
172 2 2 1 1 1347 1350 459
173 2 2 1 1 460 1348 1352
174 2 2 1 1 1348 1351 1352
175 2 2 1 1 1348 459 1351
176 2 2 1 1 1352 1351 233
177 2 2 1 1 231 1353 1350
178 2 2 1 1 1353 1354 1350
179 2 2 1 1 1353 461 1354
180 2 2 1 1 1350 1354 459
181 2 2 1 1 461 1355 1354
182 2 2 1 1 1355 1356 1354
183 2 2 1 1 1355 462 1356
184 2 2 1 1 1354 1356 459
185 2 2 1 1 461 1357 1355
186 2 2 1 1 1357 1358 1355
187 2 2 1 1 1357 232 1358
188 2 2 1 1 1355 1358 462
189 2 2 1 1 459 1356 1351
190 2 2 1 1 1356 1359 1351
191 2 2 1 1 1356 462 1359
192 2 2 1 1 1351 1359 233
193 2 2 1 1 231 1360 1353
194 2 2 1 1 1360 1361 1353
195 2 2 1 1 1360 463 1361
196 2 2 1 1 1353 1361 461
197 2 2 1 1 463 1362 1361
198 2 2 1 1 1362 1363 1361
199 2 2 1 1 1362 464 1363
200 2 2 1 1 1361 1363 461
201 2 2 1 1 463 1364 1362
202 2 2 1 1 1364 1365 1362
203 2 2 1 1 1364 162 1365
204 2 2 1 1 1362 1365 464
205 2 2 1 1 461 1363 1357
206 2 2 1 1 1363 1366 1357
207 2 2 1 1 1363 464 1366
208 2 2 1 1 1357 1366 232
209 2 2 1 1 233 1359 1368
210 2 2 1 1 1359 1367 1368
211 2 2 1 1 1359 462 1367
212 2 2 1 1 1368 1367 466
213 2 2 1 1 462 1369 1367
214 2 2 1 1 1369 1370 1367
215 2 2 1 1 1369 465 1370
216 2 2 1 1 1367 1370 466
217 2 2 1 1 462 1358 1369
218 2 2 1 1 1358 1371 1369
219 2 2 1 1 1358 232 1371
220 2 2 1 1 1369 1371 465
221 2 2 1 1 466 1370 1373
222 2 2 1 1 1370 1372 1373
223 2 2 1 1 1370 465 1372
224 2 2 1 1 1373 1372 163
225 2 2 1 1 163 1374 1373
226 2 2 1 1 1374 1375 1373
227 2 2 1 1 1374 467 1375
228 2 2 1 1 1373 1375 466
229 2 2 1 1 467 1376 1375
230 2 2 1 1 1376 1377 1375
231 2 2 1 1 1376 468 1377
232 2 2 1 1 1375 1377 466
233 2 2 1 1 467 1378 1376
234 2 2 1 1 1378 1379 1376
235 2 2 1 1 1378 234 1379
236 2 2 1 1 1376 1379 468
237 2 2 1 1 466 1377 1368
238 2 2 1 1 1377 1380 1368
239 2 2 1 1 1377 468 1380
240 2 2 1 1 1368 1380 233
241 2 2 1 1 234 1381 1379
242 2 2 1 1 1381 1382 1379
243 2 2 1 1 1381 469 1382
244 2 2 1 1 1379 1382 468
245 2 2 1 1 469 1383 1382
246 2 2 1 1 1383 1384 1382
247 2 2 1 1 1383 470 1384
248 2 2 1 1 1382 1384 468
249 2 2 1 1 469 1385 1383
250 2 2 1 1 1385 1386 1383
251 2 2 1 1 1385 156 1386
252 2 2 1 1 1383 1386 470
253 2 2 1 1 468 1384 1380
254 2 2 1 1 1384 1387 1380
255 2 2 1 1 1384 470 1387
256 2 2 1 1 1380 1387 233
257 2 2 1 1 234 1388 1381
258 2 2 1 1 1388 1389 1381
259 2 2 1 1 1388 471 1389
260 2 2 1 1 1381 1389 469
261 2 2 1 1 471 1390 1389
262 2 2 1 1 1390 1391 1389
263 2 2 1 1 1390 150 1391
264 2 2 1 1 1389 1391 469
265 2 2 1 1 471 1392 1390
266 2 2 1 1 1392 126 1390
267 2 2 1 1 1392 142 126
268 2 2 1 1 1390 126 150
269 2 2 1 1 469 1391 1385
270 2 2 1 1 1391 127 1385
271 2 2 1 1 1391 150 127
272 2 2 1 1 1385 127 156
273 2 2 1 1 233 1387 1352
274 2 2 1 1 1387 1393 1352
275 2 2 1 1 1387 470 1393
276 2 2 1 1 1352 1393 460
277 2 2 1 1 470 1394 1393
278 2 2 1 1 1394 1395 1393
279 2 2 1 1 1394 149 1395
280 2 2 1 1 1393 1395 460
281 2 2 1 1 470 1386 1394
282 2 2 1 1 1386 128 1394
283 2 2 1 1 1386 156 128
284 2 2 1 1 1394 128 149
285 2 2 1 1 460 1395 1346
286 2 2 1 1 1395 129 1346
287 2 2 1 1 1395 149 129
288 2 2 1 1 1346 129 160
289 2 2 1 1 142 1392 1397
290 2 2 1 1 1392 1396 1397
291 2 2 1 1 1392 471 1396
292 2 2 1 1 1397 1396 473
293 2 2 1 1 471 1398 1396
294 2 2 1 1 1398 1399 1396
295 2 2 1 1 1398 472 1399
296 2 2 1 1 1396 1399 473
297 2 2 1 1 471 1388 1398
298 2 2 1 1 1388 1400 1398
299 2 2 1 1 1388 234 1400
300 2 2 1 1 1398 1400 472
301 2 2 1 1 473 1399 1402
302 2 2 1 1 1399 1401 1402
303 2 2 1 1 1399 472 1401
304 2 2 1 1 1402 1401 236
305 2 2 1 1 234 1403 1400
306 2 2 1 1 1403 1404 1400
307 2 2 1 1 1403 474 1404
308 2 2 1 1 1400 1404 472
309 2 2 1 1 474 1405 1404
310 2 2 1 1 1405 1406 1404
311 2 2 1 1 1405 475 1406
312 2 2 1 1 1404 1406 472
313 2 2 1 1 474 1407 1405
314 2 2 1 1 1407 1408 1405
315 2 2 1 1 1407 235 1408
316 2 2 1 1 1405 1408 475
317 2 2 1 1 472 1406 1401
318 2 2 1 1 1406 1409 1401
319 2 2 1 1 1406 475 1409
320 2 2 1 1 1401 1409 236
321 2 2 1 1 234 1378 1403
322 2 2 1 1 1378 1410 1403
323 2 2 1 1 1378 467 1410
324 2 2 1 1 1403 1410 474
325 2 2 1 1 467 1411 1410
326 2 2 1 1 1411 1412 1410
327 2 2 1 1 1411 476 1412
328 2 2 1 1 1410 1412 474
329 2 2 1 1 467 1374 1411
330 2 2 1 1 1374 1413 1411
331 2 2 1 1 1374 163 1413
332 2 2 1 1 1411 1413 476
333 2 2 1 1 474 1412 1407
334 2 2 1 1 1412 1414 1407
335 2 2 1 1 1412 476 1414
336 2 2 1 1 1407 1414 235
337 2 2 1 1 236 1409 1416
338 2 2 1 1 1409 1415 1416
339 2 2 1 1 1409 475 1415
340 2 2 1 1 1416 1415 478
341 2 2 1 1 475 1417 1415
342 2 2 1 1 1417 1418 1415
343 2 2 1 1 1417 477 1418
344 2 2 1 1 1415 1418 478
345 2 2 1 1 475 1408 1417
346 2 2 1 1 1408 1419 1417
347 2 2 1 1 1408 235 1419
348 2 2 1 1 1417 1419 477
349 2 2 1 1 478 1418 1421
350 2 2 1 1 1418 1420 1421
351 2 2 1 1 1418 477 1420
352 2 2 1 1 1421 1420 119
353 2 2 1 1 119 74 1421
354 2 2 1 1 74 1422 1421
355 2 2 1 1 74 104 1422
356 2 2 1 1 1421 1422 478
357 2 2 1 1 104 1423 1422
358 2 2 1 1 1423 1424 1422
359 2 2 1 1 1423 479 1424
360 2 2 1 1 1422 1424 478
361 2 2 1 1 104 75 1423
362 2 2 1 1 75 1425 1423
363 2 2 1 1 75 113 1425
364 2 2 1 1 1423 1425 479
365 2 2 1 1 478 1424 1416
366 2 2 1 1 1424 1426 1416
367 2 2 1 1 1424 479 1426
368 2 2 1 1 1416 1426 236
369 2 2 1 1 113 1427 1425
370 2 2 1 1 1427 1428 1425
371 2 2 1 1 1427 480 1428
372 2 2 1 1 1425 1428 479
373 2 2 1 1 480 1429 1428
374 2 2 1 1 1429 1430 1428
375 2 2 1 1 1429 481 1430
376 2 2 1 1 1428 1430 479
377 2 2 1 1 480 1431 1429
378 2 2 1 1 1431 1432 1429
379 2 2 1 1 1431 157 1432
380 2 2 1 1 1429 1432 481
381 2 2 1 1 479 1430 1426
382 2 2 1 1 1430 1433 1426
383 2 2 1 1 1430 481 1433
384 2 2 1 1 1426 1433 236
385 2 2 1 1 113 76 1427
386 2 2 1 1 76 1434 1427
387 2 2 1 1 76 103 1434
388 2 2 1 1 1427 1434 480
389 2 2 1 1 103 1435 1434
390 2 2 1 1 1435 1436 1434
391 2 2 1 1 1435 152 1436
392 2 2 1 1 1434 1436 480
393 2 2 1 1 103 77 1435
394 2 2 1 1 77 132 1435
395 2 2 1 1 77 94 132
396 2 2 1 1 1435 132 152
397 2 2 1 1 480 1436 1431
398 2 2 1 1 1436 123 1431
399 2 2 1 1 1436 152 123
400 2 2 1 1 1431 123 157
401 2 2 1 1 236 1433 1402
402 2 2 1 1 1433 1437 1402
403 2 2 1 1 1433 481 1437
404 2 2 1 1 1402 1437 473
405 2 2 1 1 481 1438 1437
406 2 2 1 1 1438 1439 1437
407 2 2 1 1 1438 151 1439
408 2 2 1 1 1437 1439 473
409 2 2 1 1 481 1432 1438
410 2 2 1 1 1432 124 1438
411 2 2 1 1 1432 157 124
412 2 2 1 1 1438 124 151
413 2 2 1 1 473 1439 1397
414 2 2 1 1 1439 125 1397
415 2 2 1 1 1439 151 125
416 2 2 1 1 1397 125 142
417 2 2 1 1 19 6 1441
418 2 2 1 1 6 1440 1441
419 2 2 1 1 6 28 1440
420 2 2 1 1 1441 1440 483
421 2 2 1 1 28 1442 1440
422 2 2 1 1 1442 1443 1440
423 2 2 1 1 1442 482 1443
424 2 2 1 1 1440 1443 483
425 2 2 1 1 28 7 1442
426 2 2 1 1 7 1444 1442
427 2 2 1 1 7 23 1444
428 2 2 1 1 1442 1444 482
429 2 2 1 1 483 1443 1446
430 2 2 1 1 1443 1445 1446
431 2 2 1 1 1443 482 1445
432 2 2 1 1 1446 1445 238
433 2 2 1 1 23 1447 1444
434 2 2 1 1 1447 1448 1444
435 2 2 1 1 1447 484 1448
436 2 2 1 1 1444 1448 482
437 2 2 1 1 484 1449 1448
438 2 2 1 1 1449 1450 1448
439 2 2 1 1 1449 485 1450
440 2 2 1 1 1448 1450 482
441 2 2 1 1 484 1451 1449
442 2 2 1 1 1451 1452 1449
443 2 2 1 1 1451 237 1452
444 2 2 1 1 1449 1452 485
445 2 2 1 1 482 1450 1445
446 2 2 1 1 1450 1453 1445
447 2 2 1 1 1450 485 1453
448 2 2 1 1 1445 1453 238
449 2 2 1 1 23 8 1447
450 2 2 1 1 8 1454 1447
451 2 2 1 1 8 29 1454
452 2 2 1 1 1447 1454 484
453 2 2 1 1 29 1455 1454
454 2 2 1 1 1455 1456 1454
455 2 2 1 1 1455 486 1456
456 2 2 1 1 1454 1456 484
457 2 2 1 1 29 9 1455
458 2 2 1 1 9 1457 1455
459 2 2 1 1 9 20 1457
460 2 2 1 1 1455 1457 486
461 2 2 1 1 484 1456 1451
462 2 2 1 1 1456 1458 1451
463 2 2 1 1 1456 486 1458
464 2 2 1 1 1451 1458 237
465 2 2 1 1 238 1453 1460
466 2 2 1 1 1453 1459 1460
467 2 2 1 1 1453 485 1459
468 2 2 1 1 1460 1459 488
469 2 2 1 1 485 1461 1459
470 2 2 1 1 1461 1462 1459
471 2 2 1 1 1461 487 1462
472 2 2 1 1 1459 1462 488
473 2 2 1 1 485 1452 1461
474 2 2 1 1 1452 1463 1461
475 2 2 1 1 1452 237 1463
476 2 2 1 1 1461 1463 487
477 2 2 1 1 488 1462 1465
478 2 2 1 1 1462 1464 1465
479 2 2 1 1 1462 487 1464
480 2 2 1 1 1465 1464 164
481 2 2 1 1 164 1466 1465
482 2 2 1 1 1466 1467 1465
483 2 2 1 1 1466 489 1467
484 2 2 1 1 1465 1467 488
485 2 2 1 1 489 1468 1467
486 2 2 1 1 1468 1469 1467
487 2 2 1 1 1468 490 1469
488 2 2 1 1 1467 1469 488
489 2 2 1 1 489 1470 1468
490 2 2 1 1 1470 1471 1468
491 2 2 1 1 1470 239 1471
492 2 2 1 1 1468 1471 490
493 2 2 1 1 488 1469 1460
494 2 2 1 1 1469 1472 1460
495 2 2 1 1 1469 490 1472
496 2 2 1 1 1460 1472 238
497 2 2 1 1 239 1473 1471
498 2 2 1 1 1473 1474 1471
499 2 2 1 1 1473 491 1474
500 2 2 1 1 1471 1474 490
501 2 2 1 1 491 1475 1474
502 2 2 1 1 1475 1476 1474
503 2 2 1 1 1475 492 1476
504 2 2 1 1 1474 1476 490
505 2 2 1 1 491 1477 1475
506 2 2 1 1 1477 1478 1475
507 2 2 1 1 1477 240 1478
508 2 2 1 1 1475 1478 492
509 2 2 1 1 490 1476 1472
510 2 2 1 1 1476 1479 1472
511 2 2 1 1 1476 492 1479
512 2 2 1 1 1472 1479 238
513 2 2 1 1 239 1480 1473
514 2 2 1 1 1480 1481 1473
515 2 2 1 1 1480 493 1481
516 2 2 1 1 1473 1481 491
517 2 2 1 1 493 1482 1481
518 2 2 1 1 1482 1483 1481
519 2 2 1 1 1482 494 1483
520 2 2 1 1 1481 1483 491
521 2 2 1 1 493 1484 1482
522 2 2 1 1 1484 1485 1482
523 2 2 1 1 1484 161 1485
524 2 2 1 1 1482 1485 494
525 2 2 1 1 491 1483 1477
526 2 2 1 1 1483 1486 1477
527 2 2 1 1 1483 494 1486
528 2 2 1 1 1477 1486 240
529 2 2 1 1 238 1479 1446
530 2 2 1 1 1479 1487 1446
531 2 2 1 1 1479 492 1487
532 2 2 1 1 1446 1487 483
533 2 2 1 1 492 1488 1487
534 2 2 1 1 1488 1489 1487
535 2 2 1 1 1488 495 1489
536 2 2 1 1 1487 1489 483
537 2 2 1 1 492 1478 1488
538 2 2 1 1 1478 1490 1488
539 2 2 1 1 1478 240 1490
540 2 2 1 1 1488 1490 495
541 2 2 1 1 483 1489 1441
542 2 2 1 1 1489 1491 1441
543 2 2 1 1 1489 495 1491
544 2 2 1 1 1441 1491 19
545 2 2 1 1 163 1492 1494
546 2 2 1 1 1492 1493 1494
547 2 2 1 1 1492 496 1493
548 2 2 1 1 1494 1493 498
549 2 2 1 1 496 1495 1493
550 2 2 1 1 1495 1496 1493
551 2 2 1 1 1495 497 1496
552 2 2 1 1 1493 1496 498
553 2 2 1 1 496 1497 1495
554 2 2 1 1 1497 1498 1495
555 2 2 1 1 1497 241 1498
556 2 2 1 1 1495 1498 497
557 2 2 1 1 498 1496 1500
558 2 2 1 1 1496 1499 1500
559 2 2 1 1 1496 497 1499
560 2 2 1 1 1500 1499 243
561 2 2 1 1 241 1501 1498
562 2 2 1 1 1501 1502 1498
563 2 2 1 1 1501 499 1502
564 2 2 1 1 1498 1502 497
565 2 2 1 1 499 1503 1502
566 2 2 1 1 1503 1504 1502
567 2 2 1 1 1503 500 1504
568 2 2 1 1 1502 1504 497
569 2 2 1 1 499 1505 1503
570 2 2 1 1 1505 1506 1503
571 2 2 1 1 1505 242 1506
572 2 2 1 1 1503 1506 500
573 2 2 1 1 497 1504 1499
574 2 2 1 1 1504 1507 1499
575 2 2 1 1 1504 500 1507
576 2 2 1 1 1499 1507 243
577 2 2 1 1 241 1508 1501
578 2 2 1 1 1508 1509 1501
579 2 2 1 1 1508 501 1509
580 2 2 1 1 1501 1509 499
581 2 2 1 1 501 1510 1509
582 2 2 1 1 1510 1511 1509
583 2 2 1 1 1510 502 1511
584 2 2 1 1 1509 1511 499
585 2 2 1 1 501 1512 1510
586 2 2 1 1 1512 1513 1510
587 2 2 1 1 1512 166 1513
588 2 2 1 1 1510 1513 502
589 2 2 1 1 499 1511 1505
590 2 2 1 1 1511 1514 1505
591 2 2 1 1 1511 502 1514
592 2 2 1 1 1505 1514 242
593 2 2 1 1 243 1507 1516
594 2 2 1 1 1507 1515 1516
595 2 2 1 1 1507 500 1515
596 2 2 1 1 1516 1515 504
597 2 2 1 1 500 1517 1515
598 2 2 1 1 1517 1518 1515
599 2 2 1 1 1517 503 1518
600 2 2 1 1 1515 1518 504
601 2 2 1 1 500 1506 1517
602 2 2 1 1 1506 1519 1517
603 2 2 1 1 1506 242 1519
604 2 2 1 1 1517 1519 503
605 2 2 1 1 504 1518 1521
606 2 2 1 1 1518 1520 1521
607 2 2 1 1 1518 503 1520
608 2 2 1 1 1521 1520 120
609 2 2 1 1 120 70 1521
610 2 2 1 1 70 1522 1521
611 2 2 1 1 70 106 1522
612 2 2 1 1 1521 1522 504
613 2 2 1 1 106 1523 1522
614 2 2 1 1 1523 1524 1522
615 2 2 1 1 1523 505 1524
616 2 2 1 1 1522 1524 504
617 2 2 1 1 106 71 1523
618 2 2 1 1 71 1525 1523
619 2 2 1 1 71 114 1525
620 2 2 1 1 1523 1525 505
621 2 2 1 1 504 1524 1516
622 2 2 1 1 1524 1526 1516
623 2 2 1 1 1524 505 1526
624 2 2 1 1 1516 1526 243
625 2 2 1 1 114 1527 1525
626 2 2 1 1 1527 1528 1525
627 2 2 1 1 1527 506 1528
628 2 2 1 1 1525 1528 505
629 2 2 1 1 506 1529 1528
630 2 2 1 1 1529 1530 1528
631 2 2 1 1 1529 507 1530
632 2 2 1 1 1528 1530 505
633 2 2 1 1 506 1531 1529
634 2 2 1 1 1531 1532 1529
635 2 2 1 1 1531 235 1532
636 2 2 1 1 1529 1532 507
637 2 2 1 1 505 1530 1526
638 2 2 1 1 1530 1533 1526
639 2 2 1 1 1530 507 1533
640 2 2 1 1 1526 1533 243
641 2 2 1 1 114 72 1527
642 2 2 1 1 72 1534 1527
643 2 2 1 1 72 105 1534
644 2 2 1 1 1527 1534 506
645 2 2 1 1 105 1535 1534
646 2 2 1 1 1535 1536 1534
647 2 2 1 1 1535 477 1536
648 2 2 1 1 1534 1536 506
649 2 2 1 1 105 73 1535
650 2 2 1 1 73 1420 1535
651 2 2 1 1 73 119 1420
652 2 2 1 1 1535 1420 477
653 2 2 1 1 506 1536 1531
654 2 2 1 1 1536 1419 1531
655 2 2 1 1 1536 477 1419
656 2 2 1 1 1531 1419 235
657 2 2 1 1 243 1533 1500
658 2 2 1 1 1533 1537 1500
659 2 2 1 1 1533 507 1537
660 2 2 1 1 1500 1537 498
661 2 2 1 1 507 1538 1537
662 2 2 1 1 1538 1539 1537
663 2 2 1 1 1538 476 1539
664 2 2 1 1 1537 1539 498
665 2 2 1 1 507 1532 1538
666 2 2 1 1 1532 1414 1538
667 2 2 1 1 1532 235 1414
668 2 2 1 1 1538 1414 476
669 2 2 1 1 498 1539 1494
670 2 2 1 1 1539 1413 1494
671 2 2 1 1 1539 476 1413
672 2 2 1 1 1494 1413 163
673 2 2 1 1 20 1 1541
674 2 2 1 1 1 1540 1541
675 2 2 1 1 1 30 1540
676 2 2 1 1 1541 1540 509
677 2 2 1 1 30 1542 1540
678 2 2 1 1 1542 1543 1540
679 2 2 1 1 1542 508 1543
680 2 2 1 1 1540 1543 509
681 2 2 1 1 30 11 1542
682 2 2 1 1 11 1544 1542
683 2 2 1 1 11 24 1544
684 2 2 1 1 1542 1544 508
685 2 2 1 1 509 1543 1546
686 2 2 1 1 1543 1545 1546
687 2 2 1 1 1543 508 1545
688 2 2 1 1 1546 1545 245
689 2 2 1 1 24 1547 1544
690 2 2 1 1 1547 1548 1544
691 2 2 1 1 1547 510 1548
692 2 2 1 1 1544 1548 508
693 2 2 1 1 510 1549 1548
694 2 2 1 1 1549 1550 1548
695 2 2 1 1 1549 511 1550
696 2 2 1 1 1548 1550 508
697 2 2 1 1 510 1551 1549
698 2 2 1 1 1551 1552 1549
699 2 2 1 1 1551 244 1552
700 2 2 1 1 1549 1552 511
701 2 2 1 1 508 1550 1545
702 2 2 1 1 1550 1553 1545
703 2 2 1 1 1550 511 1553
704 2 2 1 1 1545 1553 245
705 2 2 1 1 24 12 1547
706 2 2 1 1 12 1554 1547
707 2 2 1 1 12 31 1554
708 2 2 1 1 1547 1554 510
709 2 2 1 1 31 1555 1554
710 2 2 1 1 1555 1556 1554
711 2 2 1 1 1555 512 1556
712 2 2 1 1 1554 1556 510
713 2 2 1 1 31 13 1555
714 2 2 1 1 13 1557 1555
715 2 2 1 1 13 21 1557
716 2 2 1 1 1555 1557 512
717 2 2 1 1 510 1556 1551
718 2 2 1 1 1556 1558 1551
719 2 2 1 1 1556 512 1558
720 2 2 1 1 1551 1558 244
721 2 2 1 1 245 1553 1560
722 2 2 1 1 1553 1559 1560
723 2 2 1 1 1553 511 1559
724 2 2 1 1 1560 1559 514
725 2 2 1 1 511 1561 1559
726 2 2 1 1 1561 1562 1559
727 2 2 1 1 1561 513 1562
728 2 2 1 1 1559 1562 514
729 2 2 1 1 511 1552 1561
730 2 2 1 1 1552 1563 1561
731 2 2 1 1 1552 244 1563
732 2 2 1 1 1561 1563 513
733 2 2 1 1 514 1562 1565
734 2 2 1 1 1562 1564 1565
735 2 2 1 1 1562 513 1564
736 2 2 1 1 1565 1564 167
737 2 2 1 1 167 1566 1565
738 2 2 1 1 1566 1567 1565
739 2 2 1 1 1566 515 1567
740 2 2 1 1 1565 1567 514
741 2 2 1 1 515 1568 1567
742 2 2 1 1 1568 1569 1567
743 2 2 1 1 1568 516 1569
744 2 2 1 1 1567 1569 514
745 2 2 1 1 515 1570 1568
746 2 2 1 1 1570 1571 1568
747 2 2 1 1 1570 246 1571
748 2 2 1 1 1568 1571 516
749 2 2 1 1 514 1569 1560
750 2 2 1 1 1569 1572 1560
751 2 2 1 1 1569 516 1572
752 2 2 1 1 1560 1572 245
753 2 2 1 1 246 1573 1571
754 2 2 1 1 1573 1574 1571
755 2 2 1 1 1573 517 1574
756 2 2 1 1 1571 1574 516
757 2 2 1 1 517 1575 1574
758 2 2 1 1 1575 1576 1574
759 2 2 1 1 1575 518 1576
760 2 2 1 1 1574 1576 516
761 2 2 1 1 517 1577 1575
762 2 2 1 1 1577 1578 1575
763 2 2 1 1 1577 237 1578
764 2 2 1 1 1575 1578 518
765 2 2 1 1 516 1576 1572
766 2 2 1 1 1576 1579 1572
767 2 2 1 1 1576 518 1579
768 2 2 1 1 1572 1579 245
769 2 2 1 1 246 1580 1573
770 2 2 1 1 1580 1581 1573
771 2 2 1 1 1580 519 1581
772 2 2 1 1 1573 1581 517
773 2 2 1 1 519 1582 1581
774 2 2 1 1 1582 1583 1581
775 2 2 1 1 1582 487 1583
776 2 2 1 1 1581 1583 517
777 2 2 1 1 519 1584 1582
778 2 2 1 1 1584 1464 1582
779 2 2 1 1 1584 164 1464
780 2 2 1 1 1582 1464 487
781 2 2 1 1 517 1583 1577
782 2 2 1 1 1583 1463 1577
783 2 2 1 1 1583 487 1463
784 2 2 1 1 1577 1463 237
785 2 2 1 1 245 1579 1546
786 2 2 1 1 1579 1585 1546
787 2 2 1 1 1579 518 1585
788 2 2 1 1 1546 1585 509
789 2 2 1 1 518 1586 1585
790 2 2 1 1 1586 1587 1585
791 2 2 1 1 1586 486 1587
792 2 2 1 1 1585 1587 509
793 2 2 1 1 518 1578 1586
794 2 2 1 1 1578 1458 1586
795 2 2 1 1 1578 237 1458
796 2 2 1 1 1586 1458 486
797 2 2 1 1 509 1587 1541
798 2 2 1 1 1587 1457 1541
799 2 2 1 1 1587 486 1457
800 2 2 1 1 1541 1457 20
801 2 2 1 1 164 1584 1589
802 2 2 1 1 1584 1588 1589
803 2 2 1 1 1584 519 1588
804 2 2 1 1 1589 1588 521
805 2 2 1 1 519 1590 1588
806 2 2 1 1 1590 1591 1588
807 2 2 1 1 1590 520 1591
808 2 2 1 1 1588 1591 521
809 2 2 1 1 519 1580 1590
810 2 2 1 1 1580 1592 1590
811 2 2 1 1 1580 246 1592
812 2 2 1 1 1590 1592 520
813 2 2 1 1 521 1591 1594
814 2 2 1 1 1591 1593 1594
815 2 2 1 1 1591 520 1593
816 2 2 1 1 1594 1593 248
817 2 2 1 1 246 1595 1592
818 2 2 1 1 1595 1596 1592
819 2 2 1 1 1595 522 1596
820 2 2 1 1 1592 1596 520
821 2 2 1 1 522 1597 1596
822 2 2 1 1 1597 1598 1596
823 2 2 1 1 1597 523 1598
824 2 2 1 1 1596 1598 520
825 2 2 1 1 522 1599 1597
826 2 2 1 1 1599 1600 1597
827 2 2 1 1 1599 247 1600
828 2 2 1 1 1597 1600 523
829 2 2 1 1 520 1598 1593
830 2 2 1 1 1598 1601 1593
831 2 2 1 1 1598 523 1601
832 2 2 1 1 1593 1601 248
833 2 2 1 1 246 1570 1595
834 2 2 1 1 1570 1602 1595
835 2 2 1 1 1570 515 1602
836 2 2 1 1 1595 1602 522
837 2 2 1 1 515 1603 1602
838 2 2 1 1 1603 1604 1602
839 2 2 1 1 1603 524 1604
840 2 2 1 1 1602 1604 522
841 2 2 1 1 515 1566 1603
842 2 2 1 1 1566 1605 1603
843 2 2 1 1 1566 167 1605
844 2 2 1 1 1603 1605 524
845 2 2 1 1 522 1604 1599
846 2 2 1 1 1604 1606 1599
847 2 2 1 1 1604 524 1606
848 2 2 1 1 1599 1606 247
849 2 2 1 1 248 1601 1608
850 2 2 1 1 1601 1607 1608
851 2 2 1 1 1601 523 1607
852 2 2 1 1 1608 1607 526
853 2 2 1 1 523 1609 1607
854 2 2 1 1 1609 1610 1607
855 2 2 1 1 1609 525 1610
856 2 2 1 1 1607 1610 526
857 2 2 1 1 523 1600 1609
858 2 2 1 1 1600 1611 1609
859 2 2 1 1 1600 247 1611
860 2 2 1 1 1609 1611 525
861 2 2 1 1 526 1610 1613
862 2 2 1 1 1610 1612 1613
863 2 2 1 1 1610 525 1612
864 2 2 1 1 1613 1612 168
865 2 2 1 1 168 1614 1613
866 2 2 1 1 1614 1615 1613
867 2 2 1 1 1614 527 1615
868 2 2 1 1 1613 1615 526
869 2 2 1 1 527 1616 1615
870 2 2 1 1 1616 1617 1615
871 2 2 1 1 1616 528 1617
872 2 2 1 1 1615 1617 526
873 2 2 1 1 527 1618 1616
874 2 2 1 1 1618 1619 1616
875 2 2 1 1 1618 249 1619
876 2 2 1 1 1616 1619 528
877 2 2 1 1 526 1617 1608
878 2 2 1 1 1617 1620 1608
879 2 2 1 1 1617 528 1620
880 2 2 1 1 1608 1620 248
881 2 2 1 1 249 1621 1619
882 2 2 1 1 1621 1622 1619
883 2 2 1 1 1621 529 1622
884 2 2 1 1 1619 1622 528
885 2 2 1 1 529 1623 1622
886 2 2 1 1 1623 1624 1622
887 2 2 1 1 1623 530 1624
888 2 2 1 1 1622 1624 528
889 2 2 1 1 529 1625 1623
890 2 2 1 1 1625 1626 1623
891 2 2 1 1 1625 250 1626
892 2 2 1 1 1623 1626 530
893 2 2 1 1 528 1624 1620
894 2 2 1 1 1624 1627 1620
895 2 2 1 1 1624 530 1627
896 2 2 1 1 1620 1627 248
897 2 2 1 1 249 1628 1621
898 2 2 1 1 1628 1629 1621
899 2 2 1 1 1628 531 1629
900 2 2 1 1 1621 1629 529
901 2 2 1 1 531 1630 1629
902 2 2 1 1 1630 1631 1629
903 2 2 1 1 1630 532 1631
904 2 2 1 1 1629 1631 529
905 2 2 1 1 531 1632 1630
906 2 2 1 1 1632 1633 1630
907 2 2 1 1 1632 165 1633
908 2 2 1 1 1630 1633 532
909 2 2 1 1 529 1631 1625
910 2 2 1 1 1631 1634 1625
911 2 2 1 1 1631 532 1634
912 2 2 1 1 1625 1634 250
913 2 2 1 1 248 1627 1594
914 2 2 1 1 1627 1635 1594
915 2 2 1 1 1627 530 1635
916 2 2 1 1 1594 1635 521
917 2 2 1 1 530 1636 1635
918 2 2 1 1 1636 1637 1635
919 2 2 1 1 1636 533 1637
920 2 2 1 1 1635 1637 521
921 2 2 1 1 530 1626 1636
922 2 2 1 1 1626 1638 1636
923 2 2 1 1 1626 250 1638
924 2 2 1 1 1636 1638 533
925 2 2 1 1 521 1637 1589
926 2 2 1 1 1637 1639 1589
927 2 2 1 1 1637 533 1639
928 2 2 1 1 1589 1639 164
929 2 2 1 1 21 14 1641
930 2 2 1 1 14 1640 1641
931 2 2 1 1 14 32 1640
932 2 2 1 1 1641 1640 535
933 2 2 1 1 32 1642 1640
934 2 2 1 1 1642 1643 1640
935 2 2 1 1 1642 534 1643
936 2 2 1 1 1640 1643 535
937 2 2 1 1 32 15 1642
938 2 2 1 1 15 1644 1642
939 2 2 1 1 15 18 1644
940 2 2 1 1 1642 1644 534
941 2 2 1 1 535 1643 1646
942 2 2 1 1 1643 1645 1646
943 2 2 1 1 1643 534 1645
944 2 2 1 1 1646 1645 251
945 2 2 1 1 18 1647 1644
946 2 2 1 1 1647 1648 1644
947 2 2 1 1 1647 536 1648
948 2 2 1 1 1644 1648 534
949 2 2 1 1 536 1649 1648
950 2 2 1 1 1649 1650 1648
951 2 2 1 1 1649 537 1650
952 2 2 1 1 1648 1650 534
953 2 2 1 1 536 1651 1649
954 2 2 1 1 1651 1652 1649
955 2 2 1 1 1651 62 1652
956 2 2 1 1 1649 1652 537
957 2 2 1 1 534 1650 1645
958 2 2 1 1 1650 1653 1645
959 2 2 1 1 1650 537 1653
960 2 2 1 1 1645 1653 251
961 2 2 1 1 18 16 1647
962 2 2 1 1 16 1654 1647
963 2 2 1 1 16 33 1654
964 2 2 1 1 1647 1654 536
965 2 2 1 1 33 1655 1654
966 2 2 1 1 1655 1656 1654
967 2 2 1 1 1655 58 1656
968 2 2 1 1 1654 1656 536
969 2 2 1 1 33 17 1655
970 2 2 1 1 17 34 1655
971 2 2 1 1 17 10 34
972 2 2 1 1 1655 34 58
973 2 2 1 1 536 1656 1651
974 2 2 1 1 1656 49 1651
975 2 2 1 1 1656 58 49
976 2 2 1 1 1651 49 62
977 2 2 1 1 251 1653 1658
978 2 2 1 1 1653 1657 1658
979 2 2 1 1 1653 537 1657
980 2 2 1 1 1658 1657 538
981 2 2 1 1 537 1659 1657
982 2 2 1 1 1659 1660 1657
983 2 2 1 1 1659 57 1660
984 2 2 1 1 1657 1660 538
985 2 2 1 1 537 1652 1659
986 2 2 1 1 1652 48 1659
987 2 2 1 1 1652 62 48
988 2 2 1 1 1659 48 57
989 2 2 1 1 538 1660 1661
990 2 2 1 1 1660 47 1661
991 2 2 1 1 1660 57 47
992 2 2 1 1 1661 47 65
993 2 2 1 1 65 1662 1661
994 2 2 1 1 1662 1663 1661
995 2 2 1 1 1662 539 1663
996 2 2 1 1 1661 1663 538
997 2 2 1 1 539 1664 1663
998 2 2 1 1 1664 1665 1663
999 2 2 1 1 1664 540 1665
1000 2 2 1 1 1663 1665 538
1001 2 2 1 1 539 1666 1664
1002 2 2 1 1 1666 1667 1664
1003 2 2 1 1 1666 252 1667
1004 2 2 1 1 1664 1667 540
1005 2 2 1 1 538 1665 1658
1006 2 2 1 1 1665 1668 1658
1007 2 2 1 1 1665 540 1668
1008 2 2 1 1 1658 1668 251
1009 2 2 1 1 252 1669 1667
1010 2 2 1 1 1669 1670 1667
1011 2 2 1 1 1669 541 1670
1012 2 2 1 1 1667 1670 540
1013 2 2 1 1 541 1671 1670
1014 2 2 1 1 1671 1672 1670
1015 2 2 1 1 1671 542 1672
1016 2 2 1 1 1670 1672 540
1017 2 2 1 1 541 1673 1671
1018 2 2 1 1 1673 1674 1671
1019 2 2 1 1 1673 244 1674
1020 2 2 1 1 1671 1674 542
1021 2 2 1 1 540 1672 1668
1022 2 2 1 1 1672 1675 1668
1023 2 2 1 1 1672 542 1675
1024 2 2 1 1 1668 1675 251
1025 2 2 1 1 252 1676 1669
1026 2 2 1 1 1676 1677 1669
1027 2 2 1 1 1676 543 1677
1028 2 2 1 1 1669 1677 541
1029 2 2 1 1 543 1678 1677
1030 2 2 1 1 1678 1679 1677
1031 2 2 1 1 1678 513 1679
1032 2 2 1 1 1677 1679 541
1033 2 2 1 1 543 1680 1678
1034 2 2 1 1 1680 1564 1678
1035 2 2 1 1 1680 167 1564
1036 2 2 1 1 1678 1564 513
1037 2 2 1 1 541 1679 1673
1038 2 2 1 1 1679 1563 1673
1039 2 2 1 1 1679 513 1563
1040 2 2 1 1 1673 1563 244
1041 2 2 1 1 251 1675 1646
1042 2 2 1 1 1675 1681 1646
1043 2 2 1 1 1675 542 1681
1044 2 2 1 1 1646 1681 535
1045 2 2 1 1 542 1682 1681
1046 2 2 1 1 1682 1683 1681
1047 2 2 1 1 1682 512 1683
1048 2 2 1 1 1681 1683 535
1049 2 2 1 1 542 1674 1682
1050 2 2 1 1 1674 1558 1682
1051 2 2 1 1 1674 244 1558
1052 2 2 1 1 1682 1558 512
1053 2 2 1 1 535 1683 1641
1054 2 2 1 1 1683 1557 1641
1055 2 2 1 1 1683 512 1557
1056 2 2 1 1 1641 1557 21
1057 2 2 1 1 167 1680 1685
1058 2 2 1 1 1680 1684 1685
1059 2 2 1 1 1680 543 1684
1060 2 2 1 1 1685 1684 545
1061 2 2 1 1 543 1686 1684
1062 2 2 1 1 1686 1687 1684
1063 2 2 1 1 1686 544 1687
1064 2 2 1 1 1684 1687 545
1065 2 2 1 1 543 1676 1686
1066 2 2 1 1 1676 1688 1686
1067 2 2 1 1 1676 252 1688
1068 2 2 1 1 1686 1688 544
1069 2 2 1 1 545 1687 1690
1070 2 2 1 1 1687 1689 1690
1071 2 2 1 1 1687 544 1689
1072 2 2 1 1 1690 1689 253
1073 2 2 1 1 252 1691 1688
1074 2 2 1 1 1691 1692 1688
1075 2 2 1 1 1691 546 1692
1076 2 2 1 1 1688 1692 544
1077 2 2 1 1 546 1693 1692
1078 2 2 1 1 1693 1694 1692
1079 2 2 1 1 1693 547 1694
1080 2 2 1 1 1692 1694 544
1081 2 2 1 1 546 1695 1693
1082 2 2 1 1 1695 1696 1693
1083 2 2 1 1 1695 61 1696
1084 2 2 1 1 1693 1696 547
1085 2 2 1 1 544 1694 1689
1086 2 2 1 1 1694 1697 1689
1087 2 2 1 1 1694 547 1697
1088 2 2 1 1 1689 1697 253
1089 2 2 1 1 252 1666 1691
1090 2 2 1 1 1666 1698 1691
1091 2 2 1 1 1666 539 1698
1092 2 2 1 1 1691 1698 546
1093 2 2 1 1 539 1699 1698
1094 2 2 1 1 1699 1700 1698
1095 2 2 1 1 1699 56 1700
1096 2 2 1 1 1698 1700 546
1097 2 2 1 1 539 1662 1699
1098 2 2 1 1 1662 46 1699
1099 2 2 1 1 1662 65 46
1100 2 2 1 1 1699 46 56
1101 2 2 1 1 546 1700 1695
1102 2 2 1 1 1700 45 1695
1103 2 2 1 1 1700 56 45
1104 2 2 1 1 1695 45 61
1105 2 2 1 1 253 1697 1702
1106 2 2 1 1 1697 1701 1702
1107 2 2 1 1 1697 547 1701
1108 2 2 1 1 1702 1701 548
1109 2 2 1 1 547 1703 1701
1110 2 2 1 1 1703 1704 1701
1111 2 2 1 1 1703 55 1704
1112 2 2 1 1 1701 1704 548
1113 2 2 1 1 547 1696 1703
1114 2 2 1 1 1696 44 1703
1115 2 2 1 1 1696 61 44
1116 2 2 1 1 1703 44 55
1117 2 2 1 1 548 1704 1705
1118 2 2 1 1 1704 43 1705
1119 2 2 1 1 1704 55 43
1120 2 2 1 1 1705 43 64
1121 2 2 1 1 64 1706 1705
1122 2 2 1 1 1706 1707 1705
1123 2 2 1 1 1706 549 1707
1124 2 2 1 1 1705 1707 548
1125 2 2 1 1 549 1708 1707
1126 2 2 1 1 1708 1709 1707
1127 2 2 1 1 1708 550 1709
1128 2 2 1 1 1707 1709 548
1129 2 2 1 1 549 1710 1708
1130 2 2 1 1 1710 1711 1708
1131 2 2 1 1 1710 254 1711
1132 2 2 1 1 1708 1711 550
1133 2 2 1 1 548 1709 1702
1134 2 2 1 1 1709 1712 1702
1135 2 2 1 1 1709 550 1712
1136 2 2 1 1 1702 1712 253
1137 2 2 1 1 254 1713 1711
1138 2 2 1 1 1713 1714 1711
1139 2 2 1 1 1713 551 1714
1140 2 2 1 1 1711 1714 550
1141 2 2 1 1 551 1715 1714
1142 2 2 1 1 1715 1716 1714
1143 2 2 1 1 1715 552 1716
1144 2 2 1 1 1714 1716 550
1145 2 2 1 1 551 1717 1715
1146 2 2 1 1 1717 1718 1715
1147 2 2 1 1 1717 247 1718
1148 2 2 1 1 1715 1718 552
1149 2 2 1 1 550 1716 1712
1150 2 2 1 1 1716 1719 1712
1151 2 2 1 1 1716 552 1719
1152 2 2 1 1 1712 1719 253
1153 2 2 1 1 254 1720 1713
1154 2 2 1 1 1720 1721 1713
1155 2 2 1 1 1720 553 1721
1156 2 2 1 1 1713 1721 551
1157 2 2 1 1 553 1722 1721
1158 2 2 1 1 1722 1723 1721
1159 2 2 1 1 1722 525 1723
1160 2 2 1 1 1721 1723 551
1161 2 2 1 1 553 1724 1722
1162 2 2 1 1 1724 1612 1722
1163 2 2 1 1 1724 168 1612
1164 2 2 1 1 1722 1612 525
1165 2 2 1 1 551 1723 1717
1166 2 2 1 1 1723 1611 1717
1167 2 2 1 1 1723 525 1611
1168 2 2 1 1 1717 1611 247
1169 2 2 1 1 253 1719 1690
1170 2 2 1 1 1719 1725 1690
1171 2 2 1 1 1719 552 1725
1172 2 2 1 1 1690 1725 545
1173 2 2 1 1 552 1726 1725
1174 2 2 1 1 1726 1727 1725
1175 2 2 1 1 1726 524 1727
1176 2 2 1 1 1725 1727 545
1177 2 2 1 1 552 1718 1726
1178 2 2 1 1 1718 1606 1726
1179 2 2 1 1 1718 247 1606
1180 2 2 1 1 1726 1606 524
1181 2 2 1 1 545 1727 1685
1182 2 2 1 1 1727 1605 1685
1183 2 2 1 1 1727 524 1605
1184 2 2 1 1 1685 1605 167
1185 2 2 1 1 168 1724 1729
1186 2 2 1 1 1724 1728 1729
1187 2 2 1 1 1724 553 1728
1188 2 2 1 1 1729 1728 555
1189 2 2 1 1 553 1730 1728
1190 2 2 1 1 1730 1731 1728
1191 2 2 1 1 1730 554 1731
1192 2 2 1 1 1728 1731 555
1193 2 2 1 1 553 1720 1730
1194 2 2 1 1 1720 1732 1730
1195 2 2 1 1 1720 254 1732
1196 2 2 1 1 1730 1732 554
1197 2 2 1 1 555 1731 1734
1198 2 2 1 1 1731 1733 1734
1199 2 2 1 1 1731 554 1733
1200 2 2 1 1 1734 1733 255
1201 2 2 1 1 254 1735 1732
1202 2 2 1 1 1735 1736 1732
1203 2 2 1 1 1735 556 1736
1204 2 2 1 1 1732 1736 554
1205 2 2 1 1 556 1737 1736
1206 2 2 1 1 1737 1738 1736
1207 2 2 1 1 1737 557 1738
1208 2 2 1 1 1736 1738 554
1209 2 2 1 1 556 1739 1737
1210 2 2 1 1 1739 1740 1737
1211 2 2 1 1 1739 60 1740
1212 2 2 1 1 1737 1740 557
1213 2 2 1 1 554 1738 1733
1214 2 2 1 1 1738 1741 1733
1215 2 2 1 1 1738 557 1741
1216 2 2 1 1 1733 1741 255
1217 2 2 1 1 254 1710 1735
1218 2 2 1 1 1710 1742 1735
1219 2 2 1 1 1710 549 1742
1220 2 2 1 1 1735 1742 556
1221 2 2 1 1 549 1743 1742
1222 2 2 1 1 1743 1744 1742
1223 2 2 1 1 1743 54 1744
1224 2 2 1 1 1742 1744 556
1225 2 2 1 1 549 1706 1743
1226 2 2 1 1 1706 42 1743
1227 2 2 1 1 1706 64 42
1228 2 2 1 1 1743 42 54
1229 2 2 1 1 556 1744 1739
1230 2 2 1 1 1744 41 1739
1231 2 2 1 1 1744 54 41
1232 2 2 1 1 1739 41 60
1233 2 2 1 1 255 1741 1746
1234 2 2 1 1 1741 1745 1746
1235 2 2 1 1 1741 557 1745
1236 2 2 1 1 1746 1745 558
1237 2 2 1 1 557 1747 1745
1238 2 2 1 1 1747 1748 1745
1239 2 2 1 1 1747 53 1748
1240 2 2 1 1 1745 1748 558
1241 2 2 1 1 557 1740 1747
1242 2 2 1 1 1740 40 1747
1243 2 2 1 1 1740 60 40
1244 2 2 1 1 1747 40 53
1245 2 2 1 1 558 1748 1749
1246 2 2 1 1 1748 39 1749
1247 2 2 1 1 1748 53 39
1248 2 2 1 1 1749 39 63
1249 2 2 1 1 63 1750 1749
1250 2 2 1 1 1750 1751 1749
1251 2 2 1 1 1750 559 1751
1252 2 2 1 1 1749 1751 558
1253 2 2 1 1 559 1752 1751
1254 2 2 1 1 1752 1753 1751
1255 2 2 1 1 1752 560 1753
1256 2 2 1 1 1751 1753 558
1257 2 2 1 1 559 1754 1752
1258 2 2 1 1 1754 1755 1752
1259 2 2 1 1 1754 256 1755
1260 2 2 1 1 1752 1755 560
1261 2 2 1 1 558 1753 1746
1262 2 2 1 1 1753 1756 1746
1263 2 2 1 1 1753 560 1756
1264 2 2 1 1 1746 1756 255
1265 2 2 1 1 256 1757 1755
1266 2 2 1 1 1757 1758 1755
1267 2 2 1 1 1757 561 1758
1268 2 2 1 1 1755 1758 560
1269 2 2 1 1 561 1759 1758
1270 2 2 1 1 1759 1760 1758
1271 2 2 1 1 1759 562 1760
1272 2 2 1 1 1758 1760 560
1273 2 2 1 1 561 1761 1759
1274 2 2 1 1 1761 1762 1759
1275 2 2 1 1 1761 257 1762
1276 2 2 1 1 1759 1762 562
1277 2 2 1 1 560 1760 1756
1278 2 2 1 1 1760 1763 1756
1279 2 2 1 1 1760 562 1763
1280 2 2 1 1 1756 1763 255
1281 2 2 1 1 256 1764 1757
1282 2 2 1 1 1764 1765 1757
1283 2 2 1 1 1764 563 1765
1284 2 2 1 1 1757 1765 561
1285 2 2 1 1 563 1766 1765
1286 2 2 1 1 1766 1767 1765
1287 2 2 1 1 1766 564 1767
1288 2 2 1 1 1765 1767 561
1289 2 2 1 1 563 1768 1766
1290 2 2 1 1 1768 1769 1766
1291 2 2 1 1 1768 169 1769
1292 2 2 1 1 1766 1769 564
1293 2 2 1 1 561 1767 1761
1294 2 2 1 1 1767 1770 1761
1295 2 2 1 1 1767 564 1770
1296 2 2 1 1 1761 1770 257
1297 2 2 1 1 255 1763 1734
1298 2 2 1 1 1763 1771 1734
1299 2 2 1 1 1763 562 1771
1300 2 2 1 1 1734 1771 555
1301 2 2 1 1 562 1772 1771
1302 2 2 1 1 1772 1773 1771
1303 2 2 1 1 1772 565 1773
1304 2 2 1 1 1771 1773 555
1305 2 2 1 1 562 1762 1772
1306 2 2 1 1 1762 1774 1772
1307 2 2 1 1 1762 257 1774
1308 2 2 1 1 1772 1774 565
1309 2 2 1 1 555 1773 1729
1310 2 2 1 1 1773 1775 1729
1311 2 2 1 1 1773 565 1775
1312 2 2 1 1 1729 1775 168
1313 2 2 1 1 19 1776 5
1314 2 2 1 1 1776 1777 5
1315 2 2 1 1 1776 566 1777
1316 2 2 1 1 5 1777 27
1317 2 2 1 1 566 1778 1777
1318 2 2 1 1 1778 1779 1777
1319 2 2 1 1 1778 567 1779
1320 2 2 1 1 1777 1779 27
1321 2 2 1 1 566 1780 1778
1322 2 2 1 1 1780 1781 1778
1323 2 2 1 1 1780 258 1781
1324 2 2 1 1 1778 1781 567
1325 2 2 1 1 27 1779 4
1326 2 2 1 1 1779 1782 4
1327 2 2 1 1 1779 567 1782
1328 2 2 1 1 4 1782 22
1329 2 2 1 1 258 1783 1781
1330 2 2 1 1 1783 1784 1781
1331 2 2 1 1 1783 568 1784
1332 2 2 1 1 1781 1784 567
1333 2 2 1 1 568 1785 1784
1334 2 2 1 1 1785 1786 1784
1335 2 2 1 1 1785 569 1786
1336 2 2 1 1 1784 1786 567
1337 2 2 1 1 568 1787 1785
1338 2 2 1 1 1787 1788 1785
1339 2 2 1 1 1787 259 1788
1340 2 2 1 1 1785 1788 569
1341 2 2 1 1 567 1786 1782
1342 2 2 1 1 1786 1789 1782
1343 2 2 1 1 1786 569 1789
1344 2 2 1 1 1782 1789 22
1345 2 2 1 1 258 1790 1783
1346 2 2 1 1 1790 1791 1783
1347 2 2 1 1 1790 570 1791
1348 2 2 1 1 1783 1791 568
1349 2 2 1 1 570 1792 1791
1350 2 2 1 1 1792 1793 1791
1351 2 2 1 1 1792 571 1793
1352 2 2 1 1 1791 1793 568
1353 2 2 1 1 570 1794 1792
1354 2 2 1 1 1794 1795 1792
1355 2 2 1 1 1794 170 1795
1356 2 2 1 1 1792 1795 571
1357 2 2 1 1 568 1793 1787
1358 2 2 1 1 1793 1796 1787
1359 2 2 1 1 1793 571 1796
1360 2 2 1 1 1787 1796 259
1361 2 2 1 1 22 1789 3
1362 2 2 1 1 1789 1797 3
1363 2 2 1 1 1789 569 1797
1364 2 2 1 1 3 1797 26
1365 2 2 1 1 569 1798 1797
1366 2 2 1 1 1798 1799 1797
1367 2 2 1 1 1798 572 1799
1368 2 2 1 1 1797 1799 26
1369 2 2 1 1 569 1788 1798
1370 2 2 1 1 1788 1800 1798
1371 2 2 1 1 1788 259 1800
1372 2 2 1 1 1798 1800 572
1373 2 2 1 1 26 1799 2
1374 2 2 1 1 1799 1801 2
1375 2 2 1 1 1799 572 1801
1376 2 2 1 1 2 1801 25
1377 2 2 1 1 160 130 1803
1378 2 2 1 1 130 1802 1803
1379 2 2 1 1 130 148 1802
1380 2 2 1 1 1803 1802 574
1381 2 2 1 1 148 1804 1802
1382 2 2 1 1 1804 1805 1802
1383 2 2 1 1 1804 573 1805
1384 2 2 1 1 1802 1805 574
1385 2 2 1 1 148 131 1804
1386 2 2 1 1 131 1806 1804
1387 2 2 1 1 131 155 1806
1388 2 2 1 1 1804 1806 573
1389 2 2 1 1 574 1805 1808
1390 2 2 1 1 1805 1807 1808
1391 2 2 1 1 1805 573 1807
1392 2 2 1 1 1808 1807 261
1393 2 2 1 1 155 1809 1806
1394 2 2 1 1 1809 1810 1806
1395 2 2 1 1 1809 575 1810
1396 2 2 1 1 1806 1810 573
1397 2 2 1 1 575 1811 1810
1398 2 2 1 1 1811 1812 1810
1399 2 2 1 1 1811 576 1812
1400 2 2 1 1 1810 1812 573
1401 2 2 1 1 575 1813 1811
1402 2 2 1 1 1813 1814 1811
1403 2 2 1 1 1813 260 1814
1404 2 2 1 1 1811 1814 576
1405 2 2 1 1 573 1812 1807
1406 2 2 1 1 1812 1815 1807
1407 2 2 1 1 1812 576 1815
1408 2 2 1 1 1807 1815 261
1409 2 2 1 1 155 122 1809
1410 2 2 1 1 122 1816 1809
1411 2 2 1 1 122 147 1816
1412 2 2 1 1 1809 1816 575
1413 2 2 1 1 147 1817 1816
1414 2 2 1 1 1817 1818 1816
1415 2 2 1 1 1817 577 1818
1416 2 2 1 1 1816 1818 575
1417 2 2 1 1 147 133 1817
1418 2 2 1 1 133 1819 1817
1419 2 2 1 1 133 159 1819
1420 2 2 1 1 1817 1819 577
1421 2 2 1 1 575 1818 1813
1422 2 2 1 1 1818 1820 1813
1423 2 2 1 1 1818 577 1820
1424 2 2 1 1 1813 1820 260
1425 2 2 1 1 261 1815 1822
1426 2 2 1 1 1815 1821 1822
1427 2 2 1 1 1815 576 1821
1428 2 2 1 1 1822 1821 579
1429 2 2 1 1 576 1823 1821
1430 2 2 1 1 1823 1824 1821
1431 2 2 1 1 1823 578 1824
1432 2 2 1 1 1821 1824 579
1433 2 2 1 1 576 1814 1823
1434 2 2 1 1 1814 1825 1823
1435 2 2 1 1 1814 260 1825
1436 2 2 1 1 1823 1825 578
1437 2 2 1 1 579 1824 1827
1438 2 2 1 1 1824 1826 1827
1439 2 2 1 1 1824 578 1826
1440 2 2 1 1 1827 1826 171
1441 2 2 1 1 160 1803 1344
1442 2 2 1 1 1803 1828 1344
1443 2 2 1 1 1803 574 1828
1444 2 2 1 1 1344 1828 458
1445 2 2 1 1 574 1829 1828
1446 2 2 1 1 1829 1830 1828
1447 2 2 1 1 1829 580 1830
1448 2 2 1 1 1828 1830 458
1449 2 2 1 1 574 1808 1829
1450 2 2 1 1 1808 1831 1829
1451 2 2 1 1 1808 261 1831
1452 2 2 1 1 1829 1831 580
1453 2 2 1 1 458 1830 1349
1454 2 2 1 1 1830 1832 1349
1455 2 2 1 1 1830 580 1832
1456 2 2 1 1 1349 1832 231
1457 2 2 1 1 261 1833 1831
1458 2 2 1 1 1833 1834 1831
1459 2 2 1 1 1833 581 1834
1460 2 2 1 1 1831 1834 580
1461 2 2 1 1 581 1835 1834
1462 2 2 1 1 1835 1836 1834
1463 2 2 1 1 1835 582 1836
1464 2 2 1 1 1834 1836 580
1465 2 2 1 1 581 1837 1835
1466 2 2 1 1 1837 1838 1835
1467 2 2 1 1 1837 262 1838
1468 2 2 1 1 1835 1838 582
1469 2 2 1 1 580 1836 1832
1470 2 2 1 1 1836 1839 1832
1471 2 2 1 1 1836 582 1839
1472 2 2 1 1 1832 1839 231
1473 2 2 1 1 261 1822 1833
1474 2 2 1 1 1822 1840 1833
1475 2 2 1 1 1822 579 1840
1476 2 2 1 1 1833 1840 581
1477 2 2 1 1 579 1841 1840
1478 2 2 1 1 1841 1842 1840
1479 2 2 1 1 1841 583 1842
1480 2 2 1 1 1840 1842 581
1481 2 2 1 1 579 1827 1841
1482 2 2 1 1 1827 1843 1841
1483 2 2 1 1 1827 171 1843
1484 2 2 1 1 1841 1843 583
1485 2 2 1 1 581 1842 1837
1486 2 2 1 1 1842 1844 1837
1487 2 2 1 1 1842 583 1844
1488 2 2 1 1 1837 1844 262
1489 2 2 1 1 231 1839 1360
1490 2 2 1 1 1839 1845 1360
1491 2 2 1 1 1839 582 1845
1492 2 2 1 1 1360 1845 463
1493 2 2 1 1 582 1846 1845
1494 2 2 1 1 1846 1847 1845
1495 2 2 1 1 1846 584 1847
1496 2 2 1 1 1845 1847 463
1497 2 2 1 1 582 1838 1846
1498 2 2 1 1 1838 1848 1846
1499 2 2 1 1 1838 262 1848
1500 2 2 1 1 1846 1848 584
1501 2 2 1 1 463 1847 1364
1502 2 2 1 1 1847 1849 1364
1503 2 2 1 1 1847 584 1849
1504 2 2 1 1 1364 1849 162
1505 2 2 1 1 163 1372 1851
1506 2 2 1 1 1372 1850 1851
1507 2 2 1 1 1372 465 1850
1508 2 2 1 1 1851 1850 586
1509 2 2 1 1 465 1852 1850
1510 2 2 1 1 1852 1853 1850
1511 2 2 1 1 1852 585 1853
1512 2 2 1 1 1850 1853 586
1513 2 2 1 1 465 1371 1852
1514 2 2 1 1 1371 1854 1852
1515 2 2 1 1 1371 232 1854
1516 2 2 1 1 1852 1854 585
1517 2 2 1 1 586 1853 1856
1518 2 2 1 1 1853 1855 1856
1519 2 2 1 1 1853 585 1855
1520 2 2 1 1 1856 1855 264
1521 2 2 1 1 232 1857 1854
1522 2 2 1 1 1857 1858 1854
1523 2 2 1 1 1857 587 1858
1524 2 2 1 1 1854 1858 585
1525 2 2 1 1 587 1859 1858
1526 2 2 1 1 1859 1860 1858
1527 2 2 1 1 1859 588 1860
1528 2 2 1 1 1858 1860 585
1529 2 2 1 1 587 1861 1859
1530 2 2 1 1 1861 1862 1859
1531 2 2 1 1 1861 263 1862
1532 2 2 1 1 1859 1862 588
1533 2 2 1 1 585 1860 1855
1534 2 2 1 1 1860 1863 1855
1535 2 2 1 1 1860 588 1863
1536 2 2 1 1 1855 1863 264
1537 2 2 1 1 232 1366 1857
1538 2 2 1 1 1366 1864 1857
1539 2 2 1 1 1366 464 1864
1540 2 2 1 1 1857 1864 587
1541 2 2 1 1 464 1865 1864
1542 2 2 1 1 1865 1866 1864
1543 2 2 1 1 1865 589 1866
1544 2 2 1 1 1864 1866 587
1545 2 2 1 1 464 1365 1865
1546 2 2 1 1 1365 1867 1865
1547 2 2 1 1 1365 162 1867
1548 2 2 1 1 1865 1867 589
1549 2 2 1 1 587 1866 1861
1550 2 2 1 1 1866 1868 1861
1551 2 2 1 1 1866 589 1868
1552 2 2 1 1 1861 1868 263
1553 2 2 1 1 264 1863 1870
1554 2 2 1 1 1863 1869 1870
1555 2 2 1 1 1863 588 1869
1556 2 2 1 1 1870 1869 591
1557 2 2 1 1 588 1871 1869
1558 2 2 1 1 1871 1872 1869
1559 2 2 1 1 1871 590 1872
1560 2 2 1 1 1869 1872 591
1561 2 2 1 1 588 1862 1871
1562 2 2 1 1 1862 1873 1871
1563 2 2 1 1 1862 263 1873
1564 2 2 1 1 1871 1873 590
1565 2 2 1 1 591 1872 1875
1566 2 2 1 1 1872 1874 1875
1567 2 2 1 1 1872 590 1874
1568 2 2 1 1 1875 1874 173
1569 2 2 1 1 163 1851 1492
1570 2 2 1 1 1851 1876 1492
1571 2 2 1 1 1851 586 1876
1572 2 2 1 1 1492 1876 496
1573 2 2 1 1 586 1877 1876
1574 2 2 1 1 1877 1878 1876
1575 2 2 1 1 1877 592 1878
1576 2 2 1 1 1876 1878 496
1577 2 2 1 1 586 1856 1877
1578 2 2 1 1 1856 1879 1877
1579 2 2 1 1 1856 264 1879
1580 2 2 1 1 1877 1879 592
1581 2 2 1 1 496 1878 1497
1582 2 2 1 1 1878 1880 1497
1583 2 2 1 1 1878 592 1880
1584 2 2 1 1 1497 1880 241
1585 2 2 1 1 264 1881 1879
1586 2 2 1 1 1881 1882 1879
1587 2 2 1 1 1881 593 1882
1588 2 2 1 1 1879 1882 592
1589 2 2 1 1 593 1883 1882
1590 2 2 1 1 1883 1884 1882
1591 2 2 1 1 1883 594 1884
1592 2 2 1 1 1882 1884 592
1593 2 2 1 1 593 1885 1883
1594 2 2 1 1 1885 1886 1883
1595 2 2 1 1 1885 265 1886
1596 2 2 1 1 1883 1886 594
1597 2 2 1 1 592 1884 1880
1598 2 2 1 1 1884 1887 1880
1599 2 2 1 1 1884 594 1887
1600 2 2 1 1 1880 1887 241
1601 2 2 1 1 264 1870 1881
1602 2 2 1 1 1870 1888 1881
1603 2 2 1 1 1870 591 1888
1604 2 2 1 1 1881 1888 593
1605 2 2 1 1 591 1889 1888
1606 2 2 1 1 1889 1890 1888
1607 2 2 1 1 1889 595 1890
1608 2 2 1 1 1888 1890 593
1609 2 2 1 1 591 1875 1889
1610 2 2 1 1 1875 1891 1889
1611 2 2 1 1 1875 173 1891
1612 2 2 1 1 1889 1891 595
1613 2 2 1 1 593 1890 1885
1614 2 2 1 1 1890 1892 1885
1615 2 2 1 1 1890 595 1892
1616 2 2 1 1 1885 1892 265
1617 2 2 1 1 241 1887 1508
1618 2 2 1 1 1887 1893 1508
1619 2 2 1 1 1887 594 1893
1620 2 2 1 1 1508 1893 501
1621 2 2 1 1 594 1894 1893
1622 2 2 1 1 1894 1895 1893
1623 2 2 1 1 1894 596 1895
1624 2 2 1 1 1893 1895 501
1625 2 2 1 1 594 1886 1894
1626 2 2 1 1 1886 1896 1894
1627 2 2 1 1 1886 265 1896
1628 2 2 1 1 1894 1896 596
1629 2 2 1 1 501 1895 1512
1630 2 2 1 1 1895 1897 1512
1631 2 2 1 1 1895 596 1897
1632 2 2 1 1 1512 1897 166
1633 2 2 1 1 120 1520 1899
1634 2 2 1 1 1520 1898 1899
1635 2 2 1 1 1520 503 1898
1636 2 2 1 1 1899 1898 598
1637 2 2 1 1 503 1900 1898
1638 2 2 1 1 1900 1901 1898
1639 2 2 1 1 1900 597 1901
1640 2 2 1 1 1898 1901 598
1641 2 2 1 1 503 1519 1900
1642 2 2 1 1 1519 1902 1900
1643 2 2 1 1 1519 242 1902
1644 2 2 1 1 1900 1902 597
1645 2 2 1 1 598 1901 1904
1646 2 2 1 1 1901 1903 1904
1647 2 2 1 1 1901 597 1903
1648 2 2 1 1 1904 1903 267
1649 2 2 1 1 242 1905 1902
1650 2 2 1 1 1905 1906 1902
1651 2 2 1 1 1905 599 1906
1652 2 2 1 1 1902 1906 597
1653 2 2 1 1 599 1907 1906
1654 2 2 1 1 1907 1908 1906
1655 2 2 1 1 1907 600 1908
1656 2 2 1 1 1906 1908 597
1657 2 2 1 1 599 1909 1907
1658 2 2 1 1 1909 1910 1907
1659 2 2 1 1 1909 266 1910
1660 2 2 1 1 1907 1910 600
1661 2 2 1 1 597 1908 1903
1662 2 2 1 1 1908 1911 1903
1663 2 2 1 1 1908 600 1911
1664 2 2 1 1 1903 1911 267
1665 2 2 1 1 242 1514 1905
1666 2 2 1 1 1514 1912 1905
1667 2 2 1 1 1514 502 1912
1668 2 2 1 1 1905 1912 599
1669 2 2 1 1 502 1913 1912
1670 2 2 1 1 1913 1914 1912
1671 2 2 1 1 1913 601 1914
1672 2 2 1 1 1912 1914 599
1673 2 2 1 1 502 1513 1913
1674 2 2 1 1 1513 1915 1913
1675 2 2 1 1 1513 166 1915
1676 2 2 1 1 1913 1915 601
1677 2 2 1 1 599 1914 1909
1678 2 2 1 1 1914 1916 1909
1679 2 2 1 1 1914 601 1916
1680 2 2 1 1 1909 1916 266
1681 2 2 1 1 267 1911 1918
1682 2 2 1 1 1911 1917 1918
1683 2 2 1 1 1911 600 1917
1684 2 2 1 1 1918 1917 603
1685 2 2 1 1 600 1919 1917
1686 2 2 1 1 1919 1920 1917
1687 2 2 1 1 1919 602 1920
1688 2 2 1 1 1917 1920 603
1689 2 2 1 1 600 1910 1919
1690 2 2 1 1 1910 1921 1919
1691 2 2 1 1 1910 266 1921
1692 2 2 1 1 1919 1921 602
1693 2 2 1 1 603 1920 1923
1694 2 2 1 1 1920 1922 1923
1695 2 2 1 1 1920 602 1922
1696 2 2 1 1 1923 1922 175
1697 2 2 1 1 120 1899 69
1698 2 2 1 1 1899 1924 69
1699 2 2 1 1 1899 598 1924
1700 2 2 1 1 69 1924 107
1701 2 2 1 1 598 1925 1924
1702 2 2 1 1 1925 1926 1924
1703 2 2 1 1 1925 604 1926
1704 2 2 1 1 1924 1926 107
1705 2 2 1 1 598 1904 1925
1706 2 2 1 1 1904 1927 1925
1707 2 2 1 1 1904 267 1927
1708 2 2 1 1 1925 1927 604
1709 2 2 1 1 107 1926 68
1710 2 2 1 1 1926 1928 68
1711 2 2 1 1 1926 604 1928
1712 2 2 1 1 68 1928 115
1713 2 2 1 1 267 1929 1927
1714 2 2 1 1 1929 1930 1927
1715 2 2 1 1 1929 605 1930
1716 2 2 1 1 1927 1930 604
1717 2 2 1 1 605 1931 1930
1718 2 2 1 1 1931 1932 1930
1719 2 2 1 1 1931 606 1932
1720 2 2 1 1 1930 1932 604
1721 2 2 1 1 605 1933 1931
1722 2 2 1 1 1933 1934 1931
1723 2 2 1 1 1933 268 1934
1724 2 2 1 1 1931 1934 606
1725 2 2 1 1 604 1932 1928
1726 2 2 1 1 1932 1935 1928
1727 2 2 1 1 1932 606 1935
1728 2 2 1 1 1928 1935 115
1729 2 2 1 1 267 1918 1929
1730 2 2 1 1 1918 1936 1929
1731 2 2 1 1 1918 603 1936
1732 2 2 1 1 1929 1936 605
1733 2 2 1 1 603 1937 1936
1734 2 2 1 1 1937 1938 1936
1735 2 2 1 1 1937 607 1938
1736 2 2 1 1 1936 1938 605
1737 2 2 1 1 603 1923 1937
1738 2 2 1 1 1923 1939 1937
1739 2 2 1 1 1923 175 1939
1740 2 2 1 1 1937 1939 607
1741 2 2 1 1 605 1938 1933
1742 2 2 1 1 1938 1940 1933
1743 2 2 1 1 1938 607 1940
1744 2 2 1 1 1933 1940 268
1745 2 2 1 1 115 1935 67
1746 2 2 1 1 1935 1941 67
1747 2 2 1 1 1935 606 1941
1748 2 2 1 1 67 1941 108
1749 2 2 1 1 606 1942 1941
1750 2 2 1 1 1942 1943 1941
1751 2 2 1 1 1942 608 1943
1752 2 2 1 1 1941 1943 108
1753 2 2 1 1 606 1934 1942
1754 2 2 1 1 1934 1944 1942
1755 2 2 1 1 1934 268 1944
1756 2 2 1 1 1942 1944 608
1757 2 2 1 1 108 1943 80
1758 2 2 1 1 1943 1945 80
1759 2 2 1 1 1943 608 1945
1760 2 2 1 1 80 1945 121
1761 2 2 1 1 158 1946 137
1762 2 2 1 1 1946 1947 137
1763 2 2 1 1 1946 609 1947
1764 2 2 1 1 137 1947 145
1765 2 2 1 1 609 1948 1947
1766 2 2 1 1 1948 1949 1947
1767 2 2 1 1 1948 610 1949
1768 2 2 1 1 1947 1949 145
1769 2 2 1 1 609 1950 1948
1770 2 2 1 1 1950 1951 1948
1771 2 2 1 1 1950 269 1951
1772 2 2 1 1 1948 1951 610
1773 2 2 1 1 145 1949 136
1774 2 2 1 1 1949 1952 136
1775 2 2 1 1 1949 610 1952
1776 2 2 1 1 136 1952 154
1777 2 2 1 1 269 1953 1951
1778 2 2 1 1 1953 1954 1951
1779 2 2 1 1 1953 611 1954
1780 2 2 1 1 1951 1954 610
1781 2 2 1 1 611 1955 1954
1782 2 2 1 1 1955 1956 1954
1783 2 2 1 1 1955 612 1956
1784 2 2 1 1 1954 1956 610
1785 2 2 1 1 611 1957 1955
1786 2 2 1 1 1957 1958 1955
1787 2 2 1 1 1957 270 1958
1788 2 2 1 1 1955 1958 612
1789 2 2 1 1 610 1956 1952
1790 2 2 1 1 1956 1959 1952
1791 2 2 1 1 1956 612 1959
1792 2 2 1 1 1952 1959 154
1793 2 2 1 1 269 1960 1953
1794 2 2 1 1 1960 1961 1953
1795 2 2 1 1 1960 613 1961
1796 2 2 1 1 1953 1961 611
1797 2 2 1 1 613 1962 1961
1798 2 2 1 1 1962 1963 1961
1799 2 2 1 1 1962 614 1963
1800 2 2 1 1 1961 1963 611
1801 2 2 1 1 613 1964 1962
1802 2 2 1 1 1964 1965 1962
1803 2 2 1 1 1964 183 1965
1804 2 2 1 1 1962 1965 614
1805 2 2 1 1 611 1963 1957
1806 2 2 1 1 1963 1966 1957
1807 2 2 1 1 1963 614 1966
1808 2 2 1 1 1957 1966 270
1809 2 2 1 1 154 1959 135
1810 2 2 1 1 1959 1967 135
1811 2 2 1 1 1959 612 1967
1812 2 2 1 1 135 1967 146
1813 2 2 1 1 612 1968 1967
1814 2 2 1 1 1968 1969 1967
1815 2 2 1 1 1968 615 1969
1816 2 2 1 1 1967 1969 146
1817 2 2 1 1 612 1958 1968
1818 2 2 1 1 1958 1970 1968
1819 2 2 1 1 1958 270 1970
1820 2 2 1 1 1968 1970 615
1821 2 2 1 1 146 1969 134
1822 2 2 1 1 1969 1971 134
1823 2 2 1 1 1969 615 1971
1824 2 2 1 1 134 1971 159
1825 2 2 1 1 170 1972 1974
1826 2 2 1 1 1972 1973 1974
1827 2 2 1 1 1972 616 1973
1828 2 2 1 1 1974 1973 618
1829 2 2 1 1 616 1975 1973
1830 2 2 1 1 1975 1976 1973
1831 2 2 1 1 1975 617 1976
1832 2 2 1 1 1973 1976 618
1833 2 2 1 1 616 1977 1975
1834 2 2 1 1 1977 1978 1975
1835 2 2 1 1 1977 271 1978
1836 2 2 1 1 1975 1978 617
1837 2 2 1 1 618 1976 1980
1838 2 2 1 1 1976 1979 1980
1839 2 2 1 1 1976 617 1979
1840 2 2 1 1 1980 1979 273
1841 2 2 1 1 271 1981 1978
1842 2 2 1 1 1981 1982 1978
1843 2 2 1 1 1981 619 1982
1844 2 2 1 1 1978 1982 617
1845 2 2 1 1 619 1983 1982
1846 2 2 1 1 1983 1984 1982
1847 2 2 1 1 1983 620 1984
1848 2 2 1 1 1982 1984 617
1849 2 2 1 1 619 1985 1983
1850 2 2 1 1 1985 1986 1983
1851 2 2 1 1 1985 272 1986
1852 2 2 1 1 1983 1986 620
1853 2 2 1 1 617 1984 1979
1854 2 2 1 1 1984 1987 1979
1855 2 2 1 1 1984 620 1987
1856 2 2 1 1 1979 1987 273
1857 2 2 1 1 271 1988 1981
1858 2 2 1 1 1988 1989 1981
1859 2 2 1 1 1988 621 1989
1860 2 2 1 1 1981 1989 619
1861 2 2 1 1 621 1990 1989
1862 2 2 1 1 1990 1991 1989
1863 2 2 1 1 1990 622 1991
1864 2 2 1 1 1989 1991 619
1865 2 2 1 1 621 1992 1990
1866 2 2 1 1 1992 1993 1990
1867 2 2 1 1 1992 185 1993
1868 2 2 1 1 1990 1993 622
1869 2 2 1 1 619 1991 1985
1870 2 2 1 1 1991 1994 1985
1871 2 2 1 1 1991 622 1994
1872 2 2 1 1 1985 1994 272
1873 2 2 1 1 273 1987 1996
1874 2 2 1 1 1987 1995 1996
1875 2 2 1 1 1987 620 1995
1876 2 2 1 1 1996 1995 624
1877 2 2 1 1 620 1997 1995
1878 2 2 1 1 1997 1998 1995
1879 2 2 1 1 1997 623 1998
1880 2 2 1 1 1995 1998 624
1881 2 2 1 1 620 1986 1997
1882 2 2 1 1 1986 1999 1997
1883 2 2 1 1 1986 272 1999
1884 2 2 1 1 1997 1999 623
1885 2 2 1 1 624 1998 2001
1886 2 2 1 1 1998 2000 2001
1887 2 2 1 1 1998 623 2000
1888 2 2 1 1 2001 2000 184
1889 2 2 1 1 161 2002 2004
1890 2 2 1 1 2002 2003 2004
1891 2 2 1 1 2002 625 2003
1892 2 2 1 1 2004 2003 627
1893 2 2 1 1 625 2005 2003
1894 2 2 1 1 2005 2006 2003
1895 2 2 1 1 2005 626 2006
1896 2 2 1 1 2003 2006 627
1897 2 2 1 1 625 2007 2005
1898 2 2 1 1 2007 2008 2005
1899 2 2 1 1 2007 274 2008
1900 2 2 1 1 2005 2008 626
1901 2 2 1 1 627 2006 2010
1902 2 2 1 1 2006 2009 2010
1903 2 2 1 1 2006 626 2009
1904 2 2 1 1 2010 2009 275
1905 2 2 1 1 274 2011 2008
1906 2 2 1 1 2011 2012 2008
1907 2 2 1 1 2011 628 2012
1908 2 2 1 1 2008 2012 626
1909 2 2 1 1 628 2013 2012
1910 2 2 1 1 2013 2014 2012
1911 2 2 1 1 2013 629 2014
1912 2 2 1 1 2012 2014 626
1913 2 2 1 1 628 2015 2013
1914 2 2 1 1 2015 2016 2013
1915 2 2 1 1 2015 272 2016
1916 2 2 1 1 2013 2016 629
1917 2 2 1 1 626 2014 2009
1918 2 2 1 1 2014 2017 2009
1919 2 2 1 1 2014 629 2017
1920 2 2 1 1 2009 2017 275
1921 2 2 1 1 274 2018 2011
1922 2 2 1 1 2018 2019 2011
1923 2 2 1 1 2018 630 2019
1924 2 2 1 1 2011 2019 628
1925 2 2 1 1 630 2020 2019
1926 2 2 1 1 2020 2021 2019
1927 2 2 1 1 2020 623 2021
1928 2 2 1 1 2019 2021 628
1929 2 2 1 1 630 2022 2020
1930 2 2 1 1 2022 2000 2020
1931 2 2 1 1 2022 184 2000
1932 2 2 1 1 2020 2000 623
1933 2 2 1 1 628 2021 2015
1934 2 2 1 1 2021 1999 2015
1935 2 2 1 1 2021 623 1999
1936 2 2 1 1 2015 1999 272
1937 2 2 1 1 275 2017 2024
1938 2 2 1 1 2017 2023 2024
1939 2 2 1 1 2017 629 2023
1940 2 2 1 1 2024 2023 631
1941 2 2 1 1 629 2025 2023
1942 2 2 1 1 2025 2026 2023
1943 2 2 1 1 2025 622 2026
1944 2 2 1 1 2023 2026 631
1945 2 2 1 1 629 2016 2025
1946 2 2 1 1 2016 1994 2025
1947 2 2 1 1 2016 272 1994
1948 2 2 1 1 2025 1994 622
1949 2 2 1 1 631 2026 2027
1950 2 2 1 1 2026 1993 2027
1951 2 2 1 1 2026 622 1993
1952 2 2 1 1 2027 1993 185
1953 2 2 1 1 170 1794 1972
1954 2 2 1 1 1794 2028 1972
1955 2 2 1 1 1794 570 2028
1956 2 2 1 1 1972 2028 616
1957 2 2 1 1 570 2029 2028
1958 2 2 1 1 2029 2030 2028
1959 2 2 1 1 2029 632 2030
1960 2 2 1 1 2028 2030 616
1961 2 2 1 1 570 1790 2029
1962 2 2 1 1 1790 2031 2029
1963 2 2 1 1 1790 258 2031
1964 2 2 1 1 2029 2031 632
1965 2 2 1 1 616 2030 1977
1966 2 2 1 1 2030 2032 1977
1967 2 2 1 1 2030 632 2032
1968 2 2 1 1 1977 2032 271
1969 2 2 1 1 258 2033 2031
1970 2 2 1 1 2033 2034 2031
1971 2 2 1 1 2033 633 2034
1972 2 2 1 1 2031 2034 632
1973 2 2 1 1 633 2035 2034
1974 2 2 1 1 2035 2036 2034
1975 2 2 1 1 2035 634 2036
1976 2 2 1 1 2034 2036 632
1977 2 2 1 1 633 2037 2035
1978 2 2 1 1 2037 2038 2035
1979 2 2 1 1 2037 276 2038
1980 2 2 1 1 2035 2038 634
1981 2 2 1 1 632 2036 2032
1982 2 2 1 1 2036 2039 2032
1983 2 2 1 1 2036 634 2039
1984 2 2 1 1 2032 2039 271
1985 2 2 1 1 258 1780 2033
1986 2 2 1 1 1780 2040 2033
1987 2 2 1 1 1780 566 2040
1988 2 2 1 1 2033 2040 633
1989 2 2 1 1 566 2041 2040
1990 2 2 1 1 2041 2042 2040
1991 2 2 1 1 2041 635 2042
1992 2 2 1 1 2040 2042 633
1993 2 2 1 1 566 1776 2041
1994 2 2 1 1 1776 2043 2041
1995 2 2 1 1 1776 19 2043
1996 2 2 1 1 2041 2043 635
1997 2 2 1 1 633 2042 2037
1998 2 2 1 1 2042 2044 2037
1999 2 2 1 1 2042 635 2044
2000 2 2 1 1 2037 2044 276
2001 2 2 1 1 271 2039 1988
2002 2 2 1 1 2039 2045 1988
2003 2 2 1 1 2039 634 2045
2004 2 2 1 1 1988 2045 621
2005 2 2 1 1 634 2046 2045
2006 2 2 1 1 2046 2047 2045
2007 2 2 1 1 2046 636 2047
2008 2 2 1 1 2045 2047 621
2009 2 2 1 1 634 2038 2046
2010 2 2 1 1 2038 2048 2046
2011 2 2 1 1 2038 276 2048
2012 2 2 1 1 2046 2048 636
2013 2 2 1 1 621 2047 1992
2014 2 2 1 1 2047 2049 1992
2015 2 2 1 1 2047 636 2049
2016 2 2 1 1 1992 2049 185
2017 2 2 1 1 177 2050 2052
2018 2 2 1 1 2050 2051 2052
2019 2 2 1 1 2050 637 2051
2020 2 2 1 1 2052 2051 639
2021 2 2 1 1 637 2053 2051
2022 2 2 1 1 2053 2054 2051
2023 2 2 1 1 2053 638 2054
2024 2 2 1 1 2051 2054 639
2025 2 2 1 1 637 2055 2053
2026 2 2 1 1 2055 2056 2053
2027 2 2 1 1 2055 277 2056
2028 2 2 1 1 2053 2056 638
2029 2 2 1 1 639 2054 2058
2030 2 2 1 1 2054 2057 2058
2031 2 2 1 1 2054 638 2057
2032 2 2 1 1 2058 2057 279
2033 2 2 1 1 277 2059 2056
2034 2 2 1 1 2059 2060 2056
2035 2 2 1 1 2059 640 2060
2036 2 2 1 1 2056 2060 638
2037 2 2 1 1 640 2061 2060
2038 2 2 1 1 2061 2062 2060
2039 2 2 1 1 2061 641 2062
2040 2 2 1 1 2060 2062 638
2041 2 2 1 1 640 2063 2061
2042 2 2 1 1 2063 2064 2061
2043 2 2 1 1 2063 278 2064
2044 2 2 1 1 2061 2064 641
2045 2 2 1 1 638 2062 2057
2046 2 2 1 1 2062 2065 2057
2047 2 2 1 1 2062 641 2065
2048 2 2 1 1 2057 2065 279
2049 2 2 1 1 277 2066 2059
2050 2 2 1 1 2066 2067 2059
2051 2 2 1 1 2066 642 2067
2052 2 2 1 1 2059 2067 640
2053 2 2 1 1 642 2068 2067
2054 2 2 1 1 2068 2069 2067
2055 2 2 1 1 2068 643 2069
2056 2 2 1 1 2067 2069 640
2057 2 2 1 1 642 2070 2068
2058 2 2 1 1 2070 2071 2068
2059 2 2 1 1 2070 186 2071
2060 2 2 1 1 2068 2071 643
2061 2 2 1 1 640 2069 2063
2062 2 2 1 1 2069 2072 2063
2063 2 2 1 1 2069 643 2072
2064 2 2 1 1 2063 2072 278
2065 2 2 1 1 279 2065 2074
2066 2 2 1 1 2065 2073 2074
2067 2 2 1 1 2065 641 2073
2068 2 2 1 1 2074 2073 645
2069 2 2 1 1 641 2075 2073
2070 2 2 1 1 2075 2076 2073
2071 2 2 1 1 2075 644 2076
2072 2 2 1 1 2073 2076 645
2073 2 2 1 1 641 2064 2075
2074 2 2 1 1 2064 2077 2075
2075 2 2 1 1 2064 278 2077
2076 2 2 1 1 2075 2077 644
2077 2 2 1 1 645 2076 2079
2078 2 2 1 1 2076 2078 2079
2079 2 2 1 1 2076 644 2078
2080 2 2 1 1 2079 2078 171
2081 2 2 1 1 178 2080 2082
2082 2 2 1 1 2080 2081 2082
2083 2 2 1 1 2080 646 2081
2084 2 2 1 1 2082 2081 648
2085 2 2 1 1 646 2083 2081
2086 2 2 1 1 2083 2084 2081
2087 2 2 1 1 2083 647 2084
2088 2 2 1 1 2081 2084 648
2089 2 2 1 1 646 2085 2083
2090 2 2 1 1 2085 2086 2083
2091 2 2 1 1 2085 280 2086
2092 2 2 1 1 2083 2086 647
2093 2 2 1 1 648 2084 2088
2094 2 2 1 1 2084 2087 2088
2095 2 2 1 1 2084 647 2087
2096 2 2 1 1 2088 2087 282
2097 2 2 1 1 280 2089 2086
2098 2 2 1 1 2089 2090 2086
2099 2 2 1 1 2089 649 2090
2100 2 2 1 1 2086 2090 647
2101 2 2 1 1 649 2091 2090
2102 2 2 1 1 2091 2092 2090
2103 2 2 1 1 2091 650 2092
2104 2 2 1 1 2090 2092 647
2105 2 2 1 1 649 2093 2091
2106 2 2 1 1 2093 2094 2091
2107 2 2 1 1 2093 281 2094
2108 2 2 1 1 2091 2094 650
2109 2 2 1 1 647 2092 2087
2110 2 2 1 1 2092 2095 2087
2111 2 2 1 1 2092 650 2095
2112 2 2 1 1 2087 2095 282
2113 2 2 1 1 280 2096 2089
2114 2 2 1 1 2096 2097 2089
2115 2 2 1 1 2096 651 2097
2116 2 2 1 1 2089 2097 649
2117 2 2 1 1 651 2098 2097
2118 2 2 1 1 2098 2099 2097
2119 2 2 1 1 2098 652 2099
2120 2 2 1 1 2097 2099 649
2121 2 2 1 1 651 2100 2098
2122 2 2 1 1 2100 2101 2098
2123 2 2 1 1 2100 187 2101
2124 2 2 1 1 2098 2101 652
2125 2 2 1 1 649 2099 2093
2126 2 2 1 1 2099 2102 2093
2127 2 2 1 1 2099 652 2102
2128 2 2 1 1 2093 2102 281
2129 2 2 1 1 282 2095 2104
2130 2 2 1 1 2095 2103 2104
2131 2 2 1 1 2095 650 2103
2132 2 2 1 1 2104 2103 654
2133 2 2 1 1 650 2105 2103
2134 2 2 1 1 2105 2106 2103
2135 2 2 1 1 2105 653 2106
2136 2 2 1 1 2103 2106 654
2137 2 2 1 1 650 2094 2105
2138 2 2 1 1 2094 2107 2105
2139 2 2 1 1 2094 281 2107
2140 2 2 1 1 2105 2107 653
2141 2 2 1 1 654 2106 2109
2142 2 2 1 1 2106 2108 2109
2143 2 2 1 1 2106 653 2108
2144 2 2 1 1 2109 2108 162
2145 2 2 1 1 161 2110 2112
2146 2 2 1 1 2110 2111 2112
2147 2 2 1 1 2110 655 2111
2148 2 2 1 1 2112 2111 657
2149 2 2 1 1 655 2113 2111
2150 2 2 1 1 2113 2114 2111
2151 2 2 1 1 2113 656 2114
2152 2 2 1 1 2111 2114 657
2153 2 2 1 1 655 2115 2113
2154 2 2 1 1 2115 2116 2113
2155 2 2 1 1 2115 283 2116
2156 2 2 1 1 2113 2116 656
2157 2 2 1 1 657 2114 2118
2158 2 2 1 1 2114 2117 2118
2159 2 2 1 1 2114 656 2117
2160 2 2 1 1 2118 2117 285
2161 2 2 1 1 283 2119 2116
2162 2 2 1 1 2119 2120 2116
2163 2 2 1 1 2119 658 2120
2164 2 2 1 1 2116 2120 656
2165 2 2 1 1 658 2121 2120
2166 2 2 1 1 2121 2122 2120
2167 2 2 1 1 2121 659 2122
2168 2 2 1 1 2120 2122 656
2169 2 2 1 1 658 2123 2121
2170 2 2 1 1 2123 2124 2121
2171 2 2 1 1 2123 284 2124
2172 2 2 1 1 2121 2124 659
2173 2 2 1 1 656 2122 2117
2174 2 2 1 1 2122 2125 2117
2175 2 2 1 1 2122 659 2125
2176 2 2 1 1 2117 2125 285
2177 2 2 1 1 283 2126 2119
2178 2 2 1 1 2126 2127 2119
2179 2 2 1 1 2126 660 2127
2180 2 2 1 1 2119 2127 658
2181 2 2 1 1 660 2128 2127
2182 2 2 1 1 2128 2129 2127
2183 2 2 1 1 2128 661 2129
2184 2 2 1 1 2127 2129 658
2185 2 2 1 1 660 2130 2128
2186 2 2 1 1 2130 2131 2128
2187 2 2 1 1 2130 189 2131
2188 2 2 1 1 2128 2131 661
2189 2 2 1 1 658 2129 2123
2190 2 2 1 1 2129 2132 2123
2191 2 2 1 1 2129 661 2132
2192 2 2 1 1 2123 2132 284
2193 2 2 1 1 285 2125 2134
2194 2 2 1 1 2125 2133 2134
2195 2 2 1 1 2125 659 2133
2196 2 2 1 1 2134 2133 663
2197 2 2 1 1 659 2135 2133
2198 2 2 1 1 2135 2136 2133
2199 2 2 1 1 2135 662 2136
2200 2 2 1 1 2133 2136 663
2201 2 2 1 1 659 2124 2135
2202 2 2 1 1 2124 2137 2135
2203 2 2 1 1 2124 284 2137
2204 2 2 1 1 2135 2137 662
2205 2 2 1 1 663 2136 2139
2206 2 2 1 1 2136 2138 2139
2207 2 2 1 1 2136 662 2138
2208 2 2 1 1 2139 2138 188
2209 2 2 1 1 172 2140 2142
2210 2 2 1 1 2140 2141 2142
2211 2 2 1 1 2140 664 2141
2212 2 2 1 1 2142 2141 666
2213 2 2 1 1 664 2143 2141
2214 2 2 1 1 2143 2144 2141
2215 2 2 1 1 2143 665 2144
2216 2 2 1 1 2141 2144 666
2217 2 2 1 1 664 2145 2143
2218 2 2 1 1 2145 2146 2143
2219 2 2 1 1 2145 286 2146
2220 2 2 1 1 2143 2146 665
2221 2 2 1 1 666 2144 2148
2222 2 2 1 1 2144 2147 2148
2223 2 2 1 1 2144 665 2147
2224 2 2 1 1 2148 2147 287
2225 2 2 1 1 286 2149 2146
2226 2 2 1 1 2149 2150 2146
2227 2 2 1 1 2149 667 2150
2228 2 2 1 1 2146 2150 665
2229 2 2 1 1 667 2151 2150
2230 2 2 1 1 2151 2152 2150
2231 2 2 1 1 2151 668 2152
2232 2 2 1 1 2150 2152 665
2233 2 2 1 1 667 2153 2151
2234 2 2 1 1 2153 2154 2151
2235 2 2 1 1 2153 284 2154
2236 2 2 1 1 2151 2154 668
2237 2 2 1 1 665 2152 2147
2238 2 2 1 1 2152 2155 2147
2239 2 2 1 1 2152 668 2155
2240 2 2 1 1 2147 2155 287
2241 2 2 1 1 286 2156 2149
2242 2 2 1 1 2156 2157 2149
2243 2 2 1 1 2156 669 2157
2244 2 2 1 1 2149 2157 667
2245 2 2 1 1 669 2158 2157
2246 2 2 1 1 2158 2159 2157
2247 2 2 1 1 2158 662 2159
2248 2 2 1 1 2157 2159 667
2249 2 2 1 1 669 2160 2158
2250 2 2 1 1 2160 2138 2158
2251 2 2 1 1 2160 188 2138
2252 2 2 1 1 2158 2138 662
2253 2 2 1 1 667 2159 2153
2254 2 2 1 1 2159 2137 2153
2255 2 2 1 1 2159 662 2137
2256 2 2 1 1 2153 2137 284
2257 2 2 1 1 287 2155 2162
2258 2 2 1 1 2155 2161 2162
2259 2 2 1 1 2155 668 2161
2260 2 2 1 1 2162 2161 670
2261 2 2 1 1 668 2163 2161
2262 2 2 1 1 2163 2164 2161
2263 2 2 1 1 2163 661 2164
2264 2 2 1 1 2161 2164 670
2265 2 2 1 1 668 2154 2163
2266 2 2 1 1 2154 2132 2163
2267 2 2 1 1 2154 284 2132
2268 2 2 1 1 2163 2132 661
2269 2 2 1 1 670 2164 2165
2270 2 2 1 1 2164 2131 2165
2271 2 2 1 1 2164 661 2131
2272 2 2 1 1 2165 2131 189
2273 2 2 1 1 164 2166 2168
2274 2 2 1 1 2166 2167 2168
2275 2 2 1 1 2166 671 2167
2276 2 2 1 1 2168 2167 673
2277 2 2 1 1 671 2169 2167
2278 2 2 1 1 2169 2170 2167
2279 2 2 1 1 2169 672 2170
2280 2 2 1 1 2167 2170 673
2281 2 2 1 1 671 2171 2169
2282 2 2 1 1 2171 2172 2169
2283 2 2 1 1 2171 288 2172
2284 2 2 1 1 2169 2172 672
2285 2 2 1 1 673 2170 2174
2286 2 2 1 1 2170 2173 2174
2287 2 2 1 1 2170 672 2173
2288 2 2 1 1 2174 2173 289
2289 2 2 1 1 288 2175 2172
2290 2 2 1 1 2175 2176 2172
2291 2 2 1 1 2175 674 2176
2292 2 2 1 1 2172 2176 672
2293 2 2 1 1 674 2177 2176
2294 2 2 1 1 2177 2178 2176
2295 2 2 1 1 2177 675 2178
2296 2 2 1 1 2176 2178 672
2297 2 2 1 1 674 2179 2177
2298 2 2 1 1 2179 2180 2177
2299 2 2 1 1 2179 287 2180
2300 2 2 1 1 2177 2180 675
2301 2 2 1 1 672 2178 2173
2302 2 2 1 1 2178 2181 2173
2303 2 2 1 1 2178 675 2181
2304 2 2 1 1 2173 2181 289
2305 2 2 1 1 288 2182 2175
2306 2 2 1 1 2182 2183 2175
2307 2 2 1 1 2182 676 2183
2308 2 2 1 1 2175 2183 674
2309 2 2 1 1 676 2184 2183
2310 2 2 1 1 2184 2185 2183
2311 2 2 1 1 2184 666 2185
2312 2 2 1 1 2183 2185 674
2313 2 2 1 1 676 2186 2184
2314 2 2 1 1 2186 2142 2184
2315 2 2 1 1 2186 172 2142
2316 2 2 1 1 2184 2142 666
2317 2 2 1 1 674 2185 2179
2318 2 2 1 1 2185 2148 2179
2319 2 2 1 1 2185 666 2148
2320 2 2 1 1 2179 2148 287
2321 2 2 1 1 289 2181 2188
2322 2 2 1 1 2181 2187 2188
2323 2 2 1 1 2181 675 2187
2324 2 2 1 1 2188 2187 677
2325 2 2 1 1 675 2189 2187
2326 2 2 1 1 2189 2190 2187
2327 2 2 1 1 2189 670 2190
2328 2 2 1 1 2187 2190 677
2329 2 2 1 1 675 2180 2189
2330 2 2 1 1 2180 2162 2189
2331 2 2 1 1 2180 287 2162
2332 2 2 1 1 2189 2162 670
2333 2 2 1 1 677 2190 2191
2334 2 2 1 1 2190 2165 2191
2335 2 2 1 1 2190 670 2165
2336 2 2 1 1 2191 2165 189
2337 2 2 1 1 172 2192 2194
2338 2 2 1 1 2192 2193 2194
2339 2 2 1 1 2192 678 2193
2340 2 2 1 1 2194 2193 680
2341 2 2 1 1 678 2195 2193
2342 2 2 1 1 2195 2196 2193
2343 2 2 1 1 2195 679 2196
2344 2 2 1 1 2193 2196 680
2345 2 2 1 1 678 2197 2195
2346 2 2 1 1 2197 2198 2195
2347 2 2 1 1 2197 290 2198
2348 2 2 1 1 2195 2198 679
2349 2 2 1 1 680 2196 2200
2350 2 2 1 1 2196 2199 2200
2351 2 2 1 1 2196 679 2199
2352 2 2 1 1 2200 2199 292
2353 2 2 1 1 290 2201 2198
2354 2 2 1 1 2201 2202 2198
2355 2 2 1 1 2201 681 2202
2356 2 2 1 1 2198 2202 679
2357 2 2 1 1 681 2203 2202
2358 2 2 1 1 2203 2204 2202
2359 2 2 1 1 2203 682 2204
2360 2 2 1 1 2202 2204 679
2361 2 2 1 1 681 2205 2203
2362 2 2 1 1 2205 2206 2203
2363 2 2 1 1 2205 291 2206
2364 2 2 1 1 2203 2206 682
2365 2 2 1 1 679 2204 2199
2366 2 2 1 1 2204 2207 2199
2367 2 2 1 1 2204 682 2207
2368 2 2 1 1 2199 2207 292
2369 2 2 1 1 290 2208 2201
2370 2 2 1 1 2208 2209 2201
2371 2 2 1 1 2208 683 2209
2372 2 2 1 1 2201 2209 681
2373 2 2 1 1 683 2210 2209
2374 2 2 1 1 2210 2211 2209
2375 2 2 1 1 2210 684 2211
2376 2 2 1 1 2209 2211 681
2377 2 2 1 1 683 2212 2210
2378 2 2 1 1 2212 2213 2210
2379 2 2 1 1 2212 191 2213
2380 2 2 1 1 2210 2213 684
2381 2 2 1 1 681 2211 2205
2382 2 2 1 1 2211 2214 2205
2383 2 2 1 1 2211 684 2214
2384 2 2 1 1 2205 2214 291
2385 2 2 1 1 292 2207 2216
2386 2 2 1 1 2207 2215 2216
2387 2 2 1 1 2207 682 2215
2388 2 2 1 1 2216 2215 686
2389 2 2 1 1 682 2217 2215
2390 2 2 1 1 2217 2218 2215
2391 2 2 1 1 2217 685 2218
2392 2 2 1 1 2215 2218 686
2393 2 2 1 1 682 2206 2217
2394 2 2 1 1 2206 2219 2217
2395 2 2 1 1 2206 291 2219
2396 2 2 1 1 2217 2219 685
2397 2 2 1 1 686 2218 2221
2398 2 2 1 1 2218 2220 2221
2399 2 2 1 1 2218 685 2220
2400 2 2 1 1 2221 2220 190
2401 2 2 1 1 165 2222 2224
2402 2 2 1 1 2222 2223 2224
2403 2 2 1 1 2222 687 2223
2404 2 2 1 1 2224 2223 689
2405 2 2 1 1 687 2225 2223
2406 2 2 1 1 2225 2226 2223
2407 2 2 1 1 2225 688 2226
2408 2 2 1 1 2223 2226 689
2409 2 2 1 1 687 2227 2225
2410 2 2 1 1 2227 2228 2225
2411 2 2 1 1 2227 293 2228
2412 2 2 1 1 2225 2228 688
2413 2 2 1 1 689 2226 2230
2414 2 2 1 1 2226 2229 2230
2415 2 2 1 1 2226 688 2229
2416 2 2 1 1 2230 2229 294
2417 2 2 1 1 293 2231 2228
2418 2 2 1 1 2231 2232 2228
2419 2 2 1 1 2231 690 2232
2420 2 2 1 1 2228 2232 688
2421 2 2 1 1 690 2233 2232
2422 2 2 1 1 2233 2234 2232
2423 2 2 1 1 2233 691 2234
2424 2 2 1 1 2232 2234 688
2425 2 2 1 1 690 2235 2233
2426 2 2 1 1 2235 2236 2233
2427 2 2 1 1 2235 291 2236
2428 2 2 1 1 2233 2236 691
2429 2 2 1 1 688 2234 2229
2430 2 2 1 1 2234 2237 2229
2431 2 2 1 1 2234 691 2237
2432 2 2 1 1 2229 2237 294
2433 2 2 1 1 293 2238 2231
2434 2 2 1 1 2238 2239 2231
2435 2 2 1 1 2238 692 2239
2436 2 2 1 1 2231 2239 690
2437 2 2 1 1 692 2240 2239
2438 2 2 1 1 2240 2241 2239
2439 2 2 1 1 2240 685 2241
2440 2 2 1 1 2239 2241 690
2441 2 2 1 1 692 2242 2240
2442 2 2 1 1 2242 2220 2240
2443 2 2 1 1 2242 190 2220
2444 2 2 1 1 2240 2220 685
2445 2 2 1 1 690 2241 2235
2446 2 2 1 1 2241 2219 2235
2447 2 2 1 1 2241 685 2219
2448 2 2 1 1 2235 2219 291
2449 2 2 1 1 294 2237 2244
2450 2 2 1 1 2237 2243 2244
2451 2 2 1 1 2237 691 2243
2452 2 2 1 1 2244 2243 693
2453 2 2 1 1 691 2245 2243
2454 2 2 1 1 2245 2246 2243
2455 2 2 1 1 2245 684 2246
2456 2 2 1 1 2243 2246 693
2457 2 2 1 1 691 2236 2245
2458 2 2 1 1 2236 2214 2245
2459 2 2 1 1 2236 291 2214
2460 2 2 1 1 2245 2214 684
2461 2 2 1 1 693 2246 2247
2462 2 2 1 1 2246 2213 2247
2463 2 2 1 1 2246 684 2213
2464 2 2 1 1 2247 2213 191
2465 2 2 1 1 172 2186 2192
2466 2 2 1 1 2186 2248 2192
2467 2 2 1 1 2186 676 2248
2468 2 2 1 1 2192 2248 678
2469 2 2 1 1 676 2249 2248
2470 2 2 1 1 2249 2250 2248
2471 2 2 1 1 2249 694 2250
2472 2 2 1 1 2248 2250 678
2473 2 2 1 1 676 2182 2249
2474 2 2 1 1 2182 2251 2249
2475 2 2 1 1 2182 288 2251
2476 2 2 1 1 2249 2251 694
2477 2 2 1 1 678 2250 2197
2478 2 2 1 1 2250 2252 2197
2479 2 2 1 1 2250 694 2252
2480 2 2 1 1 2197 2252 290
2481 2 2 1 1 288 2253 2251
2482 2 2 1 1 2253 2254 2251
2483 2 2 1 1 2253 695 2254
2484 2 2 1 1 2251 2254 694
2485 2 2 1 1 695 2255 2254
2486 2 2 1 1 2255 2256 2254
2487 2 2 1 1 2255 696 2256
2488 2 2 1 1 2254 2256 694
2489 2 2 1 1 695 2257 2255
2490 2 2 1 1 2257 2258 2255
2491 2 2 1 1 2257 295 2258
2492 2 2 1 1 2255 2258 696
2493 2 2 1 1 694 2256 2252
2494 2 2 1 1 2256 2259 2252
2495 2 2 1 1 2256 696 2259
2496 2 2 1 1 2252 2259 290
2497 2 2 1 1 288 2171 2253
2498 2 2 1 1 2171 2260 2253
2499 2 2 1 1 2171 671 2260
2500 2 2 1 1 2253 2260 695
2501 2 2 1 1 671 2261 2260
2502 2 2 1 1 2261 2262 2260
2503 2 2 1 1 2261 697 2262
2504 2 2 1 1 2260 2262 695
2505 2 2 1 1 671 2166 2261
2506 2 2 1 1 2166 2263 2261
2507 2 2 1 1 2166 164 2263
2508 2 2 1 1 2261 2263 697
2509 2 2 1 1 695 2262 2257
2510 2 2 1 1 2262 2264 2257
2511 2 2 1 1 2262 697 2264
2512 2 2 1 1 2257 2264 295
2513 2 2 1 1 290 2259 2208
2514 2 2 1 1 2259 2265 2208
2515 2 2 1 1 2259 696 2265
2516 2 2 1 1 2208 2265 683
2517 2 2 1 1 696 2266 2265
2518 2 2 1 1 2266 2267 2265
2519 2 2 1 1 2266 698 2267
2520 2 2 1 1 2265 2267 683
2521 2 2 1 1 696 2258 2266
2522 2 2 1 1 2258 2268 2266
2523 2 2 1 1 2258 295 2268
2524 2 2 1 1 2266 2268 698
2525 2 2 1 1 683 2267 2212
2526 2 2 1 1 2267 2269 2212
2527 2 2 1 1 2267 698 2269
2528 2 2 1 1 2212 2269 191
2529 2 2 1 1 179 2270 2272
2530 2 2 1 1 2270 2271 2272
2531 2 2 1 1 2270 699 2271
2532 2 2 1 1 2272 2271 701
2533 2 2 1 1 699 2273 2271
2534 2 2 1 1 2273 2274 2271
2535 2 2 1 1 2273 700 2274
2536 2 2 1 1 2271 2274 701
2537 2 2 1 1 699 2275 2273
2538 2 2 1 1 2275 2276 2273
2539 2 2 1 1 2275 296 2276
2540 2 2 1 1 2273 2276 700
2541 2 2 1 1 701 2274 2278
2542 2 2 1 1 2274 2277 2278
2543 2 2 1 1 2274 700 2277
2544 2 2 1 1 2278 2277 298
2545 2 2 1 1 296 2279 2276
2546 2 2 1 1 2279 2280 2276
2547 2 2 1 1 2279 702 2280
2548 2 2 1 1 2276 2280 700
2549 2 2 1 1 702 2281 2280
2550 2 2 1 1 2281 2282 2280
2551 2 2 1 1 2281 703 2282
2552 2 2 1 1 2280 2282 700
2553 2 2 1 1 702 2283 2281
2554 2 2 1 1 2283 2284 2281
2555 2 2 1 1 2283 297 2284
2556 2 2 1 1 2281 2284 703
2557 2 2 1 1 700 2282 2277
2558 2 2 1 1 2282 2285 2277
2559 2 2 1 1 2282 703 2285
2560 2 2 1 1 2277 2285 298
2561 2 2 1 1 296 2286 2279
2562 2 2 1 1 2286 2287 2279
2563 2 2 1 1 2286 704 2287
2564 2 2 1 1 2279 2287 702
2565 2 2 1 1 704 2288 2287
2566 2 2 1 1 2288 2289 2287
2567 2 2 1 1 2288 705 2289
2568 2 2 1 1 2287 2289 702
2569 2 2 1 1 704 2290 2288
2570 2 2 1 1 2290 2291 2288
2571 2 2 1 1 2290 192 2291
2572 2 2 1 1 2288 2291 705
2573 2 2 1 1 702 2289 2283
2574 2 2 1 1 2289 2292 2283
2575 2 2 1 1 2289 705 2292
2576 2 2 1 1 2283 2292 297
2577 2 2 1 1 298 2285 2294
2578 2 2 1 1 2285 2293 2294
2579 2 2 1 1 2285 703 2293
2580 2 2 1 1 2294 2293 707
2581 2 2 1 1 703 2295 2293
2582 2 2 1 1 2295 2296 2293
2583 2 2 1 1 2295 706 2296
2584 2 2 1 1 2293 2296 707
2585 2 2 1 1 703 2284 2295
2586 2 2 1 1 2284 2297 2295
2587 2 2 1 1 2284 297 2297
2588 2 2 1 1 2295 2297 706
2589 2 2 1 1 707 2296 2299
2590 2 2 1 1 2296 2298 2299
2591 2 2 1 1 2296 706 2298
2592 2 2 1 1 2299 2298 173
2593 2 2 1 1 165 2300 2302
2594 2 2 1 1 2300 2301 2302
2595 2 2 1 1 2300 708 2301
2596 2 2 1 1 2302 2301 710
2597 2 2 1 1 708 2303 2301
2598 2 2 1 1 2303 2304 2301
2599 2 2 1 1 2303 709 2304
2600 2 2 1 1 2301 2304 710
2601 2 2 1 1 708 2305 2303
2602 2 2 1 1 2305 2306 2303
2603 2 2 1 1 2305 299 2306
2604 2 2 1 1 2303 2306 709
2605 2 2 1 1 710 2304 2308
2606 2 2 1 1 2304 2307 2308
2607 2 2 1 1 2304 709 2307
2608 2 2 1 1 2308 2307 301
2609 2 2 1 1 299 2309 2306
2610 2 2 1 1 2309 2310 2306
2611 2 2 1 1 2309 711 2310
2612 2 2 1 1 2306 2310 709
2613 2 2 1 1 711 2311 2310
2614 2 2 1 1 2311 2312 2310
2615 2 2 1 1 2311 712 2312
2616 2 2 1 1 2310 2312 709
2617 2 2 1 1 711 2313 2311
2618 2 2 1 1 2313 2314 2311
2619 2 2 1 1 2313 300 2314
2620 2 2 1 1 2311 2314 712
2621 2 2 1 1 709 2312 2307
2622 2 2 1 1 2312 2315 2307
2623 2 2 1 1 2312 712 2315
2624 2 2 1 1 2307 2315 301
2625 2 2 1 1 299 2316 2309
2626 2 2 1 1 2316 2317 2309
2627 2 2 1 1 2316 713 2317
2628 2 2 1 1 2309 2317 711
2629 2 2 1 1 713 2318 2317
2630 2 2 1 1 2318 2319 2317
2631 2 2 1 1 2318 714 2319
2632 2 2 1 1 2317 2319 711
2633 2 2 1 1 713 2320 2318
2634 2 2 1 1 2320 2321 2318
2635 2 2 1 1 2320 194 2321
2636 2 2 1 1 2318 2321 714
2637 2 2 1 1 711 2319 2313
2638 2 2 1 1 2319 2322 2313
2639 2 2 1 1 2319 714 2322
2640 2 2 1 1 2313 2322 300
2641 2 2 1 1 301 2315 2324
2642 2 2 1 1 2315 2323 2324
2643 2 2 1 1 2315 712 2323
2644 2 2 1 1 2324 2323 716
2645 2 2 1 1 712 2325 2323
2646 2 2 1 1 2325 2326 2323
2647 2 2 1 1 2325 715 2326
2648 2 2 1 1 2323 2326 716
2649 2 2 1 1 712 2314 2325
2650 2 2 1 1 2314 2327 2325
2651 2 2 1 1 2314 300 2327
2652 2 2 1 1 2325 2327 715
2653 2 2 1 1 716 2326 2329
2654 2 2 1 1 2326 2328 2329
2655 2 2 1 1 2326 715 2328
2656 2 2 1 1 2329 2328 193
2657 2 2 1 1 174 2330 2332
2658 2 2 1 1 2330 2331 2332
2659 2 2 1 1 2330 717 2331
2660 2 2 1 1 2332 2331 719
2661 2 2 1 1 717 2333 2331
2662 2 2 1 1 2333 2334 2331
2663 2 2 1 1 2333 718 2334
2664 2 2 1 1 2331 2334 719
2665 2 2 1 1 717 2335 2333
2666 2 2 1 1 2335 2336 2333
2667 2 2 1 1 2335 302 2336
2668 2 2 1 1 2333 2336 718
2669 2 2 1 1 719 2334 2338
2670 2 2 1 1 2334 2337 2338
2671 2 2 1 1 2334 718 2337
2672 2 2 1 1 2338 2337 303
2673 2 2 1 1 302 2339 2336
2674 2 2 1 1 2339 2340 2336
2675 2 2 1 1 2339 720 2340
2676 2 2 1 1 2336 2340 718
2677 2 2 1 1 720 2341 2340
2678 2 2 1 1 2341 2342 2340
2679 2 2 1 1 2341 721 2342
2680 2 2 1 1 2340 2342 718
2681 2 2 1 1 720 2343 2341
2682 2 2 1 1 2343 2344 2341
2683 2 2 1 1 2343 300 2344
2684 2 2 1 1 2341 2344 721
2685 2 2 1 1 718 2342 2337
2686 2 2 1 1 2342 2345 2337
2687 2 2 1 1 2342 721 2345
2688 2 2 1 1 2337 2345 303
2689 2 2 1 1 302 2346 2339
2690 2 2 1 1 2346 2347 2339
2691 2 2 1 1 2346 722 2347
2692 2 2 1 1 2339 2347 720
2693 2 2 1 1 722 2348 2347
2694 2 2 1 1 2348 2349 2347
2695 2 2 1 1 2348 715 2349
2696 2 2 1 1 2347 2349 720
2697 2 2 1 1 722 2350 2348
2698 2 2 1 1 2350 2328 2348
2699 2 2 1 1 2350 193 2328
2700 2 2 1 1 2348 2328 715
2701 2 2 1 1 720 2349 2343
2702 2 2 1 1 2349 2327 2343
2703 2 2 1 1 2349 715 2327
2704 2 2 1 1 2343 2327 300
2705 2 2 1 1 303 2345 2352
2706 2 2 1 1 2345 2351 2352
2707 2 2 1 1 2345 721 2351
2708 2 2 1 1 2352 2351 723
2709 2 2 1 1 721 2353 2351
2710 2 2 1 1 2353 2354 2351
2711 2 2 1 1 2353 714 2354
2712 2 2 1 1 2351 2354 723
2713 2 2 1 1 721 2344 2353
2714 2 2 1 1 2344 2322 2353
2715 2 2 1 1 2344 300 2322
2716 2 2 1 1 2353 2322 714
2717 2 2 1 1 723 2354 2355
2718 2 2 1 1 2354 2321 2355
2719 2 2 1 1 2354 714 2321
2720 2 2 1 1 2355 2321 194
2721 2 2 1 1 168 2356 2358
2722 2 2 1 1 2356 2357 2358
2723 2 2 1 1 2356 724 2357
2724 2 2 1 1 2358 2357 726
2725 2 2 1 1 724 2359 2357
2726 2 2 1 1 2359 2360 2357
2727 2 2 1 1 2359 725 2360
2728 2 2 1 1 2357 2360 726
2729 2 2 1 1 724 2361 2359
2730 2 2 1 1 2361 2362 2359
2731 2 2 1 1 2361 304 2362
2732 2 2 1 1 2359 2362 725
2733 2 2 1 1 726 2360 2364
2734 2 2 1 1 2360 2363 2364
2735 2 2 1 1 2360 725 2363
2736 2 2 1 1 2364 2363 305
2737 2 2 1 1 304 2365 2362
2738 2 2 1 1 2365 2366 2362
2739 2 2 1 1 2365 727 2366
2740 2 2 1 1 2362 2366 725
2741 2 2 1 1 727 2367 2366
2742 2 2 1 1 2367 2368 2366
2743 2 2 1 1 2367 728 2368
2744 2 2 1 1 2366 2368 725
2745 2 2 1 1 727 2369 2367
2746 2 2 1 1 2369 2370 2367
2747 2 2 1 1 2369 303 2370
2748 2 2 1 1 2367 2370 728
2749 2 2 1 1 725 2368 2363
2750 2 2 1 1 2368 2371 2363
2751 2 2 1 1 2368 728 2371
2752 2 2 1 1 2363 2371 305
2753 2 2 1 1 304 2372 2365
2754 2 2 1 1 2372 2373 2365
2755 2 2 1 1 2372 729 2373
2756 2 2 1 1 2365 2373 727
2757 2 2 1 1 729 2374 2373
2758 2 2 1 1 2374 2375 2373
2759 2 2 1 1 2374 719 2375
2760 2 2 1 1 2373 2375 727
2761 2 2 1 1 729 2376 2374
2762 2 2 1 1 2376 2332 2374
2763 2 2 1 1 2376 174 2332
2764 2 2 1 1 2374 2332 719
2765 2 2 1 1 727 2375 2369
2766 2 2 1 1 2375 2338 2369
2767 2 2 1 1 2375 719 2338
2768 2 2 1 1 2369 2338 303
2769 2 2 1 1 305 2371 2378
2770 2 2 1 1 2371 2377 2378
2771 2 2 1 1 2371 728 2377
2772 2 2 1 1 2378 2377 730
2773 2 2 1 1 728 2379 2377
2774 2 2 1 1 2379 2380 2377
2775 2 2 1 1 2379 723 2380
2776 2 2 1 1 2377 2380 730
2777 2 2 1 1 728 2370 2379
2778 2 2 1 1 2370 2352 2379
2779 2 2 1 1 2370 303 2352
2780 2 2 1 1 2379 2352 723
2781 2 2 1 1 730 2380 2381
2782 2 2 1 1 2380 2355 2381
2783 2 2 1 1 2380 723 2355
2784 2 2 1 1 2381 2355 194
2785 2 2 1 1 174 2382 2384
2786 2 2 1 1 2382 2383 2384
2787 2 2 1 1 2382 731 2383
2788 2 2 1 1 2384 2383 733
2789 2 2 1 1 731 2385 2383
2790 2 2 1 1 2385 2386 2383
2791 2 2 1 1 2385 732 2386
2792 2 2 1 1 2383 2386 733
2793 2 2 1 1 731 2387 2385
2794 2 2 1 1 2387 2388 2385
2795 2 2 1 1 2387 306 2388
2796 2 2 1 1 2385 2388 732
2797 2 2 1 1 733 2386 2390
2798 2 2 1 1 2386 2389 2390
2799 2 2 1 1 2386 732 2389
2800 2 2 1 1 2390 2389 308
2801 2 2 1 1 306 2391 2388
2802 2 2 1 1 2391 2392 2388
2803 2 2 1 1 2391 734 2392
2804 2 2 1 1 2388 2392 732
2805 2 2 1 1 734 2393 2392
2806 2 2 1 1 2393 2394 2392
2807 2 2 1 1 2393 735 2394
2808 2 2 1 1 2392 2394 732
2809 2 2 1 1 734 2395 2393
2810 2 2 1 1 2395 2396 2393
2811 2 2 1 1 2395 307 2396
2812 2 2 1 1 2393 2396 735
2813 2 2 1 1 732 2394 2389
2814 2 2 1 1 2394 2397 2389
2815 2 2 1 1 2394 735 2397
2816 2 2 1 1 2389 2397 308
2817 2 2 1 1 306 2398 2391
2818 2 2 1 1 2398 2399 2391
2819 2 2 1 1 2398 736 2399
2820 2 2 1 1 2391 2399 734
2821 2 2 1 1 736 2400 2399
2822 2 2 1 1 2400 2401 2399
2823 2 2 1 1 2400 737 2401
2824 2 2 1 1 2399 2401 734
2825 2 2 1 1 736 2402 2400
2826 2 2 1 1 2402 2403 2400
2827 2 2 1 1 2402 196 2403
2828 2 2 1 1 2400 2403 737
2829 2 2 1 1 734 2401 2395
2830 2 2 1 1 2401 2404 2395
2831 2 2 1 1 2401 737 2404
2832 2 2 1 1 2395 2404 307
2833 2 2 1 1 308 2397 2406
2834 2 2 1 1 2397 2405 2406
2835 2 2 1 1 2397 735 2405
2836 2 2 1 1 2406 2405 739
2837 2 2 1 1 735 2407 2405
2838 2 2 1 1 2407 2408 2405
2839 2 2 1 1 2407 738 2408
2840 2 2 1 1 2405 2408 739
2841 2 2 1 1 735 2396 2407
2842 2 2 1 1 2396 2409 2407
2843 2 2 1 1 2396 307 2409
2844 2 2 1 1 2407 2409 738
2845 2 2 1 1 739 2408 2411
2846 2 2 1 1 2408 2410 2411
2847 2 2 1 1 2408 738 2410
2848 2 2 1 1 2411 2410 195
2849 2 2 1 1 169 2412 2414
2850 2 2 1 1 2412 2413 2414
2851 2 2 1 1 2412 740 2413
2852 2 2 1 1 2414 2413 742
2853 2 2 1 1 740 2415 2413
2854 2 2 1 1 2415 2416 2413
2855 2 2 1 1 2415 741 2416
2856 2 2 1 1 2413 2416 742
2857 2 2 1 1 740 2417 2415
2858 2 2 1 1 2417 2418 2415
2859 2 2 1 1 2417 309 2418
2860 2 2 1 1 2415 2418 741
2861 2 2 1 1 742 2416 2420
2862 2 2 1 1 2416 2419 2420
2863 2 2 1 1 2416 741 2419
2864 2 2 1 1 2420 2419 310
2865 2 2 1 1 309 2421 2418
2866 2 2 1 1 2421 2422 2418
2867 2 2 1 1 2421 743 2422
2868 2 2 1 1 2418 2422 741
2869 2 2 1 1 743 2423 2422
2870 2 2 1 1 2423 2424 2422
2871 2 2 1 1 2423 744 2424
2872 2 2 1 1 2422 2424 741
2873 2 2 1 1 743 2425 2423
2874 2 2 1 1 2425 2426 2423
2875 2 2 1 1 2425 307 2426
2876 2 2 1 1 2423 2426 744
2877 2 2 1 1 741 2424 2419
2878 2 2 1 1 2424 2427 2419
2879 2 2 1 1 2424 744 2427
2880 2 2 1 1 2419 2427 310
2881 2 2 1 1 309 2428 2421
2882 2 2 1 1 2428 2429 2421
2883 2 2 1 1 2428 745 2429
2884 2 2 1 1 2421 2429 743
2885 2 2 1 1 745 2430 2429
2886 2 2 1 1 2430 2431 2429
2887 2 2 1 1 2430 738 2431
2888 2 2 1 1 2429 2431 743
2889 2 2 1 1 745 2432 2430
2890 2 2 1 1 2432 2410 2430
2891 2 2 1 1 2432 195 2410
2892 2 2 1 1 2430 2410 738
2893 2 2 1 1 743 2431 2425
2894 2 2 1 1 2431 2409 2425
2895 2 2 1 1 2431 738 2409
2896 2 2 1 1 2425 2409 307
2897 2 2 1 1 310 2427 2434
2898 2 2 1 1 2427 2433 2434
2899 2 2 1 1 2427 744 2433
2900 2 2 1 1 2434 2433 746
2901 2 2 1 1 744 2435 2433
2902 2 2 1 1 2435 2436 2433
2903 2 2 1 1 2435 737 2436
2904 2 2 1 1 2433 2436 746
2905 2 2 1 1 744 2426 2435
2906 2 2 1 1 2426 2404 2435
2907 2 2 1 1 2426 307 2404
2908 2 2 1 1 2435 2404 737
2909 2 2 1 1 746 2436 2437
2910 2 2 1 1 2436 2403 2437
2911 2 2 1 1 2436 737 2403
2912 2 2 1 1 2437 2403 196
2913 2 2 1 1 174 2376 2382
2914 2 2 1 1 2376 2438 2382
2915 2 2 1 1 2376 729 2438
2916 2 2 1 1 2382 2438 731
2917 2 2 1 1 729 2439 2438
2918 2 2 1 1 2439 2440 2438
2919 2 2 1 1 2439 747 2440
2920 2 2 1 1 2438 2440 731
2921 2 2 1 1 729 2372 2439
2922 2 2 1 1 2372 2441 2439
2923 2 2 1 1 2372 304 2441
2924 2 2 1 1 2439 2441 747
2925 2 2 1 1 731 2440 2387
2926 2 2 1 1 2440 2442 2387
2927 2 2 1 1 2440 747 2442
2928 2 2 1 1 2387 2442 306
2929 2 2 1 1 304 2443 2441
2930 2 2 1 1 2443 2444 2441
2931 2 2 1 1 2443 748 2444
2932 2 2 1 1 2441 2444 747
2933 2 2 1 1 748 2445 2444
2934 2 2 1 1 2445 2446 2444
2935 2 2 1 1 2445 749 2446
2936 2 2 1 1 2444 2446 747
2937 2 2 1 1 748 2447 2445
2938 2 2 1 1 2447 2448 2445
2939 2 2 1 1 2447 311 2448
2940 2 2 1 1 2445 2448 749
2941 2 2 1 1 747 2446 2442
2942 2 2 1 1 2446 2449 2442
2943 2 2 1 1 2446 749 2449
2944 2 2 1 1 2442 2449 306
2945 2 2 1 1 304 2361 2443
2946 2 2 1 1 2361 2450 2443
2947 2 2 1 1 2361 724 2450
2948 2 2 1 1 2443 2450 748
2949 2 2 1 1 724 2451 2450
2950 2 2 1 1 2451 2452 2450
2951 2 2 1 1 2451 750 2452
2952 2 2 1 1 2450 2452 748
2953 2 2 1 1 724 2356 2451
2954 2 2 1 1 2356 2453 2451
2955 2 2 1 1 2356 168 2453
2956 2 2 1 1 2451 2453 750
2957 2 2 1 1 748 2452 2447
2958 2 2 1 1 2452 2454 2447
2959 2 2 1 1 2452 750 2454
2960 2 2 1 1 2447 2454 311
2961 2 2 1 1 306 2449 2398
2962 2 2 1 1 2449 2455 2398
2963 2 2 1 1 2449 749 2455
2964 2 2 1 1 2398 2455 736
2965 2 2 1 1 749 2456 2455
2966 2 2 1 1 2456 2457 2455
2967 2 2 1 1 2456 751 2457
2968 2 2 1 1 2455 2457 736
2969 2 2 1 1 749 2448 2456
2970 2 2 1 1 2448 2458 2456
2971 2 2 1 1 2448 311 2458
2972 2 2 1 1 2456 2458 751
2973 2 2 1 1 736 2457 2402
2974 2 2 1 1 2457 2459 2402
2975 2 2 1 1 2457 751 2459
2976 2 2 1 1 2402 2459 196
2977 2 2 1 1 180 2460 2462
2978 2 2 1 1 2460 2461 2462
2979 2 2 1 1 2460 752 2461
2980 2 2 1 1 2462 2461 754
2981 2 2 1 1 752 2463 2461
2982 2 2 1 1 2463 2464 2461
2983 2 2 1 1 2463 753 2464
2984 2 2 1 1 2461 2464 754
2985 2 2 1 1 752 2465 2463
2986 2 2 1 1 2465 2466 2463
2987 2 2 1 1 2465 312 2466
2988 2 2 1 1 2463 2466 753
2989 2 2 1 1 754 2464 2468
2990 2 2 1 1 2464 2467 2468
2991 2 2 1 1 2464 753 2467
2992 2 2 1 1 2468 2467 314
2993 2 2 1 1 312 2469 2466
2994 2 2 1 1 2469 2470 2466
2995 2 2 1 1 2469 755 2470
2996 2 2 1 1 2466 2470 753
2997 2 2 1 1 755 2471 2470
2998 2 2 1 1 2471 2472 2470
2999 2 2 1 1 2471 756 2472
3000 2 2 1 1 2470 2472 753
3001 2 2 1 1 755 2473 2471
3002 2 2 1 1 2473 2474 2471
3003 2 2 1 1 2473 313 2474
3004 2 2 1 1 2471 2474 756
3005 2 2 1 1 753 2472 2467
3006 2 2 1 1 2472 2475 2467
3007 2 2 1 1 2472 756 2475
3008 2 2 1 1 2467 2475 314
3009 2 2 1 1 312 2476 2469
3010 2 2 1 1 2476 2477 2469
3011 2 2 1 1 2476 757 2477
3012 2 2 1 1 2469 2477 755
3013 2 2 1 1 757 2478 2477
3014 2 2 1 1 2478 2479 2477
3015 2 2 1 1 2478 758 2479
3016 2 2 1 1 2477 2479 755
3017 2 2 1 1 757 2480 2478
3018 2 2 1 1 2480 2481 2478
3019 2 2 1 1 2480 197 2481
3020 2 2 1 1 2478 2481 758
3021 2 2 1 1 755 2479 2473
3022 2 2 1 1 2479 2482 2473
3023 2 2 1 1 2479 758 2482
3024 2 2 1 1 2473 2482 313
3025 2 2 1 1 314 2475 2484
3026 2 2 1 1 2475 2483 2484
3027 2 2 1 1 2475 756 2483
3028 2 2 1 1 2484 2483 760
3029 2 2 1 1 756 2485 2483
3030 2 2 1 1 2485 2486 2483
3031 2 2 1 1 2485 759 2486
3032 2 2 1 1 2483 2486 760
3033 2 2 1 1 756 2474 2485
3034 2 2 1 1 2474 2487 2485
3035 2 2 1 1 2474 313 2487
3036 2 2 1 1 2485 2487 759
3037 2 2 1 1 760 2486 2489
3038 2 2 1 1 2486 2488 2489
3039 2 2 1 1 2486 759 2488
3040 2 2 1 1 2489 2488 166
3041 2 2 1 1 181 2490 2492
3042 2 2 1 1 2490 2491 2492
3043 2 2 1 1 2490 761 2491
3044 2 2 1 1 2492 2491 763
3045 2 2 1 1 761 2493 2491
3046 2 2 1 1 2493 2494 2491
3047 2 2 1 1 2493 762 2494
3048 2 2 1 1 2491 2494 763
3049 2 2 1 1 761 2495 2493
3050 2 2 1 1 2495 2496 2493
3051 2 2 1 1 2495 315 2496
3052 2 2 1 1 2493 2496 762
3053 2 2 1 1 763 2494 2498
3054 2 2 1 1 2494 2497 2498
3055 2 2 1 1 2494 762 2497
3056 2 2 1 1 2498 2497 317
3057 2 2 1 1 315 2499 2496
3058 2 2 1 1 2499 2500 2496
3059 2 2 1 1 2499 764 2500
3060 2 2 1 1 2496 2500 762
3061 2 2 1 1 764 2501 2500
3062 2 2 1 1 2501 2502 2500
3063 2 2 1 1 2501 765 2502
3064 2 2 1 1 2500 2502 762
3065 2 2 1 1 764 2503 2501
3066 2 2 1 1 2503 2504 2501
3067 2 2 1 1 2503 316 2504
3068 2 2 1 1 2501 2504 765
3069 2 2 1 1 762 2502 2497
3070 2 2 1 1 2502 2505 2497
3071 2 2 1 1 2502 765 2505
3072 2 2 1 1 2497 2505 317
3073 2 2 1 1 315 2506 2499
3074 2 2 1 1 2506 2507 2499
3075 2 2 1 1 2506 766 2507
3076 2 2 1 1 2499 2507 764
3077 2 2 1 1 766 2508 2507
3078 2 2 1 1 2508 2509 2507
3079 2 2 1 1 2508 767 2509
3080 2 2 1 1 2507 2509 764
3081 2 2 1 1 766 2510 2508
3082 2 2 1 1 2510 2511 2508
3083 2 2 1 1 2510 198 2511
3084 2 2 1 1 2508 2511 767
3085 2 2 1 1 764 2509 2503
3086 2 2 1 1 2509 2512 2503
3087 2 2 1 1 2509 767 2512
3088 2 2 1 1 2503 2512 316
3089 2 2 1 1 317 2505 2514
3090 2 2 1 1 2505 2513 2514
3091 2 2 1 1 2505 765 2513
3092 2 2 1 1 2514 2513 769
3093 2 2 1 1 765 2515 2513
3094 2 2 1 1 2515 2516 2513
3095 2 2 1 1 2515 768 2516
3096 2 2 1 1 2513 2516 769
3097 2 2 1 1 765 2504 2515
3098 2 2 1 1 2504 2517 2515
3099 2 2 1 1 2504 316 2517
3100 2 2 1 1 2515 2517 768
3101 2 2 1 1 769 2516 2519
3102 2 2 1 1 2516 2518 2519
3103 2 2 1 1 2516 768 2518
3104 2 2 1 1 2519 2518 175
3105 2 2 1 1 182 2520 2522
3106 2 2 1 1 2520 2521 2522
3107 2 2 1 1 2520 770 2521
3108 2 2 1 1 2522 2521 772
3109 2 2 1 1 770 2523 2521
3110 2 2 1 1 2523 2524 2521
3111 2 2 1 1 2523 771 2524
3112 2 2 1 1 2521 2524 772
3113 2 2 1 1 770 2525 2523
3114 2 2 1 1 2525 2526 2523
3115 2 2 1 1 2525 318 2526
3116 2 2 1 1 2523 2526 771
3117 2 2 1 1 772 2524 2528
3118 2 2 1 1 2524 2527 2528
3119 2 2 1 1 2524 771 2527
3120 2 2 1 1 2528 2527 320
3121 2 2 1 1 318 2529 2526
3122 2 2 1 1 2529 2530 2526
3123 2 2 1 1 2529 773 2530
3124 2 2 1 1 2526 2530 771
3125 2 2 1 1 773 2531 2530
3126 2 2 1 1 2531 2532 2530
3127 2 2 1 1 2531 774 2532
3128 2 2 1 1 2530 2532 771
3129 2 2 1 1 773 2533 2531
3130 2 2 1 1 2533 2534 2531
3131 2 2 1 1 2533 319 2534
3132 2 2 1 1 2531 2534 774
3133 2 2 1 1 771 2532 2527
3134 2 2 1 1 2532 2535 2527
3135 2 2 1 1 2532 774 2535
3136 2 2 1 1 2527 2535 320
3137 2 2 1 1 318 2536 2529
3138 2 2 1 1 2536 2537 2529
3139 2 2 1 1 2536 775 2537
3140 2 2 1 1 2529 2537 773
3141 2 2 1 1 775 2538 2537
3142 2 2 1 1 2538 2539 2537
3143 2 2 1 1 2538 776 2539
3144 2 2 1 1 2537 2539 773
3145 2 2 1 1 775 2540 2538
3146 2 2 1 1 2540 2541 2538
3147 2 2 1 1 2540 199 2541
3148 2 2 1 1 2538 2541 776
3149 2 2 1 1 773 2539 2533
3150 2 2 1 1 2539 2542 2533
3151 2 2 1 1 2539 776 2542
3152 2 2 1 1 2533 2542 319
3153 2 2 1 1 320 2535 2544
3154 2 2 1 1 2535 2543 2544
3155 2 2 1 1 2535 774 2543
3156 2 2 1 1 2544 2543 778
3157 2 2 1 1 774 2545 2543
3158 2 2 1 1 2545 2546 2543
3159 2 2 1 1 2545 777 2546
3160 2 2 1 1 2543 2546 778
3161 2 2 1 1 774 2534 2545
3162 2 2 1 1 2534 2547 2545
3163 2 2 1 1 2534 319 2547
3164 2 2 1 1 2545 2547 777
3165 2 2 1 1 778 2546 2549
3166 2 2 1 1 2546 2548 2549
3167 2 2 1 1 2546 777 2548
3168 2 2 1 1 2549 2548 121
3169 2 2 1 1 169 2550 2552
3170 2 2 1 1 2550 2551 2552
3171 2 2 1 1 2550 779 2551
3172 2 2 1 1 2552 2551 781
3173 2 2 1 1 779 2553 2551
3174 2 2 1 1 2553 2554 2551
3175 2 2 1 1 2553 780 2554
3176 2 2 1 1 2551 2554 781
3177 2 2 1 1 779 2555 2553
3178 2 2 1 1 2555 2556 2553
3179 2 2 1 1 2555 321 2556
3180 2 2 1 1 2553 2556 780
3181 2 2 1 1 781 2554 2558
3182 2 2 1 1 2554 2557 2558
3183 2 2 1 1 2554 780 2557
3184 2 2 1 1 2558 2557 323
3185 2 2 1 1 321 2559 2556
3186 2 2 1 1 2559 2560 2556
3187 2 2 1 1 2559 782 2560
3188 2 2 1 1 2556 2560 780
3189 2 2 1 1 782 2561 2560
3190 2 2 1 1 2561 2562 2560
3191 2 2 1 1 2561 783 2562
3192 2 2 1 1 2560 2562 780
3193 2 2 1 1 782 2563 2561
3194 2 2 1 1 2563 2564 2561
3195 2 2 1 1 2563 322 2564
3196 2 2 1 1 2561 2564 783
3197 2 2 1 1 780 2562 2557
3198 2 2 1 1 2562 2565 2557
3199 2 2 1 1 2562 783 2565
3200 2 2 1 1 2557 2565 323
3201 2 2 1 1 321 2566 2559
3202 2 2 1 1 2566 2567 2559
3203 2 2 1 1 2566 784 2567
3204 2 2 1 1 2559 2567 782
3205 2 2 1 1 784 2568 2567
3206 2 2 1 1 2568 2569 2567
3207 2 2 1 1 2568 785 2569
3208 2 2 1 1 2567 2569 782
3209 2 2 1 1 784 2570 2568
3210 2 2 1 1 2570 2571 2568
3211 2 2 1 1 2570 201 2571
3212 2 2 1 1 2568 2571 785
3213 2 2 1 1 782 2569 2563
3214 2 2 1 1 2569 2572 2563
3215 2 2 1 1 2569 785 2572
3216 2 2 1 1 2563 2572 322
3217 2 2 1 1 323 2565 2574
3218 2 2 1 1 2565 2573 2574
3219 2 2 1 1 2565 783 2573
3220 2 2 1 1 2574 2573 787
3221 2 2 1 1 783 2575 2573
3222 2 2 1 1 2575 2576 2573
3223 2 2 1 1 2575 786 2576
3224 2 2 1 1 2573 2576 787
3225 2 2 1 1 783 2564 2575
3226 2 2 1 1 2564 2577 2575
3227 2 2 1 1 2564 322 2577
3228 2 2 1 1 2575 2577 786
3229 2 2 1 1 787 2576 2579
3230 2 2 1 1 2576 2578 2579
3231 2 2 1 1 2576 786 2578
3232 2 2 1 1 2579 2578 200
3233 2 2 1 1 176 2580 2582
3234 2 2 1 1 2580 2581 2582
3235 2 2 1 1 2580 788 2581
3236 2 2 1 1 2582 2581 790
3237 2 2 1 1 788 2583 2581
3238 2 2 1 1 2583 2584 2581
3239 2 2 1 1 2583 789 2584
3240 2 2 1 1 2581 2584 790
3241 2 2 1 1 788 2585 2583
3242 2 2 1 1 2585 2586 2583
3243 2 2 1 1 2585 324 2586
3244 2 2 1 1 2583 2586 789
3245 2 2 1 1 790 2584 2588
3246 2 2 1 1 2584 2587 2588
3247 2 2 1 1 2584 789 2587
3248 2 2 1 1 2588 2587 325
3249 2 2 1 1 324 2589 2586
3250 2 2 1 1 2589 2590 2586
3251 2 2 1 1 2589 791 2590
3252 2 2 1 1 2586 2590 789
3253 2 2 1 1 791 2591 2590
3254 2 2 1 1 2591 2592 2590
3255 2 2 1 1 2591 792 2592
3256 2 2 1 1 2590 2592 789
3257 2 2 1 1 791 2593 2591
3258 2 2 1 1 2593 2594 2591
3259 2 2 1 1 2593 322 2594
3260 2 2 1 1 2591 2594 792
3261 2 2 1 1 789 2592 2587
3262 2 2 1 1 2592 2595 2587
3263 2 2 1 1 2592 792 2595
3264 2 2 1 1 2587 2595 325
3265 2 2 1 1 324 2596 2589
3266 2 2 1 1 2596 2597 2589
3267 2 2 1 1 2596 793 2597
3268 2 2 1 1 2589 2597 791
3269 2 2 1 1 793 2598 2597
3270 2 2 1 1 2598 2599 2597
3271 2 2 1 1 2598 786 2599
3272 2 2 1 1 2597 2599 791
3273 2 2 1 1 793 2600 2598
3274 2 2 1 1 2600 2578 2598
3275 2 2 1 1 2600 200 2578
3276 2 2 1 1 2598 2578 786
3277 2 2 1 1 791 2599 2593
3278 2 2 1 1 2599 2577 2593
3279 2 2 1 1 2599 786 2577
3280 2 2 1 1 2593 2577 322
3281 2 2 1 1 325 2595 2602
3282 2 2 1 1 2595 2601 2602
3283 2 2 1 1 2595 792 2601
3284 2 2 1 1 2602 2601 794
3285 2 2 1 1 792 2603 2601
3286 2 2 1 1 2603 2604 2601
3287 2 2 1 1 2603 785 2604
3288 2 2 1 1 2601 2604 794
3289 2 2 1 1 792 2594 2603
3290 2 2 1 1 2594 2572 2603
3291 2 2 1 1 2594 322 2572
3292 2 2 1 1 2603 2572 785
3293 2 2 1 1 794 2604 2605
3294 2 2 1 1 2604 2571 2605
3295 2 2 1 1 2604 785 2571
3296 2 2 1 1 2605 2571 201
3297 2 2 1 1 63 2606 2608
3298 2 2 1 1 2606 2607 2608
3299 2 2 1 1 2606 795 2607
3300 2 2 1 1 2608 2607 797
3301 2 2 1 1 795 2609 2607
3302 2 2 1 1 2609 2610 2607
3303 2 2 1 1 2609 796 2610
3304 2 2 1 1 2607 2610 797
3305 2 2 1 1 795 2611 2609
3306 2 2 1 1 2611 2612 2609
3307 2 2 1 1 2611 326 2612
3308 2 2 1 1 2609 2612 796
3309 2 2 1 1 797 2610 2614
3310 2 2 1 1 2610 2613 2614
3311 2 2 1 1 2610 796 2613
3312 2 2 1 1 2614 2613 327
3313 2 2 1 1 326 2615 2612
3314 2 2 1 1 2615 2616 2612
3315 2 2 1 1 2615 798 2616
3316 2 2 1 1 2612 2616 796
3317 2 2 1 1 798 2617 2616
3318 2 2 1 1 2617 2618 2616
3319 2 2 1 1 2617 799 2618
3320 2 2 1 1 2616 2618 796
3321 2 2 1 1 798 2619 2617
3322 2 2 1 1 2619 2620 2617
3323 2 2 1 1 2619 325 2620
3324 2 2 1 1 2617 2620 799
3325 2 2 1 1 796 2618 2613
3326 2 2 1 1 2618 2621 2613
3327 2 2 1 1 2618 799 2621
3328 2 2 1 1 2613 2621 327
3329 2 2 1 1 326 2622 2615
3330 2 2 1 1 2622 2623 2615
3331 2 2 1 1 2622 800 2623
3332 2 2 1 1 2615 2623 798
3333 2 2 1 1 800 2624 2623
3334 2 2 1 1 2624 2625 2623
3335 2 2 1 1 2624 790 2625
3336 2 2 1 1 2623 2625 798
3337 2 2 1 1 800 2626 2624
3338 2 2 1 1 2626 2582 2624
3339 2 2 1 1 2626 176 2582
3340 2 2 1 1 2624 2582 790
3341 2 2 1 1 798 2625 2619
3342 2 2 1 1 2625 2588 2619
3343 2 2 1 1 2625 790 2588
3344 2 2 1 1 2619 2588 325
3345 2 2 1 1 327 2621 2628
3346 2 2 1 1 2621 2627 2628
3347 2 2 1 1 2621 799 2627
3348 2 2 1 1 2628 2627 801
3349 2 2 1 1 799 2629 2627
3350 2 2 1 1 2629 2630 2627
3351 2 2 1 1 2629 794 2630
3352 2 2 1 1 2627 2630 801
3353 2 2 1 1 799 2620 2629
3354 2 2 1 1 2620 2602 2629
3355 2 2 1 1 2620 325 2602
3356 2 2 1 1 2629 2602 794
3357 2 2 1 1 801 2630 2631
3358 2 2 1 1 2630 2605 2631
3359 2 2 1 1 2630 794 2605
3360 2 2 1 1 2631 2605 201
3361 2 2 1 1 176 2632 2634
3362 2 2 1 1 2632 2633 2634
3363 2 2 1 1 2632 802 2633
3364 2 2 1 1 2634 2633 804
3365 2 2 1 1 802 2635 2633
3366 2 2 1 1 2635 2636 2633
3367 2 2 1 1 2635 803 2636
3368 2 2 1 1 2633 2636 804
3369 2 2 1 1 802 2637 2635
3370 2 2 1 1 2637 2638 2635
3371 2 2 1 1 2637 328 2638
3372 2 2 1 1 2635 2638 803
3373 2 2 1 1 804 2636 2640
3374 2 2 1 1 2636 2639 2640
3375 2 2 1 1 2636 803 2639
3376 2 2 1 1 2640 2639 330
3377 2 2 1 1 328 2641 2638
3378 2 2 1 1 2641 2642 2638
3379 2 2 1 1 2641 805 2642
3380 2 2 1 1 2638 2642 803
3381 2 2 1 1 805 2643 2642
3382 2 2 1 1 2643 2644 2642
3383 2 2 1 1 2643 806 2644
3384 2 2 1 1 2642 2644 803
3385 2 2 1 1 805 2645 2643
3386 2 2 1 1 2645 2646 2643
3387 2 2 1 1 2645 329 2646
3388 2 2 1 1 2643 2646 806
3389 2 2 1 1 803 2644 2639
3390 2 2 1 1 2644 2647 2639
3391 2 2 1 1 2644 806 2647
3392 2 2 1 1 2639 2647 330
3393 2 2 1 1 328 2648 2641
3394 2 2 1 1 2648 2649 2641
3395 2 2 1 1 2648 807 2649
3396 2 2 1 1 2641 2649 805
3397 2 2 1 1 807 2650 2649
3398 2 2 1 1 2650 2651 2649
3399 2 2 1 1 2650 808 2651
3400 2 2 1 1 2649 2651 805
3401 2 2 1 1 807 2652 2650
3402 2 2 1 1 2652 2653 2650
3403 2 2 1 1 2652 203 2653
3404 2 2 1 1 2650 2653 808
3405 2 2 1 1 805 2651 2645
3406 2 2 1 1 2651 2654 2645
3407 2 2 1 1 2651 808 2654
3408 2 2 1 1 2645 2654 329
3409 2 2 1 1 330 2647 2656
3410 2 2 1 1 2647 2655 2656
3411 2 2 1 1 2647 806 2655
3412 2 2 1 1 2656 2655 810
3413 2 2 1 1 806 2657 2655
3414 2 2 1 1 2657 2658 2655
3415 2 2 1 1 2657 809 2658
3416 2 2 1 1 2655 2658 810
3417 2 2 1 1 806 2646 2657
3418 2 2 1 1 2646 2659 2657
3419 2 2 1 1 2646 329 2659
3420 2 2 1 1 2657 2659 809
3421 2 2 1 1 810 2658 2661
3422 2 2 1 1 2658 2660 2661
3423 2 2 1 1 2658 809 2660
3424 2 2 1 1 2661 2660 202
3425 2 2 1 1 50 2662 2664
3426 2 2 1 1 2662 2663 2664
3427 2 2 1 1 2662 811 2663
3428 2 2 1 1 2664 2663 813
3429 2 2 1 1 811 2665 2663
3430 2 2 1 1 2665 2666 2663
3431 2 2 1 1 2665 812 2666
3432 2 2 1 1 2663 2666 813
3433 2 2 1 1 811 2667 2665
3434 2 2 1 1 2667 2668 2665
3435 2 2 1 1 2667 331 2668
3436 2 2 1 1 2665 2668 812
3437 2 2 1 1 813 2666 2670
3438 2 2 1 1 2666 2669 2670
3439 2 2 1 1 2666 812 2669
3440 2 2 1 1 2670 2669 332
3441 2 2 1 1 331 2671 2668
3442 2 2 1 1 2671 2672 2668
3443 2 2 1 1 2671 814 2672
3444 2 2 1 1 2668 2672 812
3445 2 2 1 1 814 2673 2672
3446 2 2 1 1 2673 2674 2672
3447 2 2 1 1 2673 815 2674
3448 2 2 1 1 2672 2674 812
3449 2 2 1 1 814 2675 2673
3450 2 2 1 1 2675 2676 2673
3451 2 2 1 1 2675 329 2676
3452 2 2 1 1 2673 2676 815
3453 2 2 1 1 812 2674 2669
3454 2 2 1 1 2674 2677 2669
3455 2 2 1 1 2674 815 2677
3456 2 2 1 1 2669 2677 332
3457 2 2 1 1 331 2678 2671
3458 2 2 1 1 2678 2679 2671
3459 2 2 1 1 2678 816 2679
3460 2 2 1 1 2671 2679 814
3461 2 2 1 1 816 2680 2679
3462 2 2 1 1 2680 2681 2679
3463 2 2 1 1 2680 809 2681
3464 2 2 1 1 2679 2681 814
3465 2 2 1 1 816 2682 2680
3466 2 2 1 1 2682 2660 2680
3467 2 2 1 1 2682 202 2660
3468 2 2 1 1 2680 2660 809
3469 2 2 1 1 814 2681 2675
3470 2 2 1 1 2681 2659 2675
3471 2 2 1 1 2681 809 2659
3472 2 2 1 1 2675 2659 329
3473 2 2 1 1 332 2677 2684
3474 2 2 1 1 2677 2683 2684
3475 2 2 1 1 2677 815 2683
3476 2 2 1 1 2684 2683 817
3477 2 2 1 1 815 2685 2683
3478 2 2 1 1 2685 2686 2683
3479 2 2 1 1 2685 808 2686
3480 2 2 1 1 2683 2686 817
3481 2 2 1 1 815 2676 2685
3482 2 2 1 1 2676 2654 2685
3483 2 2 1 1 2676 329 2654
3484 2 2 1 1 2685 2654 808
3485 2 2 1 1 817 2686 2687
3486 2 2 1 1 2686 2653 2687
3487 2 2 1 1 2686 808 2653
3488 2 2 1 1 2687 2653 203
3489 2 2 1 1 176 2626 2632
3490 2 2 1 1 2626 2688 2632
3491 2 2 1 1 2626 800 2688
3492 2 2 1 1 2632 2688 802
3493 2 2 1 1 800 2689 2688
3494 2 2 1 1 2689 2690 2688
3495 2 2 1 1 2689 818 2690
3496 2 2 1 1 2688 2690 802
3497 2 2 1 1 800 2622 2689
3498 2 2 1 1 2622 2691 2689
3499 2 2 1 1 2622 326 2691
3500 2 2 1 1 2689 2691 818
3501 2 2 1 1 802 2690 2637
3502 2 2 1 1 2690 2692 2637
3503 2 2 1 1 2690 818 2692
3504 2 2 1 1 2637 2692 328
3505 2 2 1 1 326 2693 2691
3506 2 2 1 1 2693 2694 2691
3507 2 2 1 1 2693 819 2694
3508 2 2 1 1 2691 2694 818
3509 2 2 1 1 819 2695 2694
3510 2 2 1 1 2695 2696 2694
3511 2 2 1 1 2695 820 2696
3512 2 2 1 1 2694 2696 818
3513 2 2 1 1 819 2697 2695
3514 2 2 1 1 2697 2698 2695
3515 2 2 1 1 2697 333 2698
3516 2 2 1 1 2695 2698 820
3517 2 2 1 1 818 2696 2692
3518 2 2 1 1 2696 2699 2692
3519 2 2 1 1 2696 820 2699
3520 2 2 1 1 2692 2699 328
3521 2 2 1 1 326 2611 2693
3522 2 2 1 1 2611 2700 2693
3523 2 2 1 1 2611 795 2700
3524 2 2 1 1 2693 2700 819
3525 2 2 1 1 795 2701 2700
3526 2 2 1 1 2701 2702 2700
3527 2 2 1 1 2701 821 2702
3528 2 2 1 1 2700 2702 819
3529 2 2 1 1 795 2606 2701
3530 2 2 1 1 2606 2703 2701
3531 2 2 1 1 2606 63 2703
3532 2 2 1 1 2701 2703 821
3533 2 2 1 1 819 2702 2697
3534 2 2 1 1 2702 2704 2697
3535 2 2 1 1 2702 821 2704
3536 2 2 1 1 2697 2704 333
3537 2 2 1 1 328 2699 2648
3538 2 2 1 1 2699 2705 2648
3539 2 2 1 1 2699 820 2705
3540 2 2 1 1 2648 2705 807
3541 2 2 1 1 820 2706 2705
3542 2 2 1 1 2706 2707 2705
3543 2 2 1 1 2706 822 2707
3544 2 2 1 1 2705 2707 807
3545 2 2 1 1 820 2698 2706
3546 2 2 1 1 2698 2708 2706
3547 2 2 1 1 2698 333 2708
3548 2 2 1 1 2706 2708 822
3549 2 2 1 1 807 2707 2652
3550 2 2 1 1 2707 2709 2652
3551 2 2 1 1 2707 822 2709
3552 2 2 1 1 2652 2709 203
3553 2 2 1 1 183 1964 2711
3554 2 2 1 1 1964 2710 2711
3555 2 2 1 1 1964 613 2710
3556 2 2 1 1 2711 2710 824
3557 2 2 1 1 613 2712 2710
3558 2 2 1 1 2712 2713 2710
3559 2 2 1 1 2712 823 2713
3560 2 2 1 1 2710 2713 824
3561 2 2 1 1 613 1960 2712
3562 2 2 1 1 1960 2714 2712
3563 2 2 1 1 1960 269 2714
3564 2 2 1 1 2712 2714 823
3565 2 2 1 1 824 2713 2716
3566 2 2 1 1 2713 2715 2716
3567 2 2 1 1 2713 823 2715
3568 2 2 1 1 2716 2715 335
3569 2 2 1 1 269 2717 2714
3570 2 2 1 1 2717 2718 2714
3571 2 2 1 1 2717 825 2718
3572 2 2 1 1 2714 2718 823
3573 2 2 1 1 825 2719 2718
3574 2 2 1 1 2719 2720 2718
3575 2 2 1 1 2719 826 2720
3576 2 2 1 1 2718 2720 823
3577 2 2 1 1 825 2721 2719
3578 2 2 1 1 2721 2722 2719
3579 2 2 1 1 2721 334 2722
3580 2 2 1 1 2719 2722 826
3581 2 2 1 1 823 2720 2715
3582 2 2 1 1 2720 2723 2715
3583 2 2 1 1 2720 826 2723
3584 2 2 1 1 2715 2723 335
3585 2 2 1 1 269 1950 2717
3586 2 2 1 1 1950 2724 2717
3587 2 2 1 1 1950 609 2724
3588 2 2 1 1 2717 2724 825
3589 2 2 1 1 609 2725 2724
3590 2 2 1 1 2725 2726 2724
3591 2 2 1 1 2725 827 2726
3592 2 2 1 1 2724 2726 825
3593 2 2 1 1 609 1946 2725
3594 2 2 1 1 1946 2727 2725
3595 2 2 1 1 1946 158 2727
3596 2 2 1 1 2725 2727 827
3597 2 2 1 1 825 2726 2721
3598 2 2 1 1 2726 2728 2721
3599 2 2 1 1 2726 827 2728
3600 2 2 1 1 2721 2728 334
3601 2 2 1 1 335 2723 2730
3602 2 2 1 1 2723 2729 2730
3603 2 2 1 1 2723 826 2729
3604 2 2 1 1 2730 2729 829
3605 2 2 1 1 826 2731 2729
3606 2 2 1 1 2731 2732 2729
3607 2 2 1 1 2731 828 2732
3608 2 2 1 1 2729 2732 829
3609 2 2 1 1 826 2722 2731
3610 2 2 1 1 2722 2733 2731
3611 2 2 1 1 2722 334 2733
3612 2 2 1 1 2731 2733 828
3613 2 2 1 1 829 2732 2735
3614 2 2 1 1 2732 2734 2735
3615 2 2 1 1 2732 828 2734
3616 2 2 1 1 2735 2734 204
3617 2 2 1 1 183 2711 2737
3618 2 2 1 1 2711 2736 2737
3619 2 2 1 1 2711 824 2736
3620 2 2 1 1 2737 2736 831
3621 2 2 1 1 824 2738 2736
3622 2 2 1 1 2738 2739 2736
3623 2 2 1 1 2738 830 2739
3624 2 2 1 1 2736 2739 831
3625 2 2 1 1 824 2716 2738
3626 2 2 1 1 2716 2740 2738
3627 2 2 1 1 2716 335 2740
3628 2 2 1 1 2738 2740 830
3629 2 2 1 1 831 2739 2742
3630 2 2 1 1 2739 2741 2742
3631 2 2 1 1 2739 830 2741
3632 2 2 1 1 2742 2741 337
3633 2 2 1 1 335 2743 2740
3634 2 2 1 1 2743 2744 2740
3635 2 2 1 1 2743 832 2744
3636 2 2 1 1 2740 2744 830
3637 2 2 1 1 832 2745 2744
3638 2 2 1 1 2745 2746 2744
3639 2 2 1 1 2745 833 2746
3640 2 2 1 1 2744 2746 830
3641 2 2 1 1 832 2747 2745
3642 2 2 1 1 2747 2748 2745
3643 2 2 1 1 2747 336 2748
3644 2 2 1 1 2745 2748 833
3645 2 2 1 1 830 2746 2741
3646 2 2 1 1 2746 2749 2741
3647 2 2 1 1 2746 833 2749
3648 2 2 1 1 2741 2749 337
3649 2 2 1 1 335 2730 2743
3650 2 2 1 1 2730 2750 2743
3651 2 2 1 1 2730 829 2750
3652 2 2 1 1 2743 2750 832
3653 2 2 1 1 829 2751 2750
3654 2 2 1 1 2751 2752 2750
3655 2 2 1 1 2751 834 2752
3656 2 2 1 1 2750 2752 832
3657 2 2 1 1 829 2735 2751
3658 2 2 1 1 2735 2753 2751
3659 2 2 1 1 2735 204 2753
3660 2 2 1 1 2751 2753 834
3661 2 2 1 1 832 2752 2747
3662 2 2 1 1 2752 2754 2747
3663 2 2 1 1 2752 834 2754
3664 2 2 1 1 2747 2754 336
3665 2 2 1 1 337 2749 2756
3666 2 2 1 1 2749 2755 2756
3667 2 2 1 1 2749 833 2755
3668 2 2 1 1 2756 2755 836
3669 2 2 1 1 833 2757 2755
3670 2 2 1 1 2757 2758 2755
3671 2 2 1 1 2757 835 2758
3672 2 2 1 1 2755 2758 836
3673 2 2 1 1 833 2748 2757
3674 2 2 1 1 2748 2759 2757
3675 2 2 1 1 2748 336 2759
3676 2 2 1 1 2757 2759 835
3677 2 2 1 1 836 2758 2761
3678 2 2 1 1 2758 2760 2761
3679 2 2 1 1 2758 835 2760
3680 2 2 1 1 2761 2760 170
3681 2 2 1 1 158 2762 2727
3682 2 2 1 1 2762 2763 2727
3683 2 2 1 1 2762 837 2763
3684 2 2 1 1 2727 2763 827
3685 2 2 1 1 837 2764 2763
3686 2 2 1 1 2764 2765 2763
3687 2 2 1 1 2764 838 2765
3688 2 2 1 1 2763 2765 827
3689 2 2 1 1 837 2766 2764
3690 2 2 1 1 2766 2767 2764
3691 2 2 1 1 2766 338 2767
3692 2 2 1 1 2764 2767 838
3693 2 2 1 1 827 2765 2728
3694 2 2 1 1 2765 2768 2728
3695 2 2 1 1 2765 838 2768
3696 2 2 1 1 2728 2768 334
3697 2 2 1 1 338 2769 2767
3698 2 2 1 1 2769 2770 2767
3699 2 2 1 1 2769 839 2770
3700 2 2 1 1 2767 2770 838
3701 2 2 1 1 839 2771 2770
3702 2 2 1 1 2771 2772 2770
3703 2 2 1 1 2771 840 2772
3704 2 2 1 1 2770 2772 838
3705 2 2 1 1 839 2773 2771
3706 2 2 1 1 2773 2774 2771
3707 2 2 1 1 2773 339 2774
3708 2 2 1 1 2771 2774 840
3709 2 2 1 1 838 2772 2768
3710 2 2 1 1 2772 2775 2768
3711 2 2 1 1 2772 840 2775
3712 2 2 1 1 2768 2775 334
3713 2 2 1 1 338 2776 2769
3714 2 2 1 1 2776 2777 2769
3715 2 2 1 1 2776 841 2777
3716 2 2 1 1 2769 2777 839
3717 2 2 1 1 841 2778 2777
3718 2 2 1 1 2778 2779 2777
3719 2 2 1 1 2778 842 2779
3720 2 2 1 1 2777 2779 839
3721 2 2 1 1 841 2780 2778
3722 2 2 1 1 2780 2781 2778
3723 2 2 1 1 2780 205 2781
3724 2 2 1 1 2778 2781 842
3725 2 2 1 1 839 2779 2773
3726 2 2 1 1 2779 2782 2773
3727 2 2 1 1 2779 842 2782
3728 2 2 1 1 2773 2782 339
3729 2 2 1 1 334 2775 2733
3730 2 2 1 1 2775 2783 2733
3731 2 2 1 1 2775 840 2783
3732 2 2 1 1 2733 2783 828
3733 2 2 1 1 840 2784 2783
3734 2 2 1 1 2784 2785 2783
3735 2 2 1 1 2784 843 2785
3736 2 2 1 1 2783 2785 828
3737 2 2 1 1 840 2774 2784
3738 2 2 1 1 2774 2786 2784
3739 2 2 1 1 2774 339 2786
3740 2 2 1 1 2784 2786 843
3741 2 2 1 1 828 2785 2734
3742 2 2 1 1 2785 2787 2734
3743 2 2 1 1 2785 843 2787
3744 2 2 1 1 2734 2787 204
3745 2 2 1 1 170 2760 2789
3746 2 2 1 1 2760 2788 2789
3747 2 2 1 1 2760 835 2788
3748 2 2 1 1 2789 2788 845
3749 2 2 1 1 835 2790 2788
3750 2 2 1 1 2790 2791 2788
3751 2 2 1 1 2790 844 2791
3752 2 2 1 1 2788 2791 845
3753 2 2 1 1 835 2759 2790
3754 2 2 1 1 2759 2792 2790
3755 2 2 1 1 2759 336 2792
3756 2 2 1 1 2790 2792 844
3757 2 2 1 1 845 2791 2794
3758 2 2 1 1 2791 2793 2794
3759 2 2 1 1 2791 844 2793
3760 2 2 1 1 2794 2793 340
3761 2 2 1 1 336 2795 2792
3762 2 2 1 1 2795 2796 2792
3763 2 2 1 1 2795 846 2796
3764 2 2 1 1 2792 2796 844
3765 2 2 1 1 846 2797 2796
3766 2 2 1 1 2797 2798 2796
3767 2 2 1 1 2797 847 2798
3768 2 2 1 1 2796 2798 844
3769 2 2 1 1 846 2799 2797
3770 2 2 1 1 2799 2800 2797
3771 2 2 1 1 2799 339 2800
3772 2 2 1 1 2797 2800 847
3773 2 2 1 1 844 2798 2793
3774 2 2 1 1 2798 2801 2793
3775 2 2 1 1 2798 847 2801
3776 2 2 1 1 2793 2801 340
3777 2 2 1 1 336 2754 2795
3778 2 2 1 1 2754 2802 2795
3779 2 2 1 1 2754 834 2802
3780 2 2 1 1 2795 2802 846
3781 2 2 1 1 834 2803 2802
3782 2 2 1 1 2803 2804 2802
3783 2 2 1 1 2803 843 2804
3784 2 2 1 1 2802 2804 846
3785 2 2 1 1 834 2753 2803
3786 2 2 1 1 2753 2787 2803
3787 2 2 1 1 2753 204 2787
3788 2 2 1 1 2803 2787 843
3789 2 2 1 1 846 2804 2799
3790 2 2 1 1 2804 2786 2799
3791 2 2 1 1 2804 843 2786
3792 2 2 1 1 2799 2786 339
3793 2 2 1 1 340 2801 2806
3794 2 2 1 1 2801 2805 2806
3795 2 2 1 1 2801 847 2805
3796 2 2 1 1 2806 2805 848
3797 2 2 1 1 847 2807 2805
3798 2 2 1 1 2807 2808 2805
3799 2 2 1 1 2807 842 2808
3800 2 2 1 1 2805 2808 848
3801 2 2 1 1 847 2800 2807
3802 2 2 1 1 2800 2782 2807
3803 2 2 1 1 2800 339 2782
3804 2 2 1 1 2807 2782 842
3805 2 2 1 1 848 2808 2809
3806 2 2 1 1 2808 2781 2809
3807 2 2 1 1 2808 842 2781
3808 2 2 1 1 2809 2781 205
3809 2 2 1 1 158 138 2762
3810 2 2 1 1 138 2810 2762
3811 2 2 1 1 138 144 2810
3812 2 2 1 1 2762 2810 837
3813 2 2 1 1 144 2811 2810
3814 2 2 1 1 2811 2812 2810
3815 2 2 1 1 2811 849 2812
3816 2 2 1 1 2810 2812 837
3817 2 2 1 1 144 139 2811
3818 2 2 1 1 139 2813 2811
3819 2 2 1 1 139 153 2813
3820 2 2 1 1 2811 2813 849
3821 2 2 1 1 837 2812 2766
3822 2 2 1 1 2812 2814 2766
3823 2 2 1 1 2812 849 2814
3824 2 2 1 1 2766 2814 338
3825 2 2 1 1 153 2815 2813
3826 2 2 1 1 2815 2816 2813
3827 2 2 1 1 2815 850 2816
3828 2 2 1 1 2813 2816 849
3829 2 2 1 1 850 2817 2816
3830 2 2 1 1 2817 2818 2816
3831 2 2 1 1 2817 851 2818
3832 2 2 1 1 2816 2818 849
3833 2 2 1 1 850 2819 2817
3834 2 2 1 1 2819 2820 2817
3835 2 2 1 1 2819 341 2820
3836 2 2 1 1 2817 2820 851
3837 2 2 1 1 849 2818 2814
3838 2 2 1 1 2818 2821 2814
3839 2 2 1 1 2818 851 2821
3840 2 2 1 1 2814 2821 338
3841 2 2 1 1 153 140 2815
3842 2 2 1 1 140 2822 2815
3843 2 2 1 1 140 143 2822
3844 2 2 1 1 2815 2822 850
3845 2 2 1 1 143 2823 2822
3846 2 2 1 1 2823 2824 2822
3847 2 2 1 1 2823 852 2824
3848 2 2 1 1 2822 2824 850
3849 2 2 1 1 143 141 2823
3850 2 2 1 1 141 2825 2823
3851 2 2 1 1 141 25 2825
3852 2 2 1 1 2823 2825 852
3853 2 2 1 1 850 2824 2819
3854 2 2 1 1 2824 2826 2819
3855 2 2 1 1 2824 852 2826
3856 2 2 1 1 2819 2826 341
3857 2 2 1 1 338 2821 2776
3858 2 2 1 1 2821 2827 2776
3859 2 2 1 1 2821 851 2827
3860 2 2 1 1 2776 2827 841
3861 2 2 1 1 851 2828 2827
3862 2 2 1 1 2828 2829 2827
3863 2 2 1 1 2828 853 2829
3864 2 2 1 1 2827 2829 841
3865 2 2 1 1 851 2820 2828
3866 2 2 1 1 2820 2830 2828
3867 2 2 1 1 2820 341 2830
3868 2 2 1 1 2828 2830 853
3869 2 2 1 1 841 2829 2780
3870 2 2 1 1 2829 2831 2780
3871 2 2 1 1 2829 853 2831
3872 2 2 1 1 2780 2831 205
3873 2 2 1 1 183 2832 2834
3874 2 2 1 1 2832 2833 2834
3875 2 2 1 1 2832 854 2833
3876 2 2 1 1 2834 2833 856
3877 2 2 1 1 854 2835 2833
3878 2 2 1 1 2835 2836 2833
3879 2 2 1 1 2835 855 2836
3880 2 2 1 1 2833 2836 856
3881 2 2 1 1 854 2837 2835
3882 2 2 1 1 2837 2838 2835
3883 2 2 1 1 2837 342 2838
3884 2 2 1 1 2835 2838 855
3885 2 2 1 1 856 2836 2840
3886 2 2 1 1 2836 2839 2840
3887 2 2 1 1 2836 855 2839
3888 2 2 1 1 2840 2839 344
3889 2 2 1 1 342 2841 2838
3890 2 2 1 1 2841 2842 2838
3891 2 2 1 1 2841 857 2842
3892 2 2 1 1 2838 2842 855
3893 2 2 1 1 857 2843 2842
3894 2 2 1 1 2843 2844 2842
3895 2 2 1 1 2843 858 2844
3896 2 2 1 1 2842 2844 855
3897 2 2 1 1 857 2845 2843
3898 2 2 1 1 2845 2846 2843
3899 2 2 1 1 2845 343 2846
3900 2 2 1 1 2843 2846 858
3901 2 2 1 1 855 2844 2839
3902 2 2 1 1 2844 2847 2839
3903 2 2 1 1 2844 858 2847
3904 2 2 1 1 2839 2847 344
3905 2 2 1 1 342 2848 2841
3906 2 2 1 1 2848 2849 2841
3907 2 2 1 1 2848 859 2849
3908 2 2 1 1 2841 2849 857
3909 2 2 1 1 859 2850 2849
3910 2 2 1 1 2850 2851 2849
3911 2 2 1 1 2850 860 2851
3912 2 2 1 1 2849 2851 857
3913 2 2 1 1 859 2852 2850
3914 2 2 1 1 2852 2853 2850
3915 2 2 1 1 2852 177 2853
3916 2 2 1 1 2850 2853 860
3917 2 2 1 1 857 2851 2845
3918 2 2 1 1 2851 2854 2845
3919 2 2 1 1 2851 860 2854
3920 2 2 1 1 2845 2854 343
3921 2 2 1 1 344 2847 2856
3922 2 2 1 1 2847 2855 2856
3923 2 2 1 1 2847 858 2855
3924 2 2 1 1 2856 2855 862
3925 2 2 1 1 858 2857 2855
3926 2 2 1 1 2857 2858 2855
3927 2 2 1 1 2857 861 2858
3928 2 2 1 1 2855 2858 862
3929 2 2 1 1 858 2846 2857
3930 2 2 1 1 2846 2859 2857
3931 2 2 1 1 2846 343 2859
3932 2 2 1 1 2857 2859 861
3933 2 2 1 1 862 2858 2861
3934 2 2 1 1 2858 2860 2861
3935 2 2 1 1 2858 861 2860
3936 2 2 1 1 2861 2860 206
3937 2 2 1 1 183 2834 1965
3938 2 2 1 1 2834 2862 1965
3939 2 2 1 1 2834 856 2862
3940 2 2 1 1 1965 2862 614
3941 2 2 1 1 856 2863 2862
3942 2 2 1 1 2863 2864 2862
3943 2 2 1 1 2863 863 2864
3944 2 2 1 1 2862 2864 614
3945 2 2 1 1 856 2840 2863
3946 2 2 1 1 2840 2865 2863
3947 2 2 1 1 2840 344 2865
3948 2 2 1 1 2863 2865 863
3949 2 2 1 1 614 2864 1966
3950 2 2 1 1 2864 2866 1966
3951 2 2 1 1 2864 863 2866
3952 2 2 1 1 1966 2866 270
3953 2 2 1 1 344 2867 2865
3954 2 2 1 1 2867 2868 2865
3955 2 2 1 1 2867 864 2868
3956 2 2 1 1 2865 2868 863
3957 2 2 1 1 864 2869 2868
3958 2 2 1 1 2869 2870 2868
3959 2 2 1 1 2869 865 2870
3960 2 2 1 1 2868 2870 863
3961 2 2 1 1 864 2871 2869
3962 2 2 1 1 2871 2872 2869
3963 2 2 1 1 2871 345 2872
3964 2 2 1 1 2869 2872 865
3965 2 2 1 1 863 2870 2866
3966 2 2 1 1 2870 2873 2866
3967 2 2 1 1 2870 865 2873
3968 2 2 1 1 2866 2873 270
3969 2 2 1 1 344 2856 2867
3970 2 2 1 1 2856 2874 2867
3971 2 2 1 1 2856 862 2874
3972 2 2 1 1 2867 2874 864
3973 2 2 1 1 862 2875 2874
3974 2 2 1 1 2875 2876 2874
3975 2 2 1 1 2875 866 2876
3976 2 2 1 1 2874 2876 864
3977 2 2 1 1 862 2861 2875
3978 2 2 1 1 2861 2877 2875
3979 2 2 1 1 2861 206 2877
3980 2 2 1 1 2875 2877 866
3981 2 2 1 1 864 2876 2871
3982 2 2 1 1 2876 2878 2871
3983 2 2 1 1 2876 866 2878
3984 2 2 1 1 2871 2878 345
3985 2 2 1 1 270 2873 1970
3986 2 2 1 1 2873 2879 1970
3987 2 2 1 1 2873 865 2879
3988 2 2 1 1 1970 2879 615
3989 2 2 1 1 865 2880 2879
3990 2 2 1 1 2880 2881 2879
3991 2 2 1 1 2880 867 2881
3992 2 2 1 1 2879 2881 615
3993 2 2 1 1 865 2872 2880
3994 2 2 1 1 2872 2882 2880
3995 2 2 1 1 2872 345 2882
3996 2 2 1 1 2880 2882 867
3997 2 2 1 1 615 2881 1971
3998 2 2 1 1 2881 2883 1971
3999 2 2 1 1 2881 867 2883
4000 2 2 1 1 1971 2883 159
4001 2 2 1 1 177 2884 2853
4002 2 2 1 1 2884 2885 2853
4003 2 2 1 1 2884 868 2885
4004 2 2 1 1 2853 2885 860
4005 2 2 1 1 868 2886 2885
4006 2 2 1 1 2886 2887 2885
4007 2 2 1 1 2886 869 2887
4008 2 2 1 1 2885 2887 860
4009 2 2 1 1 868 2888 2886
4010 2 2 1 1 2888 2889 2886
4011 2 2 1 1 2888 346 2889
4012 2 2 1 1 2886 2889 869
4013 2 2 1 1 860 2887 2854
4014 2 2 1 1 2887 2890 2854
4015 2 2 1 1 2887 869 2890
4016 2 2 1 1 2854 2890 343
4017 2 2 1 1 346 2891 2889
4018 2 2 1 1 2891 2892 2889
4019 2 2 1 1 2891 870 2892
4020 2 2 1 1 2889 2892 869
4021 2 2 1 1 870 2893 2892
4022 2 2 1 1 2893 2894 2892
4023 2 2 1 1 2893 871 2894
4024 2 2 1 1 2892 2894 869
4025 2 2 1 1 870 2895 2893
4026 2 2 1 1 2895 2896 2893
4027 2 2 1 1 2895 347 2896
4028 2 2 1 1 2893 2896 871
4029 2 2 1 1 869 2894 2890
4030 2 2 1 1 2894 2897 2890
4031 2 2 1 1 2894 871 2897
4032 2 2 1 1 2890 2897 343
4033 2 2 1 1 346 2898 2891
4034 2 2 1 1 2898 2899 2891
4035 2 2 1 1 2898 872 2899
4036 2 2 1 1 2891 2899 870
4037 2 2 1 1 872 2900 2899
4038 2 2 1 1 2900 2901 2899
4039 2 2 1 1 2900 873 2901
4040 2 2 1 1 2899 2901 870
4041 2 2 1 1 872 2902 2900
4042 2 2 1 1 2902 2903 2900
4043 2 2 1 1 2902 207 2903
4044 2 2 1 1 2900 2903 873
4045 2 2 1 1 870 2901 2895
4046 2 2 1 1 2901 2904 2895
4047 2 2 1 1 2901 873 2904
4048 2 2 1 1 2895 2904 347
4049 2 2 1 1 343 2897 2859
4050 2 2 1 1 2897 2905 2859
4051 2 2 1 1 2897 871 2905
4052 2 2 1 1 2859 2905 861
4053 2 2 1 1 871 2906 2905
4054 2 2 1 1 2906 2907 2905
4055 2 2 1 1 2906 874 2907
4056 2 2 1 1 2905 2907 861
4057 2 2 1 1 871 2896 2906
4058 2 2 1 1 2896 2908 2906
4059 2 2 1 1 2896 347 2908
4060 2 2 1 1 2906 2908 874
4061 2 2 1 1 861 2907 2860
4062 2 2 1 1 2907 2909 2860
4063 2 2 1 1 2907 874 2909
4064 2 2 1 1 2860 2909 206
4065 2 2 1 1 159 2883 2911
4066 2 2 1 1 2883 2910 2911
4067 2 2 1 1 2883 867 2910
4068 2 2 1 1 2911 2910 876
4069 2 2 1 1 867 2912 2910
4070 2 2 1 1 2912 2913 2910
4071 2 2 1 1 2912 875 2913
4072 2 2 1 1 2910 2913 876
4073 2 2 1 1 867 2882 2912
4074 2 2 1 1 2882 2914 2912
4075 2 2 1 1 2882 345 2914
4076 2 2 1 1 2912 2914 875
4077 2 2 1 1 876 2913 2916
4078 2 2 1 1 2913 2915 2916
4079 2 2 1 1 2913 875 2915
4080 2 2 1 1 2916 2915 348
4081 2 2 1 1 345 2917 2914
4082 2 2 1 1 2917 2918 2914
4083 2 2 1 1 2917 877 2918
4084 2 2 1 1 2914 2918 875
4085 2 2 1 1 877 2919 2918
4086 2 2 1 1 2919 2920 2918
4087 2 2 1 1 2919 878 2920
4088 2 2 1 1 2918 2920 875
4089 2 2 1 1 877 2921 2919
4090 2 2 1 1 2921 2922 2919
4091 2 2 1 1 2921 347 2922
4092 2 2 1 1 2919 2922 878
4093 2 2 1 1 875 2920 2915
4094 2 2 1 1 2920 2923 2915
4095 2 2 1 1 2920 878 2923
4096 2 2 1 1 2915 2923 348
4097 2 2 1 1 345 2878 2917
4098 2 2 1 1 2878 2924 2917
4099 2 2 1 1 2878 866 2924
4100 2 2 1 1 2917 2924 877
4101 2 2 1 1 866 2925 2924
4102 2 2 1 1 2925 2926 2924
4103 2 2 1 1 2925 874 2926
4104 2 2 1 1 2924 2926 877
4105 2 2 1 1 866 2877 2925
4106 2 2 1 1 2877 2909 2925
4107 2 2 1 1 2877 206 2909
4108 2 2 1 1 2925 2909 874
4109 2 2 1 1 877 2926 2921
4110 2 2 1 1 2926 2908 2921
4111 2 2 1 1 2926 874 2908
4112 2 2 1 1 2921 2908 347
4113 2 2 1 1 348 2923 2928
4114 2 2 1 1 2923 2927 2928
4115 2 2 1 1 2923 878 2927
4116 2 2 1 1 2928 2927 879
4117 2 2 1 1 878 2929 2927
4118 2 2 1 1 2929 2930 2927
4119 2 2 1 1 2929 873 2930
4120 2 2 1 1 2927 2930 879
4121 2 2 1 1 878 2922 2929
4122 2 2 1 1 2922 2904 2929
4123 2 2 1 1 2922 347 2904
4124 2 2 1 1 2929 2904 873
4125 2 2 1 1 879 2930 2931
4126 2 2 1 1 2930 2903 2931
4127 2 2 1 1 2930 873 2903
4128 2 2 1 1 2931 2903 207
4129 2 2 1 1 177 2052 2884
4130 2 2 1 1 2052 2932 2884
4131 2 2 1 1 2052 639 2932
4132 2 2 1 1 2884 2932 868
4133 2 2 1 1 639 2933 2932
4134 2 2 1 1 2933 2934 2932
4135 2 2 1 1 2933 880 2934
4136 2 2 1 1 2932 2934 868
4137 2 2 1 1 639 2058 2933
4138 2 2 1 1 2058 2935 2933
4139 2 2 1 1 2058 279 2935
4140 2 2 1 1 2933 2935 880
4141 2 2 1 1 868 2934 2888
4142 2 2 1 1 2934 2936 2888
4143 2 2 1 1 2934 880 2936
4144 2 2 1 1 2888 2936 346
4145 2 2 1 1 279 2937 2935
4146 2 2 1 1 2937 2938 2935
4147 2 2 1 1 2937 881 2938
4148 2 2 1 1 2935 2938 880
4149 2 2 1 1 881 2939 2938
4150 2 2 1 1 2939 2940 2938
4151 2 2 1 1 2939 882 2940
4152 2 2 1 1 2938 2940 880
4153 2 2 1 1 881 2941 2939
4154 2 2 1 1 2941 2942 2939
4155 2 2 1 1 2941 349 2942
4156 2 2 1 1 2939 2942 882
4157 2 2 1 1 880 2940 2936
4158 2 2 1 1 2940 2943 2936
4159 2 2 1 1 2940 882 2943
4160 2 2 1 1 2936 2943 346
4161 2 2 1 1 279 2074 2937
4162 2 2 1 1 2074 2944 2937
4163 2 2 1 1 2074 645 2944
4164 2 2 1 1 2937 2944 881
4165 2 2 1 1 645 2945 2944
4166 2 2 1 1 2945 2946 2944
4167 2 2 1 1 2945 883 2946
4168 2 2 1 1 2944 2946 881
4169 2 2 1 1 645 2079 2945
4170 2 2 1 1 2079 2947 2945
4171 2 2 1 1 2079 171 2947
4172 2 2 1 1 2945 2947 883
4173 2 2 1 1 881 2946 2941
4174 2 2 1 1 2946 2948 2941
4175 2 2 1 1 2946 883 2948
4176 2 2 1 1 2941 2948 349
4177 2 2 1 1 346 2943 2898
4178 2 2 1 1 2943 2949 2898
4179 2 2 1 1 2943 882 2949
4180 2 2 1 1 2898 2949 872
4181 2 2 1 1 882 2950 2949
4182 2 2 1 1 2950 2951 2949
4183 2 2 1 1 2950 884 2951
4184 2 2 1 1 2949 2951 872
4185 2 2 1 1 882 2942 2950
4186 2 2 1 1 2942 2952 2950
4187 2 2 1 1 2942 349 2952
4188 2 2 1 1 2950 2952 884
4189 2 2 1 1 872 2951 2902
4190 2 2 1 1 2951 2953 2902
4191 2 2 1 1 2951 884 2953
4192 2 2 1 1 2902 2953 207
4193 2 2 1 1 183 2737 2955
4194 2 2 1 1 2737 2954 2955
4195 2 2 1 1 2737 831 2954
4196 2 2 1 1 2955 2954 886
4197 2 2 1 1 831 2956 2954
4198 2 2 1 1 2956 2957 2954
4199 2 2 1 1 2956 885 2957
4200 2 2 1 1 2954 2957 886
4201 2 2 1 1 831 2742 2956
4202 2 2 1 1 2742 2958 2956
4203 2 2 1 1 2742 337 2958
4204 2 2 1 1 2956 2958 885
4205 2 2 1 1 886 2957 2960
4206 2 2 1 1 2957 2959 2960
4207 2 2 1 1 2957 885 2959
4208 2 2 1 1 2960 2959 351
4209 2 2 1 1 337 2961 2958
4210 2 2 1 1 2961 2962 2958
4211 2 2 1 1 2961 887 2962
4212 2 2 1 1 2958 2962 885
4213 2 2 1 1 887 2963 2962
4214 2 2 1 1 2963 2964 2962
4215 2 2 1 1 2963 888 2964
4216 2 2 1 1 2962 2964 885
4217 2 2 1 1 887 2965 2963
4218 2 2 1 1 2965 2966 2963
4219 2 2 1 1 2965 350 2966
4220 2 2 1 1 2963 2966 888
4221 2 2 1 1 885 2964 2959
4222 2 2 1 1 2964 2967 2959
4223 2 2 1 1 2964 888 2967
4224 2 2 1 1 2959 2967 351
4225 2 2 1 1 337 2756 2961
4226 2 2 1 1 2756 2968 2961
4227 2 2 1 1 2756 836 2968
4228 2 2 1 1 2961 2968 887
4229 2 2 1 1 836 2969 2968
4230 2 2 1 1 2969 2970 2968
4231 2 2 1 1 2969 889 2970
4232 2 2 1 1 2968 2970 887
4233 2 2 1 1 836 2761 2969
4234 2 2 1 1 2761 2971 2969
4235 2 2 1 1 2761 170 2971
4236 2 2 1 1 2969 2971 889
4237 2 2 1 1 887 2970 2965
4238 2 2 1 1 2970 2972 2965
4239 2 2 1 1 2970 889 2972
4240 2 2 1 1 2965 2972 350
4241 2 2 1 1 351 2967 2974
4242 2 2 1 1 2967 2973 2974
4243 2 2 1 1 2967 888 2973
4244 2 2 1 1 2974 2973 891
4245 2 2 1 1 888 2975 2973
4246 2 2 1 1 2975 2976 2973
4247 2 2 1 1 2975 890 2976
4248 2 2 1 1 2973 2976 891
4249 2 2 1 1 888 2966 2975
4250 2 2 1 1 2966 2977 2975
4251 2 2 1 1 2966 350 2977
4252 2 2 1 1 2975 2977 890
4253 2 2 1 1 891 2976 2979
4254 2 2 1 1 2976 2978 2979
4255 2 2 1 1 2976 890 2978
4256 2 2 1 1 2979 2978 208
4257 2 2 1 1 183 2955 2832
4258 2 2 1 1 2955 2980 2832
4259 2 2 1 1 2955 886 2980
4260 2 2 1 1 2832 2980 854
4261 2 2 1 1 886 2981 2980
4262 2 2 1 1 2981 2982 2980
4263 2 2 1 1 2981 892 2982
4264 2 2 1 1 2980 2982 854
4265 2 2 1 1 886 2960 2981
4266 2 2 1 1 2960 2983 2981
4267 2 2 1 1 2960 351 2983
4268 2 2 1 1 2981 2983 892
4269 2 2 1 1 854 2982 2837
4270 2 2 1 1 2982 2984 2837
4271 2 2 1 1 2982 892 2984
4272 2 2 1 1 2837 2984 342
4273 2 2 1 1 351 2985 2983
4274 2 2 1 1 2985 2986 2983
4275 2 2 1 1 2985 893 2986
4276 2 2 1 1 2983 2986 892
4277 2 2 1 1 893 2987 2986
4278 2 2 1 1 2987 2988 2986
4279 2 2 1 1 2987 894 2988
4280 2 2 1 1 2986 2988 892
4281 2 2 1 1 893 2989 2987
4282 2 2 1 1 2989 2990 2987
4283 2 2 1 1 2989 352 2990
4284 2 2 1 1 2987 2990 894
4285 2 2 1 1 892 2988 2984
4286 2 2 1 1 2988 2991 2984
4287 2 2 1 1 2988 894 2991
4288 2 2 1 1 2984 2991 342
4289 2 2 1 1 351 2974 2985
4290 2 2 1 1 2974 2992 2985
4291 2 2 1 1 2974 891 2992
4292 2 2 1 1 2985 2992 893
4293 2 2 1 1 891 2993 2992
4294 2 2 1 1 2993 2994 2992
4295 2 2 1 1 2993 895 2994
4296 2 2 1 1 2992 2994 893
4297 2 2 1 1 891 2979 2993
4298 2 2 1 1 2979 2995 2993
4299 2 2 1 1 2979 208 2995
4300 2 2 1 1 2993 2995 895
4301 2 2 1 1 893 2994 2989
4302 2 2 1 1 2994 2996 2989
4303 2 2 1 1 2994 895 2996
4304 2 2 1 1 2989 2996 352
4305 2 2 1 1 342 2991 2848
4306 2 2 1 1 2991 2997 2848
4307 2 2 1 1 2991 894 2997
4308 2 2 1 1 2848 2997 859
4309 2 2 1 1 894 2998 2997
4310 2 2 1 1 2998 2999 2997
4311 2 2 1 1 2998 896 2999
4312 2 2 1 1 2997 2999 859
4313 2 2 1 1 894 2990 2998
4314 2 2 1 1 2990 3000 2998
4315 2 2 1 1 2990 352 3000
4316 2 2 1 1 2998 3000 896
4317 2 2 1 1 859 2999 2852
4318 2 2 1 1 2999 3001 2852
4319 2 2 1 1 2999 896 3001
4320 2 2 1 1 2852 3001 177
4321 2 2 1 1 184 3002 3004
4322 2 2 1 1 3002 3003 3004
4323 2 2 1 1 3002 897 3003
4324 2 2 1 1 3004 3003 899
4325 2 2 1 1 897 3005 3003
4326 2 2 1 1 3005 3006 3003
4327 2 2 1 1 3005 898 3006
4328 2 2 1 1 3003 3006 899
4329 2 2 1 1 897 3007 3005
4330 2 2 1 1 3007 3008 3005
4331 2 2 1 1 3007 353 3008
4332 2 2 1 1 3005 3008 898
4333 2 2 1 1 899 3006 3010
4334 2 2 1 1 3006 3009 3010
4335 2 2 1 1 3006 898 3009
4336 2 2 1 1 3010 3009 354
4337 2 2 1 1 353 3011 3008
4338 2 2 1 1 3011 3012 3008
4339 2 2 1 1 3011 900 3012
4340 2 2 1 1 3008 3012 898
4341 2 2 1 1 900 3013 3012
4342 2 2 1 1 3013 3014 3012
4343 2 2 1 1 3013 901 3014
4344 2 2 1 1 3012 3014 898
4345 2 2 1 1 900 3015 3013
4346 2 2 1 1 3015 3016 3013
4347 2 2 1 1 3015 352 3016
4348 2 2 1 1 3013 3016 901
4349 2 2 1 1 898 3014 3009
4350 2 2 1 1 3014 3017 3009
4351 2 2 1 1 3014 901 3017
4352 2 2 1 1 3009 3017 354
4353 2 2 1 1 353 3018 3011
4354 2 2 1 1 3018 3019 3011
4355 2 2 1 1 3018 902 3019
4356 2 2 1 1 3011 3019 900
4357 2 2 1 1 902 3020 3019
4358 2 2 1 1 3020 3021 3019
4359 2 2 1 1 3020 896 3021
4360 2 2 1 1 3019 3021 900
4361 2 2 1 1 902 3022 3020
4362 2 2 1 1 3022 3001 3020
4363 2 2 1 1 3022 177 3001
4364 2 2 1 1 3020 3001 896
4365 2 2 1 1 900 3021 3015
4366 2 2 1 1 3021 3000 3015
4367 2 2 1 1 3021 896 3000
4368 2 2 1 1 3015 3000 352
4369 2 2 1 1 354 3017 3024
4370 2 2 1 1 3017 3023 3024
4371 2 2 1 1 3017 901 3023
4372 2 2 1 1 3024 3023 903
4373 2 2 1 1 901 3025 3023
4374 2 2 1 1 3025 3026 3023
4375 2 2 1 1 3025 895 3026
4376 2 2 1 1 3023 3026 903
4377 2 2 1 1 901 3016 3025
4378 2 2 1 1 3016 2996 3025
4379 2 2 1 1 3016 352 2996
4380 2 2 1 1 3025 2996 895
4381 2 2 1 1 903 3026 3027
4382 2 2 1 1 3026 2995 3027
4383 2 2 1 1 3026 895 2995
4384 2 2 1 1 3027 2995 208
4385 2 2 1 1 184 3004 2001
4386 2 2 1 1 3004 3028 2001
4387 2 2 1 1 3004 899 3028
4388 2 2 1 1 2001 3028 624
4389 2 2 1 1 899 3029 3028
4390 2 2 1 1 3029 3030 3028
4391 2 2 1 1 3029 904 3030
4392 2 2 1 1 3028 3030 624
4393 2 2 1 1 899 3010 3029
4394 2 2 1 1 3010 3031 3029
4395 2 2 1 1 3010 354 3031
4396 2 2 1 1 3029 3031 904
4397 2 2 1 1 624 3030 1996
4398 2 2 1 1 3030 3032 1996
4399 2 2 1 1 3030 904 3032
4400 2 2 1 1 1996 3032 273
4401 2 2 1 1 354 3033 3031
4402 2 2 1 1 3033 3034 3031
4403 2 2 1 1 3033 905 3034
4404 2 2 1 1 3031 3034 904
4405 2 2 1 1 905 3035 3034
4406 2 2 1 1 3035 3036 3034
4407 2 2 1 1 3035 906 3036
4408 2 2 1 1 3034 3036 904
4409 2 2 1 1 905 3037 3035
4410 2 2 1 1 3037 3038 3035
4411 2 2 1 1 3037 350 3038
4412 2 2 1 1 3035 3038 906
4413 2 2 1 1 904 3036 3032
4414 2 2 1 1 3036 3039 3032
4415 2 2 1 1 3036 906 3039
4416 2 2 1 1 3032 3039 273
4417 2 2 1 1 354 3024 3033
4418 2 2 1 1 3024 3040 3033
4419 2 2 1 1 3024 903 3040
4420 2 2 1 1 3033 3040 905
4421 2 2 1 1 903 3041 3040
4422 2 2 1 1 3041 3042 3040
4423 2 2 1 1 3041 890 3042
4424 2 2 1 1 3040 3042 905
4425 2 2 1 1 903 3027 3041
4426 2 2 1 1 3027 2978 3041
4427 2 2 1 1 3027 208 2978
4428 2 2 1 1 3041 2978 890
4429 2 2 1 1 905 3042 3037
4430 2 2 1 1 3042 2977 3037
4431 2 2 1 1 3042 890 2977
4432 2 2 1 1 3037 2977 350
4433 2 2 1 1 273 3039 1980
4434 2 2 1 1 3039 3043 1980
4435 2 2 1 1 3039 906 3043
4436 2 2 1 1 1980 3043 618
4437 2 2 1 1 906 3044 3043
4438 2 2 1 1 3044 3045 3043
4439 2 2 1 1 3044 889 3045
4440 2 2 1 1 3043 3045 618
4441 2 2 1 1 906 3038 3044
4442 2 2 1 1 3038 2972 3044
4443 2 2 1 1 3038 350 2972
4444 2 2 1 1 3044 2972 889
4445 2 2 1 1 618 3045 1974
4446 2 2 1 1 3045 2971 1974
4447 2 2 1 1 3045 889 2971
4448 2 2 1 1 1974 2971 170
4449 2 2 1 1 184 2022 3047
4450 2 2 1 1 2022 3046 3047
4451 2 2 1 1 2022 630 3046
4452 2 2 1 1 3047 3046 908
4453 2 2 1 1 630 3048 3046
4454 2 2 1 1 3048 3049 3046
4455 2 2 1 1 3048 907 3049
4456 2 2 1 1 3046 3049 908
4457 2 2 1 1 630 2018 3048
4458 2 2 1 1 2018 3050 3048
4459 2 2 1 1 2018 274 3050
4460 2 2 1 1 3048 3050 907
4461 2 2 1 1 908 3049 3052
4462 2 2 1 1 3049 3051 3052
4463 2 2 1 1 3049 907 3051
4464 2 2 1 1 3052 3051 356
4465 2 2 1 1 274 3053 3050
4466 2 2 1 1 3053 3054 3050
4467 2 2 1 1 3053 909 3054
4468 2 2 1 1 3050 3054 907
4469 2 2 1 1 909 3055 3054
4470 2 2 1 1 3055 3056 3054
4471 2 2 1 1 3055 910 3056
4472 2 2 1 1 3054 3056 907
4473 2 2 1 1 909 3057 3055
4474 2 2 1 1 3057 3058 3055
4475 2 2 1 1 3057 355 3058
4476 2 2 1 1 3055 3058 910
4477 2 2 1 1 907 3056 3051
4478 2 2 1 1 3056 3059 3051
4479 2 2 1 1 3056 910 3059
4480 2 2 1 1 3051 3059 356
4481 2 2 1 1 274 2007 3053
4482 2 2 1 1 2007 3060 3053
4483 2 2 1 1 2007 625 3060
4484 2 2 1 1 3053 3060 909
4485 2 2 1 1 625 3061 3060
4486 2 2 1 1 3061 3062 3060
4487 2 2 1 1 3061 911 3062
4488 2 2 1 1 3060 3062 909
4489 2 2 1 1 625 2002 3061
4490 2 2 1 1 2002 3063 3061
4491 2 2 1 1 2002 161 3063
4492 2 2 1 1 3061 3063 911
4493 2 2 1 1 909 3062 3057
4494 2 2 1 1 3062 3064 3057
4495 2 2 1 1 3062 911 3064
4496 2 2 1 1 3057 3064 355
4497 2 2 1 1 356 3059 3066
4498 2 2 1 1 3059 3065 3066
4499 2 2 1 1 3059 910 3065
4500 2 2 1 1 3066 3065 913
4501 2 2 1 1 910 3067 3065
4502 2 2 1 1 3067 3068 3065
4503 2 2 1 1 3067 912 3068
4504 2 2 1 1 3065 3068 913
4505 2 2 1 1 910 3058 3067
4506 2 2 1 1 3058 3069 3067
4507 2 2 1 1 3058 355 3069
4508 2 2 1 1 3067 3069 912
4509 2 2 1 1 913 3068 3071
4510 2 2 1 1 3068 3070 3071
4511 2 2 1 1 3068 912 3070
4512 2 2 1 1 3071 3070 209
4513 2 2 1 1 184 3047 3002
4514 2 2 1 1 3047 3072 3002
4515 2 2 1 1 3047 908 3072
4516 2 2 1 1 3002 3072 897
4517 2 2 1 1 908 3073 3072
4518 2 2 1 1 3073 3074 3072
4519 2 2 1 1 3073 914 3074
4520 2 2 1 1 3072 3074 897
4521 2 2 1 1 908 3052 3073
4522 2 2 1 1 3052 3075 3073
4523 2 2 1 1 3052 356 3075
4524 2 2 1 1 3073 3075 914
4525 2 2 1 1 897 3074 3007
4526 2 2 1 1 3074 3076 3007
4527 2 2 1 1 3074 914 3076
4528 2 2 1 1 3007 3076 353
4529 2 2 1 1 356 3077 3075
4530 2 2 1 1 3077 3078 3075
4531 2 2 1 1 3077 915 3078
4532 2 2 1 1 3075 3078 914
4533 2 2 1 1 915 3079 3078
4534 2 2 1 1 3079 3080 3078
4535 2 2 1 1 3079 916 3080
4536 2 2 1 1 3078 3080 914
4537 2 2 1 1 915 3081 3079
4538 2 2 1 1 3081 3082 3079
4539 2 2 1 1 3081 357 3082
4540 2 2 1 1 3079 3082 916
4541 2 2 1 1 914 3080 3076
4542 2 2 1 1 3080 3083 3076
4543 2 2 1 1 3080 916 3083
4544 2 2 1 1 3076 3083 353
4545 2 2 1 1 356 3066 3077
4546 2 2 1 1 3066 3084 3077
4547 2 2 1 1 3066 913 3084
4548 2 2 1 1 3077 3084 915
4549 2 2 1 1 913 3085 3084
4550 2 2 1 1 3085 3086 3084
4551 2 2 1 1 3085 917 3086
4552 2 2 1 1 3084 3086 915
4553 2 2 1 1 913 3071 3085
4554 2 2 1 1 3071 3087 3085
4555 2 2 1 1 3071 209 3087
4556 2 2 1 1 3085 3087 917
4557 2 2 1 1 915 3086 3081
4558 2 2 1 1 3086 3088 3081
4559 2 2 1 1 3086 917 3088
4560 2 2 1 1 3081 3088 357
4561 2 2 1 1 353 3083 3018
4562 2 2 1 1 3083 3089 3018
4563 2 2 1 1 3083 916 3089
4564 2 2 1 1 3018 3089 902
4565 2 2 1 1 916 3090 3089
4566 2 2 1 1 3090 3091 3089
4567 2 2 1 1 3090 918 3091
4568 2 2 1 1 3089 3091 902
4569 2 2 1 1 916 3082 3090
4570 2 2 1 1 3082 3092 3090
4571 2 2 1 1 3082 357 3092
4572 2 2 1 1 3090 3092 918
4573 2 2 1 1 902 3091 3022
4574 2 2 1 1 3091 3093 3022
4575 2 2 1 1 3091 918 3093
4576 2 2 1 1 3022 3093 177
4577 2 2 1 1 186 2070 3095
4578 2 2 1 1 2070 3094 3095
4579 2 2 1 1 2070 642 3094
4580 2 2 1 1 3095 3094 920
4581 2 2 1 1 642 3096 3094
4582 2 2 1 1 3096 3097 3094
4583 2 2 1 1 3096 919 3097
4584 2 2 1 1 3094 3097 920
4585 2 2 1 1 642 2066 3096
4586 2 2 1 1 2066 3098 3096
4587 2 2 1 1 2066 277 3098
4588 2 2 1 1 3096 3098 919
4589 2 2 1 1 920 3097 3100
4590 2 2 1 1 3097 3099 3100
4591 2 2 1 1 3097 919 3099
4592 2 2 1 1 3100 3099 358
4593 2 2 1 1 277 3101 3098
4594 2 2 1 1 3101 3102 3098
4595 2 2 1 1 3101 921 3102
4596 2 2 1 1 3098 3102 919
4597 2 2 1 1 921 3103 3102
4598 2 2 1 1 3103 3104 3102
4599 2 2 1 1 3103 922 3104
4600 2 2 1 1 3102 3104 919
4601 2 2 1 1 921 3105 3103
4602 2 2 1 1 3105 3106 3103
4603 2 2 1 1 3105 357 3106
4604 2 2 1 1 3103 3106 922
4605 2 2 1 1 919 3104 3099
4606 2 2 1 1 3104 3107 3099
4607 2 2 1 1 3104 922 3107
4608 2 2 1 1 3099 3107 358
4609 2 2 1 1 277 2055 3101
4610 2 2 1 1 2055 3108 3101
4611 2 2 1 1 2055 637 3108
4612 2 2 1 1 3101 3108 921
4613 2 2 1 1 637 3109 3108
4614 2 2 1 1 3109 3110 3108
4615 2 2 1 1 3109 918 3110
4616 2 2 1 1 3108 3110 921
4617 2 2 1 1 637 2050 3109
4618 2 2 1 1 2050 3093 3109
4619 2 2 1 1 2050 177 3093
4620 2 2 1 1 3109 3093 918
4621 2 2 1 1 921 3110 3105
4622 2 2 1 1 3110 3092 3105
4623 2 2 1 1 3110 918 3092
4624 2 2 1 1 3105 3092 357
4625 2 2 1 1 358 3107 3112
4626 2 2 1 1 3107 3111 3112
4627 2 2 1 1 3107 922 3111
4628 2 2 1 1 3112 3111 923
4629 2 2 1 1 922 3113 3111
4630 2 2 1 1 3113 3114 3111
4631 2 2 1 1 3113 917 3114
4632 2 2 1 1 3111 3114 923
4633 2 2 1 1 922 3106 3113
4634 2 2 1 1 3106 3088 3113
4635 2 2 1 1 3106 357 3088
4636 2 2 1 1 3113 3088 917
4637 2 2 1 1 923 3114 3115
4638 2 2 1 1 3114 3087 3115
4639 2 2 1 1 3114 917 3087
4640 2 2 1 1 3115 3087 209
4641 2 2 1 1 186 3095 3117
4642 2 2 1 1 3095 3116 3117
4643 2 2 1 1 3095 920 3116
4644 2 2 1 1 3117 3116 925
4645 2 2 1 1 920 3118 3116
4646 2 2 1 1 3118 3119 3116
4647 2 2 1 1 3118 924 3119
4648 2 2 1 1 3116 3119 925
4649 2 2 1 1 920 3100 3118
4650 2 2 1 1 3100 3120 3118
4651 2 2 1 1 3100 358 3120
4652 2 2 1 1 3118 3120 924
4653 2 2 1 1 925 3119 3122
4654 2 2 1 1 3119 3121 3122
4655 2 2 1 1 3119 924 3121
4656 2 2 1 1 3122 3121 359
4657 2 2 1 1 358 3123 3120
4658 2 2 1 1 3123 3124 3120
4659 2 2 1 1 3123 926 3124
4660 2 2 1 1 3120 3124 924
4661 2 2 1 1 926 3125 3124
4662 2 2 1 1 3125 3126 3124
4663 2 2 1 1 3125 927 3126
4664 2 2 1 1 3124 3126 924
4665 2 2 1 1 926 3127 3125
4666 2 2 1 1 3127 3128 3125
4667 2 2 1 1 3127 355 3128
4668 2 2 1 1 3125 3128 927
4669 2 2 1 1 924 3126 3121
4670 2 2 1 1 3126 3129 3121
4671 2 2 1 1 3126 927 3129
4672 2 2 1 1 3121 3129 359
4673 2 2 1 1 358 3112 3123
4674 2 2 1 1 3112 3130 3123
4675 2 2 1 1 3112 923 3130
4676 2 2 1 1 3123 3130 926
4677 2 2 1 1 923 3131 3130
4678 2 2 1 1 3131 3132 3130
4679 2 2 1 1 3131 912 3132
4680 2 2 1 1 3130 3132 926
4681 2 2 1 1 923 3115 3131
4682 2 2 1 1 3115 3070 3131
4683 2 2 1 1 3115 209 3070
4684 2 2 1 1 3131 3070 912
4685 2 2 1 1 926 3132 3127
4686 2 2 1 1 3132 3069 3127
4687 2 2 1 1 3132 912 3069
4688 2 2 1 1 3127 3069 355
4689 2 2 1 1 359 3129 3134
4690 2 2 1 1 3129 3133 3134
4691 2 2 1 1 3129 927 3133
4692 2 2 1 1 3134 3133 928
4693 2 2 1 1 927 3135 3133
4694 2 2 1 1 3135 3136 3133
4695 2 2 1 1 3135 911 3136
4696 2 2 1 1 3133 3136 928
4697 2 2 1 1 927 3128 3135
4698 2 2 1 1 3128 3064 3135
4699 2 2 1 1 3128 355 3064
4700 2 2 1 1 3135 3064 911
4701 2 2 1 1 928 3136 3137
4702 2 2 1 1 3136 3063 3137
4703 2 2 1 1 3136 911 3063
4704 2 2 1 1 3137 3063 161
4705 2 2 1 1 186 3138 3140
4706 2 2 1 1 3138 3139 3140
4707 2 2 1 1 3138 929 3139
4708 2 2 1 1 3140 3139 931
4709 2 2 1 1 929 3141 3139
4710 2 2 1 1 3141 3142 3139
4711 2 2 1 1 3141 930 3142
4712 2 2 1 1 3139 3142 931
4713 2 2 1 1 929 3143 3141
4714 2 2 1 1 3143 3144 3141
4715 2 2 1 1 3143 360 3144
4716 2 2 1 1 3141 3144 930
4717 2 2 1 1 931 3142 3146
4718 2 2 1 1 3142 3145 3146
4719 2 2 1 1 3142 930 3145
4720 2 2 1 1 3146 3145 362
4721 2 2 1 1 360 3147 3144
4722 2 2 1 1 3147 3148 3144
4723 2 2 1 1 3147 932 3148
4724 2 2 1 1 3144 3148 930
4725 2 2 1 1 932 3149 3148
4726 2 2 1 1 3149 3150 3148
4727 2 2 1 1 3149 933 3150
4728 2 2 1 1 3148 3150 930
4729 2 2 1 1 932 3151 3149
4730 2 2 1 1 3151 3152 3149
4731 2 2 1 1 3151 361 3152
4732 2 2 1 1 3149 3152 933
4733 2 2 1 1 930 3150 3145
4734 2 2 1 1 3150 3153 3145
4735 2 2 1 1 3150 933 3153
4736 2 2 1 1 3145 3153 362
4737 2 2 1 1 360 3154 3147
4738 2 2 1 1 3154 3155 3147
4739 2 2 1 1 3154 934 3155
4740 2 2 1 1 3147 3155 932
4741 2 2 1 1 934 3156 3155
4742 2 2 1 1 3156 3157 3155
4743 2 2 1 1 3156 935 3157
4744 2 2 1 1 3155 3157 932
4745 2 2 1 1 934 3158 3156
4746 2 2 1 1 3158 3159 3156
4747 2 2 1 1 3158 178 3159
4748 2 2 1 1 3156 3159 935
4749 2 2 1 1 932 3157 3151
4750 2 2 1 1 3157 3160 3151
4751 2 2 1 1 3157 935 3160
4752 2 2 1 1 3151 3160 361
4753 2 2 1 1 362 3153 3162
4754 2 2 1 1 3153 3161 3162
4755 2 2 1 1 3153 933 3161
4756 2 2 1 1 3162 3161 937
4757 2 2 1 1 933 3163 3161
4758 2 2 1 1 3163 3164 3161
4759 2 2 1 1 3163 936 3164
4760 2 2 1 1 3161 3164 937
4761 2 2 1 1 933 3152 3163
4762 2 2 1 1 3152 3165 3163
4763 2 2 1 1 3152 361 3165
4764 2 2 1 1 3163 3165 936
4765 2 2 1 1 937 3164 3167
4766 2 2 1 1 3164 3166 3167
4767 2 2 1 1 3164 936 3166
4768 2 2 1 1 3167 3166 210
4769 2 2 1 1 186 3140 2071
4770 2 2 1 1 3140 3168 2071
4771 2 2 1 1 3140 931 3168
4772 2 2 1 1 2071 3168 643
4773 2 2 1 1 931 3169 3168
4774 2 2 1 1 3169 3170 3168
4775 2 2 1 1 3169 938 3170
4776 2 2 1 1 3168 3170 643
4777 2 2 1 1 931 3146 3169
4778 2 2 1 1 3146 3171 3169
4779 2 2 1 1 3146 362 3171
4780 2 2 1 1 3169 3171 938
4781 2 2 1 1 643 3170 2072
4782 2 2 1 1 3170 3172 2072
4783 2 2 1 1 3170 938 3172
4784 2 2 1 1 2072 3172 278
4785 2 2 1 1 362 3173 3171
4786 2 2 1 1 3173 3174 3171
4787 2 2 1 1 3173 939 3174
4788 2 2 1 1 3171 3174 938
4789 2 2 1 1 939 3175 3174
4790 2 2 1 1 3175 3176 3174
4791 2 2 1 1 3175 940 3176
4792 2 2 1 1 3174 3176 938
4793 2 2 1 1 939 3177 3175
4794 2 2 1 1 3177 3178 3175
4795 2 2 1 1 3177 363 3178
4796 2 2 1 1 3175 3178 940
4797 2 2 1 1 938 3176 3172
4798 2 2 1 1 3176 3179 3172
4799 2 2 1 1 3176 940 3179
4800 2 2 1 1 3172 3179 278
4801 2 2 1 1 362 3162 3173
4802 2 2 1 1 3162 3180 3173
4803 2 2 1 1 3162 937 3180
4804 2 2 1 1 3173 3180 939
4805 2 2 1 1 937 3181 3180
4806 2 2 1 1 3181 3182 3180
4807 2 2 1 1 3181 941 3182
4808 2 2 1 1 3180 3182 939
4809 2 2 1 1 937 3167 3181
4810 2 2 1 1 3167 3183 3181
4811 2 2 1 1 3167 210 3183
4812 2 2 1 1 3181 3183 941
4813 2 2 1 1 939 3182 3177
4814 2 2 1 1 3182 3184 3177
4815 2 2 1 1 3182 941 3184
4816 2 2 1 1 3177 3184 363
4817 2 2 1 1 278 3179 2077
4818 2 2 1 1 3179 3185 2077
4819 2 2 1 1 3179 940 3185
4820 2 2 1 1 2077 3185 644
4821 2 2 1 1 940 3186 3185
4822 2 2 1 1 3186 3187 3185
4823 2 2 1 1 3186 942 3187
4824 2 2 1 1 3185 3187 644
4825 2 2 1 1 940 3178 3186
4826 2 2 1 1 3178 3188 3186
4827 2 2 1 1 3178 363 3188
4828 2 2 1 1 3186 3188 942
4829 2 2 1 1 644 3187 2078
4830 2 2 1 1 3187 3189 2078
4831 2 2 1 1 3187 942 3189
4832 2 2 1 1 2078 3189 171
4833 2 2 1 1 178 3190 3159
4834 2 2 1 1 3190 3191 3159
4835 2 2 1 1 3190 943 3191
4836 2 2 1 1 3159 3191 935
4837 2 2 1 1 943 3192 3191
4838 2 2 1 1 3192 3193 3191
4839 2 2 1 1 3192 944 3193
4840 2 2 1 1 3191 3193 935
4841 2 2 1 1 943 3194 3192
4842 2 2 1 1 3194 3195 3192
4843 2 2 1 1 3194 364 3195
4844 2 2 1 1 3192 3195 944
4845 2 2 1 1 935 3193 3160
4846 2 2 1 1 3193 3196 3160
4847 2 2 1 1 3193 944 3196
4848 2 2 1 1 3160 3196 361
4849 2 2 1 1 364 3197 3195
4850 2 2 1 1 3197 3198 3195
4851 2 2 1 1 3197 945 3198
4852 2 2 1 1 3195 3198 944
4853 2 2 1 1 945 3199 3198
4854 2 2 1 1 3199 3200 3198
4855 2 2 1 1 3199 946 3200
4856 2 2 1 1 3198 3200 944
4857 2 2 1 1 945 3201 3199
4858 2 2 1 1 3201 3202 3199
4859 2 2 1 1 3201 365 3202
4860 2 2 1 1 3199 3202 946
4861 2 2 1 1 944 3200 3196
4862 2 2 1 1 3200 3203 3196
4863 2 2 1 1 3200 946 3203
4864 2 2 1 1 3196 3203 361
4865 2 2 1 1 364 3204 3197
4866 2 2 1 1 3204 3205 3197
4867 2 2 1 1 3204 947 3205
4868 2 2 1 1 3197 3205 945
4869 2 2 1 1 947 3206 3205
4870 2 2 1 1 3206 3207 3205
4871 2 2 1 1 3206 948 3207
4872 2 2 1 1 3205 3207 945
4873 2 2 1 1 947 3208 3206
4874 2 2 1 1 3208 3209 3206
4875 2 2 1 1 3208 211 3209
4876 2 2 1 1 3206 3209 948
4877 2 2 1 1 945 3207 3201
4878 2 2 1 1 3207 3210 3201
4879 2 2 1 1 3207 948 3210
4880 2 2 1 1 3201 3210 365
4881 2 2 1 1 361 3203 3165
4882 2 2 1 1 3203 3211 3165
4883 2 2 1 1 3203 946 3211
4884 2 2 1 1 3165 3211 936
4885 2 2 1 1 946 3212 3211
4886 2 2 1 1 3212 3213 3211
4887 2 2 1 1 3212 949 3213
4888 2 2 1 1 3211 3213 936
4889 2 2 1 1 946 3202 3212
4890 2 2 1 1 3202 3214 3212
4891 2 2 1 1 3202 365 3214
4892 2 2 1 1 3212 3214 949
4893 2 2 1 1 936 3213 3166
4894 2 2 1 1 3213 3215 3166
4895 2 2 1 1 3213 949 3215
4896 2 2 1 1 3166 3215 210
4897 2 2 1 1 171 3189 3217
4898 2 2 1 1 3189 3216 3217
4899 2 2 1 1 3189 942 3216
4900 2 2 1 1 3217 3216 951
4901 2 2 1 1 942 3218 3216
4902 2 2 1 1 3218 3219 3216
4903 2 2 1 1 3218 950 3219
4904 2 2 1 1 3216 3219 951
4905 2 2 1 1 942 3188 3218
4906 2 2 1 1 3188 3220 3218
4907 2 2 1 1 3188 363 3220
4908 2 2 1 1 3218 3220 950
4909 2 2 1 1 951 3219 3222
4910 2 2 1 1 3219 3221 3222
4911 2 2 1 1 3219 950 3221
4912 2 2 1 1 3222 3221 366
4913 2 2 1 1 363 3223 3220
4914 2 2 1 1 3223 3224 3220
4915 2 2 1 1 3223 952 3224
4916 2 2 1 1 3220 3224 950
4917 2 2 1 1 952 3225 3224
4918 2 2 1 1 3225 3226 3224
4919 2 2 1 1 3225 953 3226
4920 2 2 1 1 3224 3226 950
4921 2 2 1 1 952 3227 3225
4922 2 2 1 1 3227 3228 3225
4923 2 2 1 1 3227 365 3228
4924 2 2 1 1 3225 3228 953
4925 2 2 1 1 950 3226 3221
4926 2 2 1 1 3226 3229 3221
4927 2 2 1 1 3226 953 3229
4928 2 2 1 1 3221 3229 366
4929 2 2 1 1 363 3184 3223
4930 2 2 1 1 3184 3230 3223
4931 2 2 1 1 3184 941 3230
4932 2 2 1 1 3223 3230 952
4933 2 2 1 1 941 3231 3230
4934 2 2 1 1 3231 3232 3230
4935 2 2 1 1 3231 949 3232
4936 2 2 1 1 3230 3232 952
4937 2 2 1 1 941 3183 3231
4938 2 2 1 1 3183 3215 3231
4939 2 2 1 1 3183 210 3215
4940 2 2 1 1 3231 3215 949
4941 2 2 1 1 952 3232 3227
4942 2 2 1 1 3232 3214 3227
4943 2 2 1 1 3232 949 3214
4944 2 2 1 1 3227 3214 365
4945 2 2 1 1 366 3229 3234
4946 2 2 1 1 3229 3233 3234
4947 2 2 1 1 3229 953 3233
4948 2 2 1 1 3234 3233 954
4949 2 2 1 1 953 3235 3233
4950 2 2 1 1 3235 3236 3233
4951 2 2 1 1 3235 948 3236
4952 2 2 1 1 3233 3236 954
4953 2 2 1 1 953 3228 3235
4954 2 2 1 1 3228 3210 3235
4955 2 2 1 1 3228 365 3210
4956 2 2 1 1 3235 3210 948
4957 2 2 1 1 954 3236 3237
4958 2 2 1 1 3236 3209 3237
4959 2 2 1 1 3236 948 3209
4960 2 2 1 1 3237 3209 211
4961 2 2 1 1 178 2082 3190
4962 2 2 1 1 2082 3238 3190
4963 2 2 1 1 2082 648 3238
4964 2 2 1 1 3190 3238 943
4965 2 2 1 1 648 3239 3238
4966 2 2 1 1 3239 3240 3238
4967 2 2 1 1 3239 955 3240
4968 2 2 1 1 3238 3240 943
4969 2 2 1 1 648 2088 3239
4970 2 2 1 1 2088 3241 3239
4971 2 2 1 1 2088 282 3241
4972 2 2 1 1 3239 3241 955
4973 2 2 1 1 943 3240 3194
4974 2 2 1 1 3240 3242 3194
4975 2 2 1 1 3240 955 3242
4976 2 2 1 1 3194 3242 364
4977 2 2 1 1 282 3243 3241
4978 2 2 1 1 3243 3244 3241
4979 2 2 1 1 3243 956 3244
4980 2 2 1 1 3241 3244 955
4981 2 2 1 1 956 3245 3244
4982 2 2 1 1 3245 3246 3244
4983 2 2 1 1 3245 957 3246
4984 2 2 1 1 3244 3246 955
4985 2 2 1 1 956 3247 3245
4986 2 2 1 1 3247 3248 3245
4987 2 2 1 1 3247 367 3248
4988 2 2 1 1 3245 3248 957
4989 2 2 1 1 955 3246 3242
4990 2 2 1 1 3246 3249 3242
4991 2 2 1 1 3246 957 3249
4992 2 2 1 1 3242 3249 364
4993 2 2 1 1 282 2104 3243
4994 2 2 1 1 2104 3250 3243
4995 2 2 1 1 2104 654 3250
4996 2 2 1 1 3243 3250 956
4997 2 2 1 1 654 3251 3250
4998 2 2 1 1 3251 3252 3250
4999 2 2 1 1 3251 958 3252
5000 2 2 1 1 3250 3252 956
5001 2 2 1 1 654 2109 3251
5002 2 2 1 1 2109 3253 3251
5003 2 2 1 1 2109 162 3253
5004 2 2 1 1 3251 3253 958
5005 2 2 1 1 956 3252 3247
5006 2 2 1 1 3252 3254 3247
5007 2 2 1 1 3252 958 3254
5008 2 2 1 1 3247 3254 367
5009 2 2 1 1 364 3249 3204
5010 2 2 1 1 3249 3255 3204
5011 2 2 1 1 3249 957 3255
5012 2 2 1 1 3204 3255 947
5013 2 2 1 1 957 3256 3255
5014 2 2 1 1 3256 3257 3255
5015 2 2 1 1 3256 959 3257
5016 2 2 1 1 3255 3257 947
5017 2 2 1 1 957 3248 3256
5018 2 2 1 1 3248 3258 3256
5019 2 2 1 1 3248 367 3258
5020 2 2 1 1 3256 3258 959
5021 2 2 1 1 947 3257 3208
5022 2 2 1 1 3257 3259 3208
5023 2 2 1 1 3257 959 3259
5024 2 2 1 1 3208 3259 211
5025 2 2 1 1 186 3117 3261
5026 2 2 1 1 3117 3260 3261
5027 2 2 1 1 3117 925 3260
5028 2 2 1 1 3261 3260 961
5029 2 2 1 1 925 3262 3260
5030 2 2 1 1 3262 3263 3260
5031 2 2 1 1 3262 960 3263
5032 2 2 1 1 3260 3263 961
5033 2 2 1 1 925 3122 3262
5034 2 2 1 1 3122 3264 3262
5035 2 2 1 1 3122 359 3264
5036 2 2 1 1 3262 3264 960
5037 2 2 1 1 961 3263 3266
5038 2 2 1 1 3263 3265 3266
5039 2 2 1 1 3263 960 3265
5040 2 2 1 1 3266 3265 369
5041 2 2 1 1 359 3267 3264
5042 2 2 1 1 3267 3268 3264
5043 2 2 1 1 3267 962 3268
5044 2 2 1 1 3264 3268 960
5045 2 2 1 1 962 3269 3268
5046 2 2 1 1 3269 3270 3268
5047 2 2 1 1 3269 963 3270
5048 2 2 1 1 3268 3270 960
5049 2 2 1 1 962 3271 3269
5050 2 2 1 1 3271 3272 3269
5051 2 2 1 1 3271 368 3272
5052 2 2 1 1 3269 3272 963
5053 2 2 1 1 960 3270 3265
5054 2 2 1 1 3270 3273 3265
5055 2 2 1 1 3270 963 3273
5056 2 2 1 1 3265 3273 369
5057 2 2 1 1 359 3134 3267
5058 2 2 1 1 3134 3274 3267
5059 2 2 1 1 3134 928 3274
5060 2 2 1 1 3267 3274 962
5061 2 2 1 1 928 3275 3274
5062 2 2 1 1 3275 3276 3274
5063 2 2 1 1 3275 964 3276
5064 2 2 1 1 3274 3276 962
5065 2 2 1 1 928 3137 3275
5066 2 2 1 1 3137 3277 3275
5067 2 2 1 1 3137 161 3277
5068 2 2 1 1 3275 3277 964
5069 2 2 1 1 962 3276 3271
5070 2 2 1 1 3276 3278 3271
5071 2 2 1 1 3276 964 3278
5072 2 2 1 1 3271 3278 368
5073 2 2 1 1 369 3273 3280
5074 2 2 1 1 3273 3279 3280
5075 2 2 1 1 3273 963 3279
5076 2 2 1 1 3280 3279 966
5077 2 2 1 1 963 3281 3279
5078 2 2 1 1 3281 3282 3279
5079 2 2 1 1 3281 965 3282
5080 2 2 1 1 3279 3282 966
5081 2 2 1 1 963 3272 3281
5082 2 2 1 1 3272 3283 3281
5083 2 2 1 1 3272 368 3283
5084 2 2 1 1 3281 3283 965
5085 2 2 1 1 966 3282 3285
5086 2 2 1 1 3282 3284 3285
5087 2 2 1 1 3282 965 3284
5088 2 2 1 1 3285 3284 212
5089 2 2 1 1 186 3261 3138
5090 2 2 1 1 3261 3286 3138
5091 2 2 1 1 3261 961 3286
5092 2 2 1 1 3138 3286 929
5093 2 2 1 1 961 3287 3286
5094 2 2 1 1 3287 3288 3286
5095 2 2 1 1 3287 967 3288
5096 2 2 1 1 3286 3288 929
5097 2 2 1 1 961 3266 3287
5098 2 2 1 1 3266 3289 3287
5099 2 2 1 1 3266 369 3289
5100 2 2 1 1 3287 3289 967
5101 2 2 1 1 929 3288 3143
5102 2 2 1 1 3288 3290 3143
5103 2 2 1 1 3288 967 3290
5104 2 2 1 1 3143 3290 360
5105 2 2 1 1 369 3291 3289
5106 2 2 1 1 3291 3292 3289
5107 2 2 1 1 3291 968 3292
5108 2 2 1 1 3289 3292 967
5109 2 2 1 1 968 3293 3292
5110 2 2 1 1 3293 3294 3292
5111 2 2 1 1 3293 969 3294
5112 2 2 1 1 3292 3294 967
5113 2 2 1 1 968 3295 3293
5114 2 2 1 1 3295 3296 3293
5115 2 2 1 1 3295 370 3296
5116 2 2 1 1 3293 3296 969
5117 2 2 1 1 967 3294 3290
5118 2 2 1 1 3294 3297 3290
5119 2 2 1 1 3294 969 3297
5120 2 2 1 1 3290 3297 360
5121 2 2 1 1 369 3280 3291
5122 2 2 1 1 3280 3298 3291
5123 2 2 1 1 3280 966 3298
5124 2 2 1 1 3291 3298 968
5125 2 2 1 1 966 3299 3298
5126 2 2 1 1 3299 3300 3298
5127 2 2 1 1 3299 970 3300
5128 2 2 1 1 3298 3300 968
5129 2 2 1 1 966 3285 3299
5130 2 2 1 1 3285 3301 3299
5131 2 2 1 1 3285 212 3301
5132 2 2 1 1 3299 3301 970
5133 2 2 1 1 968 3300 3295
5134 2 2 1 1 3300 3302 3295
5135 2 2 1 1 3300 970 3302
5136 2 2 1 1 3295 3302 370
5137 2 2 1 1 360 3297 3154
5138 2 2 1 1 3297 3303 3154
5139 2 2 1 1 3297 969 3303
5140 2 2 1 1 3154 3303 934
5141 2 2 1 1 969 3304 3303
5142 2 2 1 1 3304 3305 3303
5143 2 2 1 1 3304 971 3305
5144 2 2 1 1 3303 3305 934
5145 2 2 1 1 969 3296 3304
5146 2 2 1 1 3296 3306 3304
5147 2 2 1 1 3296 370 3306
5148 2 2 1 1 3304 3306 971
5149 2 2 1 1 934 3305 3158
5150 2 2 1 1 3305 3307 3158
5151 2 2 1 1 3305 971 3307
5152 2 2 1 1 3158 3307 178
5153 2 2 1 1 188 3308 3310
5154 2 2 1 1 3308 3309 3310
5155 2 2 1 1 3308 972 3309
5156 2 2 1 1 3310 3309 974
5157 2 2 1 1 972 3311 3309
5158 2 2 1 1 3311 3312 3309
5159 2 2 1 1 3311 973 3312
5160 2 2 1 1 3309 3312 974
5161 2 2 1 1 972 3313 3311
5162 2 2 1 1 3313 3314 3311
5163 2 2 1 1 3313 371 3314
5164 2 2 1 1 3311 3314 973
5165 2 2 1 1 974 3312 3316
5166 2 2 1 1 3312 3315 3316
5167 2 2 1 1 3312 973 3315
5168 2 2 1 1 3316 3315 372
5169 2 2 1 1 371 3317 3314
5170 2 2 1 1 3317 3318 3314
5171 2 2 1 1 3317 975 3318
5172 2 2 1 1 3314 3318 973
5173 2 2 1 1 975 3319 3318
5174 2 2 1 1 3319 3320 3318
5175 2 2 1 1 3319 976 3320
5176 2 2 1 1 3318 3320 973
5177 2 2 1 1 975 3321 3319
5178 2 2 1 1 3321 3322 3319
5179 2 2 1 1 3321 370 3322
5180 2 2 1 1 3319 3322 976
5181 2 2 1 1 973 3320 3315
5182 2 2 1 1 3320 3323 3315
5183 2 2 1 1 3320 976 3323
5184 2 2 1 1 3315 3323 372
5185 2 2 1 1 371 3324 3317
5186 2 2 1 1 3324 3325 3317
5187 2 2 1 1 3324 977 3325
5188 2 2 1 1 3317 3325 975
5189 2 2 1 1 977 3326 3325
5190 2 2 1 1 3326 3327 3325
5191 2 2 1 1 3326 971 3327
5192 2 2 1 1 3325 3327 975
5193 2 2 1 1 977 3328 3326
5194 2 2 1 1 3328 3307 3326
5195 2 2 1 1 3328 178 3307
5196 2 2 1 1 3326 3307 971
5197 2 2 1 1 975 3327 3321
5198 2 2 1 1 3327 3306 3321
5199 2 2 1 1 3327 971 3306
5200 2 2 1 1 3321 3306 370
5201 2 2 1 1 372 3323 3330
5202 2 2 1 1 3323 3329 3330
5203 2 2 1 1 3323 976 3329
5204 2 2 1 1 3330 3329 978
5205 2 2 1 1 976 3331 3329
5206 2 2 1 1 3331 3332 3329
5207 2 2 1 1 3331 970 3332
5208 2 2 1 1 3329 3332 978
5209 2 2 1 1 976 3322 3331
5210 2 2 1 1 3322 3302 3331
5211 2 2 1 1 3322 370 3302
5212 2 2 1 1 3331 3302 970
5213 2 2 1 1 978 3332 3333
5214 2 2 1 1 3332 3301 3333
5215 2 2 1 1 3332 970 3301
5216 2 2 1 1 3333 3301 212
5217 2 2 1 1 188 3310 2139
5218 2 2 1 1 3310 3334 2139
5219 2 2 1 1 3310 974 3334
5220 2 2 1 1 2139 3334 663
5221 2 2 1 1 974 3335 3334
5222 2 2 1 1 3335 3336 3334
5223 2 2 1 1 3335 979 3336
5224 2 2 1 1 3334 3336 663
5225 2 2 1 1 974 3316 3335
5226 2 2 1 1 3316 3337 3335
5227 2 2 1 1 3316 372 3337
5228 2 2 1 1 3335 3337 979
5229 2 2 1 1 663 3336 2134
5230 2 2 1 1 3336 3338 2134
5231 2 2 1 1 3336 979 3338
5232 2 2 1 1 2134 3338 285
5233 2 2 1 1 372 3339 3337
5234 2 2 1 1 3339 3340 3337
5235 2 2 1 1 3339 980 3340
5236 2 2 1 1 3337 3340 979
5237 2 2 1 1 980 3341 3340
5238 2 2 1 1 3341 3342 3340
5239 2 2 1 1 3341 981 3342
5240 2 2 1 1 3340 3342 979
5241 2 2 1 1 980 3343 3341
5242 2 2 1 1 3343 3344 3341
5243 2 2 1 1 3343 368 3344
5244 2 2 1 1 3341 3344 981
5245 2 2 1 1 979 3342 3338
5246 2 2 1 1 3342 3345 3338
5247 2 2 1 1 3342 981 3345
5248 2 2 1 1 3338 3345 285
5249 2 2 1 1 372 3330 3339
5250 2 2 1 1 3330 3346 3339
5251 2 2 1 1 3330 978 3346
5252 2 2 1 1 3339 3346 980
5253 2 2 1 1 978 3347 3346
5254 2 2 1 1 3347 3348 3346
5255 2 2 1 1 3347 965 3348
5256 2 2 1 1 3346 3348 980
5257 2 2 1 1 978 3333 3347
5258 2 2 1 1 3333 3284 3347
5259 2 2 1 1 3333 212 3284
5260 2 2 1 1 3347 3284 965
5261 2 2 1 1 980 3348 3343
5262 2 2 1 1 3348 3283 3343
5263 2 2 1 1 3348 965 3283
5264 2 2 1 1 3343 3283 368
5265 2 2 1 1 285 3345 2118
5266 2 2 1 1 3345 3349 2118
5267 2 2 1 1 3345 981 3349
5268 2 2 1 1 2118 3349 657
5269 2 2 1 1 981 3350 3349
5270 2 2 1 1 3350 3351 3349
5271 2 2 1 1 3350 964 3351
5272 2 2 1 1 3349 3351 657
5273 2 2 1 1 981 3344 3350
5274 2 2 1 1 3344 3278 3350
5275 2 2 1 1 3344 368 3278
5276 2 2 1 1 3350 3278 964
5277 2 2 1 1 657 3351 2112
5278 2 2 1 1 3351 3277 2112
5279 2 2 1 1 3351 964 3277
5280 2 2 1 1 2112 3277 161
5281 2 2 1 1 187 2100 3353
5282 2 2 1 1 2100 3352 3353
5283 2 2 1 1 2100 651 3352
5284 2 2 1 1 3353 3352 983
5285 2 2 1 1 651 3354 3352
5286 2 2 1 1 3354 3355 3352
5287 2 2 1 1 3354 982 3355
5288 2 2 1 1 3352 3355 983
5289 2 2 1 1 651 2096 3354
5290 2 2 1 1 2096 3356 3354
5291 2 2 1 1 2096 280 3356
5292 2 2 1 1 3354 3356 982
5293 2 2 1 1 983 3355 3358
5294 2 2 1 1 3355 3357 3358
5295 2 2 1 1 3355 982 3357
5296 2 2 1 1 3358 3357 374
5297 2 2 1 1 280 3359 3356
5298 2 2 1 1 3359 3360 3356
5299 2 2 1 1 3359 984 3360
5300 2 2 1 1 3356 3360 982
5301 2 2 1 1 984 3361 3360
5302 2 2 1 1 3361 3362 3360
5303 2 2 1 1 3361 985 3362
5304 2 2 1 1 3360 3362 982
5305 2 2 1 1 984 3363 3361
5306 2 2 1 1 3363 3364 3361
5307 2 2 1 1 3363 373 3364
5308 2 2 1 1 3361 3364 985
5309 2 2 1 1 982 3362 3357
5310 2 2 1 1 3362 3365 3357
5311 2 2 1 1 3362 985 3365
5312 2 2 1 1 3357 3365 374
5313 2 2 1 1 280 2085 3359
5314 2 2 1 1 2085 3366 3359
5315 2 2 1 1 2085 646 3366
5316 2 2 1 1 3359 3366 984
5317 2 2 1 1 646 3367 3366
5318 2 2 1 1 3367 3368 3366
5319 2 2 1 1 3367 986 3368
5320 2 2 1 1 3366 3368 984
5321 2 2 1 1 646 2080 3367
5322 2 2 1 1 2080 3369 3367
5323 2 2 1 1 2080 178 3369
5324 2 2 1 1 3367 3369 986
5325 2 2 1 1 984 3368 3363
5326 2 2 1 1 3368 3370 3363
5327 2 2 1 1 3368 986 3370
5328 2 2 1 1 3363 3370 373
5329 2 2 1 1 374 3365 3372
5330 2 2 1 1 3365 3371 3372
5331 2 2 1 1 3365 985 3371
5332 2 2 1 1 3372 3371 988
5333 2 2 1 1 985 3373 3371
5334 2 2 1 1 3373 3374 3371
5335 2 2 1 1 3373 987 3374
5336 2 2 1 1 3371 3374 988
5337 2 2 1 1 985 3364 3373
5338 2 2 1 1 3364 3375 3373
5339 2 2 1 1 3364 373 3375
5340 2 2 1 1 3373 3375 987
5341 2 2 1 1 988 3374 3377
5342 2 2 1 1 3374 3376 3377
5343 2 2 1 1 3374 987 3376
5344 2 2 1 1 3377 3376 213
5345 2 2 1 1 187 3353 3379
5346 2 2 1 1 3353 3378 3379
5347 2 2 1 1 3353 983 3378
5348 2 2 1 1 3379 3378 990
5349 2 2 1 1 983 3380 3378
5350 2 2 1 1 3380 3381 3378
5351 2 2 1 1 3380 989 3381
5352 2 2 1 1 3378 3381 990
5353 2 2 1 1 983 3358 3380
5354 2 2 1 1 3358 3382 3380
5355 2 2 1 1 3358 374 3382
5356 2 2 1 1 3380 3382 989
5357 2 2 1 1 990 3381 3384
5358 2 2 1 1 3381 3383 3384
5359 2 2 1 1 3381 989 3383
5360 2 2 1 1 3384 3383 376
5361 2 2 1 1 374 3385 3382
5362 2 2 1 1 3385 3386 3382
5363 2 2 1 1 3385 991 3386
5364 2 2 1 1 3382 3386 989
5365 2 2 1 1 991 3387 3386
5366 2 2 1 1 3387 3388 3386
5367 2 2 1 1 3387 992 3388
5368 2 2 1 1 3386 3388 989
5369 2 2 1 1 991 3389 3387
5370 2 2 1 1 3389 3390 3387
5371 2 2 1 1 3389 375 3390
5372 2 2 1 1 3387 3390 992
5373 2 2 1 1 989 3388 3383
5374 2 2 1 1 3388 3391 3383
5375 2 2 1 1 3388 992 3391
5376 2 2 1 1 3383 3391 376
5377 2 2 1 1 374 3372 3385
5378 2 2 1 1 3372 3392 3385
5379 2 2 1 1 3372 988 3392
5380 2 2 1 1 3385 3392 991
5381 2 2 1 1 988 3393 3392
5382 2 2 1 1 3393 3394 3392
5383 2 2 1 1 3393 993 3394
5384 2 2 1 1 3392 3394 991
5385 2 2 1 1 988 3377 3393
5386 2 2 1 1 3377 3395 3393
5387 2 2 1 1 3377 213 3395
5388 2 2 1 1 3393 3395 993
5389 2 2 1 1 991 3394 3389
5390 2 2 1 1 3394 3396 3389
5391 2 2 1 1 3394 993 3396
5392 2 2 1 1 3389 3396 375
5393 2 2 1 1 376 3391 3398
5394 2 2 1 1 3391 3397 3398
5395 2 2 1 1 3391 992 3397
5396 2 2 1 1 3398 3397 995
5397 2 2 1 1 992 3399 3397
5398 2 2 1 1 3399 3400 3397
5399 2 2 1 1 3399 994 3400
5400 2 2 1 1 3397 3400 995
5401 2 2 1 1 992 3390 3399
5402 2 2 1 1 3390 3401 3399
5403 2 2 1 1 3390 375 3401
5404 2 2 1 1 3399 3401 994
5405 2 2 1 1 995 3400 3403
5406 2 2 1 1 3400 3402 3403
5407 2 2 1 1 3400 994 3402
5408 2 2 1 1 3403 3402 172
5409 2 2 1 1 188 2160 3405
5410 2 2 1 1 2160 3404 3405
5411 2 2 1 1 2160 669 3404
5412 2 2 1 1 3405 3404 997
5413 2 2 1 1 669 3406 3404
5414 2 2 1 1 3406 3407 3404
5415 2 2 1 1 3406 996 3407
5416 2 2 1 1 3404 3407 997
5417 2 2 1 1 669 2156 3406
5418 2 2 1 1 2156 3408 3406
5419 2 2 1 1 2156 286 3408
5420 2 2 1 1 3406 3408 996
5421 2 2 1 1 997 3407 3410
5422 2 2 1 1 3407 3409 3410
5423 2 2 1 1 3407 996 3409
5424 2 2 1 1 3410 3409 377
5425 2 2 1 1 286 3411 3408
5426 2 2 1 1 3411 3412 3408
5427 2 2 1 1 3411 998 3412
5428 2 2 1 1 3408 3412 996
5429 2 2 1 1 998 3413 3412
5430 2 2 1 1 3413 3414 3412
5431 2 2 1 1 3413 999 3414
5432 2 2 1 1 3412 3414 996
5433 2 2 1 1 998 3415 3413
5434 2 2 1 1 3415 3416 3413
5435 2 2 1 1 3415 375 3416
5436 2 2 1 1 3413 3416 999
5437 2 2 1 1 996 3414 3409
5438 2 2 1 1 3414 3417 3409
5439 2 2 1 1 3414 999 3417
5440 2 2 1 1 3409 3417 377
5441 2 2 1 1 286 2145 3411
5442 2 2 1 1 2145 3418 3411
5443 2 2 1 1 2145 664 3418
5444 2 2 1 1 3411 3418 998
5445 2 2 1 1 664 3419 3418
5446 2 2 1 1 3419 3420 3418
5447 2 2 1 1 3419 994 3420
5448 2 2 1 1 3418 3420 998
5449 2 2 1 1 664 2140 3419
5450 2 2 1 1 2140 3402 3419
5451 2 2 1 1 2140 172 3402
5452 2 2 1 1 3419 3402 994
5453 2 2 1 1 998 3420 3415
5454 2 2 1 1 3420 3401 3415
5455 2 2 1 1 3420 994 3401
5456 2 2 1 1 3415 3401 375
5457 2 2 1 1 377 3417 3422
5458 2 2 1 1 3417 3421 3422
5459 2 2 1 1 3417 999 3421
5460 2 2 1 1 3422 3421 1000
5461 2 2 1 1 999 3423 3421
5462 2 2 1 1 3423 3424 3421
5463 2 2 1 1 3423 993 3424
5464 2 2 1 1 3421 3424 1000
5465 2 2 1 1 999 3416 3423
5466 2 2 1 1 3416 3396 3423
5467 2 2 1 1 3416 375 3396
5468 2 2 1 1 3423 3396 993
5469 2 2 1 1 1000 3424 3425
5470 2 2 1 1 3424 3395 3425
5471 2 2 1 1 3424 993 3395
5472 2 2 1 1 3425 3395 213
5473 2 2 1 1 188 3405 3308
5474 2 2 1 1 3405 3426 3308
5475 2 2 1 1 3405 997 3426
5476 2 2 1 1 3308 3426 972
5477 2 2 1 1 997 3427 3426
5478 2 2 1 1 3427 3428 3426
5479 2 2 1 1 3427 1001 3428
5480 2 2 1 1 3426 3428 972
5481 2 2 1 1 997 3410 3427
5482 2 2 1 1 3410 3429 3427
5483 2 2 1 1 3410 377 3429
5484 2 2 1 1 3427 3429 1001
5485 2 2 1 1 972 3428 3313
5486 2 2 1 1 3428 3430 3313
5487 2 2 1 1 3428 1001 3430
5488 2 2 1 1 3313 3430 371
5489 2 2 1 1 377 3431 3429
5490 2 2 1 1 3431 3432 3429
5491 2 2 1 1 3431 1002 3432
5492 2 2 1 1 3429 3432 1001
5493 2 2 1 1 1002 3433 3432
5494 2 2 1 1 3433 3434 3432
5495 2 2 1 1 3433 1003 3434
5496 2 2 1 1 3432 3434 1001
5497 2 2 1 1 1002 3435 3433
5498 2 2 1 1 3435 3436 3433
5499 2 2 1 1 3435 373 3436
5500 2 2 1 1 3433 3436 1003
5501 2 2 1 1 1001 3434 3430
5502 2 2 1 1 3434 3437 3430
5503 2 2 1 1 3434 1003 3437
5504 2 2 1 1 3430 3437 371
5505 2 2 1 1 377 3422 3431
5506 2 2 1 1 3422 3438 3431
5507 2 2 1 1 3422 1000 3438
5508 2 2 1 1 3431 3438 1002
5509 2 2 1 1 1000 3439 3438
5510 2 2 1 1 3439 3440 3438
5511 2 2 1 1 3439 987 3440
5512 2 2 1 1 3438 3440 1002
5513 2 2 1 1 1000 3425 3439
5514 2 2 1 1 3425 3376 3439
5515 2 2 1 1 3425 213 3376
5516 2 2 1 1 3439 3376 987
5517 2 2 1 1 1002 3440 3435
5518 2 2 1 1 3440 3375 3435
5519 2 2 1 1 3440 987 3375
5520 2 2 1 1 3435 3375 373
5521 2 2 1 1 371 3437 3324
5522 2 2 1 1 3437 3441 3324
5523 2 2 1 1 3437 1003 3441
5524 2 2 1 1 3324 3441 977
5525 2 2 1 1 1003 3442 3441
5526 2 2 1 1 3442 3443 3441
5527 2 2 1 1 3442 986 3443
5528 2 2 1 1 3441 3443 977
5529 2 2 1 1 1003 3436 3442
5530 2 2 1 1 3436 3370 3442
5531 2 2 1 1 3436 373 3370
5532 2 2 1 1 3442 3370 986
5533 2 2 1 1 977 3443 3328
5534 2 2 1 1 3443 3369 3328
5535 2 2 1 1 3443 986 3369
5536 2 2 1 1 3328 3369 178
5537 2 2 1 1 187 3444 3446
5538 2 2 1 1 3444 3445 3446
5539 2 2 1 1 3444 1004 3445
5540 2 2 1 1 3446 3445 1006
5541 2 2 1 1 1004 3447 3445
5542 2 2 1 1 3447 3448 3445
5543 2 2 1 1 3447 1005 3448
5544 2 2 1 1 3445 3448 1006
5545 2 2 1 1 1004 3449 3447
5546 2 2 1 1 3449 3450 3447
5547 2 2 1 1 3449 378 3450
5548 2 2 1 1 3447 3450 1005
5549 2 2 1 1 1006 3448 3452
5550 2 2 1 1 3448 3451 3452
5551 2 2 1 1 3448 1005 3451
5552 2 2 1 1 3452 3451 380
5553 2 2 1 1 378 3453 3450
5554 2 2 1 1 3453 3454 3450
5555 2 2 1 1 3453 1007 3454
5556 2 2 1 1 3450 3454 1005
5557 2 2 1 1 1007 3455 3454
5558 2 2 1 1 3455 3456 3454
5559 2 2 1 1 3455 1008 3456
5560 2 2 1 1 3454 3456 1005
5561 2 2 1 1 1007 3457 3455
5562 2 2 1 1 3457 3458 3455
5563 2 2 1 1 3457 379 3458
5564 2 2 1 1 3455 3458 1008
5565 2 2 1 1 1005 3456 3451
5566 2 2 1 1 3456 3459 3451
5567 2 2 1 1 3456 1008 3459
5568 2 2 1 1 3451 3459 380
5569 2 2 1 1 378 3460 3453
5570 2 2 1 1 3460 3461 3453
5571 2 2 1 1 3460 1009 3461
5572 2 2 1 1 3453 3461 1007
5573 2 2 1 1 1009 3462 3461
5574 2 2 1 1 3462 3463 3461
5575 2 2 1 1 3462 1010 3463
5576 2 2 1 1 3461 3463 1007
5577 2 2 1 1 1009 3464 3462
5578 2 2 1 1 3464 3465 3462
5579 2 2 1 1 3464 179 3465
5580 2 2 1 1 3462 3465 1010
5581 2 2 1 1 1007 3463 3457
5582 2 2 1 1 3463 3466 3457
5583 2 2 1 1 3463 1010 3466
5584 2 2 1 1 3457 3466 379
5585 2 2 1 1 380 3459 3468
5586 2 2 1 1 3459 3467 3468
5587 2 2 1 1 3459 1008 3467
5588 2 2 1 1 3468 3467 1012
5589 2 2 1 1 1008 3469 3467
5590 2 2 1 1 3469 3470 3467
5591 2 2 1 1 3469 1011 3470
5592 2 2 1 1 3467 3470 1012
5593 2 2 1 1 1008 3458 3469
5594 2 2 1 1 3458 3471 3469
5595 2 2 1 1 3458 379 3471
5596 2 2 1 1 3469 3471 1011
5597 2 2 1 1 1012 3470 3473
5598 2 2 1 1 3470 3472 3473
5599 2 2 1 1 3470 1011 3472
5600 2 2 1 1 3473 3472 214
5601 2 2 1 1 187 3446 2101
5602 2 2 1 1 3446 3474 2101
5603 2 2 1 1 3446 1006 3474
5604 2 2 1 1 2101 3474 652
5605 2 2 1 1 1006 3475 3474
5606 2 2 1 1 3475 3476 3474
5607 2 2 1 1 3475 1013 3476
5608 2 2 1 1 3474 3476 652
5609 2 2 1 1 1006 3452 3475
5610 2 2 1 1 3452 3477 3475
5611 2 2 1 1 3452 380 3477
5612 2 2 1 1 3475 3477 1013
5613 2 2 1 1 652 3476 2102
5614 2 2 1 1 3476 3478 2102
5615 2 2 1 1 3476 1013 3478
5616 2 2 1 1 2102 3478 281
5617 2 2 1 1 380 3479 3477
5618 2 2 1 1 3479 3480 3477
5619 2 2 1 1 3479 1014 3480
5620 2 2 1 1 3477 3480 1013
5621 2 2 1 1 1014 3481 3480
5622 2 2 1 1 3481 3482 3480
5623 2 2 1 1 3481 1015 3482
5624 2 2 1 1 3480 3482 1013
5625 2 2 1 1 1014 3483 3481
5626 2 2 1 1 3483 3484 3481
5627 2 2 1 1 3483 381 3484
5628 2 2 1 1 3481 3484 1015
5629 2 2 1 1 1013 3482 3478
5630 2 2 1 1 3482 3485 3478
5631 2 2 1 1 3482 1015 3485
5632 2 2 1 1 3478 3485 281
5633 2 2 1 1 380 3468 3479
5634 2 2 1 1 3468 3486 3479
5635 2 2 1 1 3468 1012 3486
5636 2 2 1 1 3479 3486 1014
5637 2 2 1 1 1012 3487 3486
5638 2 2 1 1 3487 3488 3486
5639 2 2 1 1 3487 1016 3488
5640 2 2 1 1 3486 3488 1014
5641 2 2 1 1 1012 3473 3487
5642 2 2 1 1 3473 3489 3487
5643 2 2 1 1 3473 214 3489
5644 2 2 1 1 3487 3489 1016
5645 2 2 1 1 1014 3488 3483
5646 2 2 1 1 3488 3490 3483
5647 2 2 1 1 3488 1016 3490
5648 2 2 1 1 3483 3490 381
5649 2 2 1 1 281 3485 2107
5650 2 2 1 1 3485 3491 2107
5651 2 2 1 1 3485 1015 3491
5652 2 2 1 1 2107 3491 653
5653 2 2 1 1 1015 3492 3491
5654 2 2 1 1 3492 3493 3491
5655 2 2 1 1 3492 1017 3493
5656 2 2 1 1 3491 3493 653
5657 2 2 1 1 1015 3484 3492
5658 2 2 1 1 3484 3494 3492
5659 2 2 1 1 3484 381 3494
5660 2 2 1 1 3492 3494 1017
5661 2 2 1 1 653 3493 2108
5662 2 2 1 1 3493 3495 2108
5663 2 2 1 1 3493 1017 3495
5664 2 2 1 1 2108 3495 162
5665 2 2 1 1 179 3496 3465
5666 2 2 1 1 3496 3497 3465
5667 2 2 1 1 3496 1018 3497
5668 2 2 1 1 3465 3497 1010
5669 2 2 1 1 1018 3498 3497
5670 2 2 1 1 3498 3499 3497
5671 2 2 1 1 3498 1019 3499
5672 2 2 1 1 3497 3499 1010
5673 2 2 1 1 1018 3500 3498
5674 2 2 1 1 3500 3501 3498
5675 2 2 1 1 3500 382 3501
5676 2 2 1 1 3498 3501 1019
5677 2 2 1 1 1010 3499 3466
5678 2 2 1 1 3499 3502 3466
5679 2 2 1 1 3499 1019 3502
5680 2 2 1 1 3466 3502 379
5681 2 2 1 1 382 3503 3501
5682 2 2 1 1 3503 3504 3501
5683 2 2 1 1 3503 1020 3504
5684 2 2 1 1 3501 3504 1019
5685 2 2 1 1 1020 3505 3504
5686 2 2 1 1 3505 3506 3504
5687 2 2 1 1 3505 1021 3506
5688 2 2 1 1 3504 3506 1019
5689 2 2 1 1 1020 3507 3505
5690 2 2 1 1 3507 3508 3505
5691 2 2 1 1 3507 383 3508
5692 2 2 1 1 3505 3508 1021
5693 2 2 1 1 1019 3506 3502
5694 2 2 1 1 3506 3509 3502
5695 2 2 1 1 3506 1021 3509
5696 2 2 1 1 3502 3509 379
5697 2 2 1 1 382 3510 3503
5698 2 2 1 1 3510 3511 3503
5699 2 2 1 1 3510 1022 3511
5700 2 2 1 1 3503 3511 1020
5701 2 2 1 1 1022 3512 3511
5702 2 2 1 1 3512 3513 3511
5703 2 2 1 1 3512 1023 3513
5704 2 2 1 1 3511 3513 1020
5705 2 2 1 1 1022 3514 3512
5706 2 2 1 1 3514 3515 3512
5707 2 2 1 1 3514 215 3515
5708 2 2 1 1 3512 3515 1023
5709 2 2 1 1 1020 3513 3507
5710 2 2 1 1 3513 3516 3507
5711 2 2 1 1 3513 1023 3516
5712 2 2 1 1 3507 3516 383
5713 2 2 1 1 379 3509 3471
5714 2 2 1 1 3509 3517 3471
5715 2 2 1 1 3509 1021 3517
5716 2 2 1 1 3471 3517 1011
5717 2 2 1 1 1021 3518 3517
5718 2 2 1 1 3518 3519 3517
5719 2 2 1 1 3518 1024 3519
5720 2 2 1 1 3517 3519 1011
5721 2 2 1 1 1021 3508 3518
5722 2 2 1 1 3508 3520 3518
5723 2 2 1 1 3508 383 3520
5724 2 2 1 1 3518 3520 1024
5725 2 2 1 1 1011 3519 3472
5726 2 2 1 1 3519 3521 3472
5727 2 2 1 1 3519 1024 3521
5728 2 2 1 1 3472 3521 214
5729 2 2 1 1 162 3495 3523
5730 2 2 1 1 3495 3522 3523
5731 2 2 1 1 3495 1017 3522
5732 2 2 1 1 3523 3522 1026
5733 2 2 1 1 1017 3524 3522
5734 2 2 1 1 3524 3525 3522
5735 2 2 1 1 3524 1025 3525
5736 2 2 1 1 3522 3525 1026
5737 2 2 1 1 1017 3494 3524
5738 2 2 1 1 3494 3526 3524
5739 2 2 1 1 3494 381 3526
5740 2 2 1 1 3524 3526 1025
5741 2 2 1 1 1026 3525 3528
5742 2 2 1 1 3525 3527 3528
5743 2 2 1 1 3525 1025 3527
5744 2 2 1 1 3528 3527 384
5745 2 2 1 1 381 3529 3526
5746 2 2 1 1 3529 3530 3526
5747 2 2 1 1 3529 1027 3530
5748 2 2 1 1 3526 3530 1025
5749 2 2 1 1 1027 3531 3530
5750 2 2 1 1 3531 3532 3530
5751 2 2 1 1 3531 1028 3532
5752 2 2 1 1 3530 3532 1025
5753 2 2 1 1 1027 3533 3531
5754 2 2 1 1 3533 3534 3531
5755 2 2 1 1 3533 383 3534
5756 2 2 1 1 3531 3534 1028
5757 2 2 1 1 1025 3532 3527
5758 2 2 1 1 3532 3535 3527
5759 2 2 1 1 3532 1028 3535
5760 2 2 1 1 3527 3535 384
5761 2 2 1 1 381 3490 3529
5762 2 2 1 1 3490 3536 3529
5763 2 2 1 1 3490 1016 3536
5764 2 2 1 1 3529 3536 1027
5765 2 2 1 1 1016 3537 3536
5766 2 2 1 1 3537 3538 3536
5767 2 2 1 1 3537 1024 3538
5768 2 2 1 1 3536 3538 1027
5769 2 2 1 1 1016 3489 3537
5770 2 2 1 1 3489 3521 3537
5771 2 2 1 1 3489 214 3521
5772 2 2 1 1 3537 3521 1024
5773 2 2 1 1 1027 3538 3533
5774 2 2 1 1 3538 3520 3533
5775 2 2 1 1 3538 1024 3520
5776 2 2 1 1 3533 3520 383
5777 2 2 1 1 384 3535 3540
5778 2 2 1 1 3535 3539 3540
5779 2 2 1 1 3535 1028 3539
5780 2 2 1 1 3540 3539 1029
5781 2 2 1 1 1028 3541 3539
5782 2 2 1 1 3541 3542 3539
5783 2 2 1 1 3541 1023 3542
5784 2 2 1 1 3539 3542 1029
5785 2 2 1 1 1028 3534 3541
5786 2 2 1 1 3534 3516 3541
5787 2 2 1 1 3534 383 3516
5788 2 2 1 1 3541 3516 1023
5789 2 2 1 1 1029 3542 3543
5790 2 2 1 1 3542 3515 3543
5791 2 2 1 1 3542 1023 3515
5792 2 2 1 1 3543 3515 215
5793 2 2 1 1 179 2272 3496
5794 2 2 1 1 2272 3544 3496
5795 2 2 1 1 2272 701 3544
5796 2 2 1 1 3496 3544 1018
5797 2 2 1 1 701 3545 3544
5798 2 2 1 1 3545 3546 3544
5799 2 2 1 1 3545 1030 3546
5800 2 2 1 1 3544 3546 1018
5801 2 2 1 1 701 2278 3545
5802 2 2 1 1 2278 3547 3545
5803 2 2 1 1 2278 298 3547
5804 2 2 1 1 3545 3547 1030
5805 2 2 1 1 1018 3546 3500
5806 2 2 1 1 3546 3548 3500
5807 2 2 1 1 3546 1030 3548
5808 2 2 1 1 3500 3548 382
5809 2 2 1 1 298 3549 3547
5810 2 2 1 1 3549 3550 3547
5811 2 2 1 1 3549 1031 3550
5812 2 2 1 1 3547 3550 1030
5813 2 2 1 1 1031 3551 3550
5814 2 2 1 1 3551 3552 3550
5815 2 2 1 1 3551 1032 3552
5816 2 2 1 1 3550 3552 1030
5817 2 2 1 1 1031 3553 3551
5818 2 2 1 1 3553 3554 3551
5819 2 2 1 1 3553 385 3554
5820 2 2 1 1 3551 3554 1032
5821 2 2 1 1 1030 3552 3548
5822 2 2 1 1 3552 3555 3548
5823 2 2 1 1 3552 1032 3555
5824 2 2 1 1 3548 3555 382
5825 2 2 1 1 298 2294 3549
5826 2 2 1 1 2294 3556 3549
5827 2 2 1 1 2294 707 3556
5828 2 2 1 1 3549 3556 1031
5829 2 2 1 1 707 3557 3556
5830 2 2 1 1 3557 3558 3556
5831 2 2 1 1 3557 1033 3558
5832 2 2 1 1 3556 3558 1031
5833 2 2 1 1 707 2299 3557
5834 2 2 1 1 2299 3559 3557
5835 2 2 1 1 2299 173 3559
5836 2 2 1 1 3557 3559 1033
5837 2 2 1 1 1031 3558 3553
5838 2 2 1 1 3558 3560 3553
5839 2 2 1 1 3558 1033 3560
5840 2 2 1 1 3553 3560 385
5841 2 2 1 1 382 3555 3510
5842 2 2 1 1 3555 3561 3510
5843 2 2 1 1 3555 1032 3561
5844 2 2 1 1 3510 3561 1022
5845 2 2 1 1 1032 3562 3561
5846 2 2 1 1 3562 3563 3561
5847 2 2 1 1 3562 1034 3563
5848 2 2 1 1 3561 3563 1022
5849 2 2 1 1 1032 3554 3562
5850 2 2 1 1 3554 3564 3562
5851 2 2 1 1 3554 385 3564
5852 2 2 1 1 3562 3564 1034
5853 2 2 1 1 1022 3563 3514
5854 2 2 1 1 3563 3565 3514
5855 2 2 1 1 3563 1034 3565
5856 2 2 1 1 3514 3565 215
5857 2 2 1 1 187 3379 3567
5858 2 2 1 1 3379 3566 3567
5859 2 2 1 1 3379 990 3566
5860 2 2 1 1 3567 3566 1036
5861 2 2 1 1 990 3568 3566
5862 2 2 1 1 3568 3569 3566
5863 2 2 1 1 3568 1035 3569
5864 2 2 1 1 3566 3569 1036
5865 2 2 1 1 990 3384 3568
5866 2 2 1 1 3384 3570 3568
5867 2 2 1 1 3384 376 3570
5868 2 2 1 1 3568 3570 1035
5869 2 2 1 1 1036 3569 3572
5870 2 2 1 1 3569 3571 3572
5871 2 2 1 1 3569 1035 3571
5872 2 2 1 1 3572 3571 387
5873 2 2 1 1 376 3573 3570
5874 2 2 1 1 3573 3574 3570
5875 2 2 1 1 3573 1037 3574
5876 2 2 1 1 3570 3574 1035
5877 2 2 1 1 1037 3575 3574
5878 2 2 1 1 3575 3576 3574
5879 2 2 1 1 3575 1038 3576
5880 2 2 1 1 3574 3576 1035
5881 2 2 1 1 1037 3577 3575
5882 2 2 1 1 3577 3578 3575
5883 2 2 1 1 3577 386 3578
5884 2 2 1 1 3575 3578 1038
5885 2 2 1 1 1035 3576 3571
5886 2 2 1 1 3576 3579 3571
5887 2 2 1 1 3576 1038 3579
5888 2 2 1 1 3571 3579 387
5889 2 2 1 1 376 3398 3573
5890 2 2 1 1 3398 3580 3573
5891 2 2 1 1 3398 995 3580
5892 2 2 1 1 3573 3580 1037
5893 2 2 1 1 995 3581 3580
5894 2 2 1 1 3581 3582 3580
5895 2 2 1 1 3581 1039 3582
5896 2 2 1 1 3580 3582 1037
5897 2 2 1 1 995 3403 3581
5898 2 2 1 1 3403 3583 3581
5899 2 2 1 1 3403 172 3583
5900 2 2 1 1 3581 3583 1039
5901 2 2 1 1 1037 3582 3577
5902 2 2 1 1 3582 3584 3577
5903 2 2 1 1 3582 1039 3584
5904 2 2 1 1 3577 3584 386
5905 2 2 1 1 387 3579 3586
5906 2 2 1 1 3579 3585 3586
5907 2 2 1 1 3579 1038 3585
5908 2 2 1 1 3586 3585 1041
5909 2 2 1 1 1038 3587 3585
5910 2 2 1 1 3587 3588 3585
5911 2 2 1 1 3587 1040 3588
5912 2 2 1 1 3585 3588 1041
5913 2 2 1 1 1038 3578 3587
5914 2 2 1 1 3578 3589 3587
5915 2 2 1 1 3578 386 3589
5916 2 2 1 1 3587 3589 1040
5917 2 2 1 1 1041 3588 3591
5918 2 2 1 1 3588 3590 3591
5919 2 2 1 1 3588 1040 3590
5920 2 2 1 1 3591 3590 216
5921 2 2 1 1 187 3567 3444
5922 2 2 1 1 3567 3592 3444
5923 2 2 1 1 3567 1036 3592
5924 2 2 1 1 3444 3592 1004
5925 2 2 1 1 1036 3593 3592
5926 2 2 1 1 3593 3594 3592
5927 2 2 1 1 3593 1042 3594
5928 2 2 1 1 3592 3594 1004
5929 2 2 1 1 1036 3572 3593
5930 2 2 1 1 3572 3595 3593
5931 2 2 1 1 3572 387 3595
5932 2 2 1 1 3593 3595 1042
5933 2 2 1 1 1004 3594 3449
5934 2 2 1 1 3594 3596 3449
5935 2 2 1 1 3594 1042 3596
5936 2 2 1 1 3449 3596 378
5937 2 2 1 1 387 3597 3595
5938 2 2 1 1 3597 3598 3595
5939 2 2 1 1 3597 1043 3598
5940 2 2 1 1 3595 3598 1042
5941 2 2 1 1 1043 3599 3598
5942 2 2 1 1 3599 3600 3598
5943 2 2 1 1 3599 1044 3600
5944 2 2 1 1 3598 3600 1042
5945 2 2 1 1 1043 3601 3599
5946 2 2 1 1 3601 3602 3599
5947 2 2 1 1 3601 388 3602
5948 2 2 1 1 3599 3602 1044
5949 2 2 1 1 1042 3600 3596
5950 2 2 1 1 3600 3603 3596
5951 2 2 1 1 3600 1044 3603
5952 2 2 1 1 3596 3603 378
5953 2 2 1 1 387 3586 3597
5954 2 2 1 1 3586 3604 3597
5955 2 2 1 1 3586 1041 3604
5956 2 2 1 1 3597 3604 1043
5957 2 2 1 1 1041 3605 3604
5958 2 2 1 1 3605 3606 3604
5959 2 2 1 1 3605 1045 3606
5960 2 2 1 1 3604 3606 1043
5961 2 2 1 1 1041 3591 3605
5962 2 2 1 1 3591 3607 3605
5963 2 2 1 1 3591 216 3607
5964 2 2 1 1 3605 3607 1045
5965 2 2 1 1 1043 3606 3601
5966 2 2 1 1 3606 3608 3601
5967 2 2 1 1 3606 1045 3608
5968 2 2 1 1 3601 3608 388
5969 2 2 1 1 378 3603 3460
5970 2 2 1 1 3603 3609 3460
5971 2 2 1 1 3603 1044 3609
5972 2 2 1 1 3460 3609 1009
5973 2 2 1 1 1044 3610 3609
5974 2 2 1 1 3610 3611 3609
5975 2 2 1 1 3610 1046 3611
5976 2 2 1 1 3609 3611 1009
5977 2 2 1 1 1044 3602 3610
5978 2 2 1 1 3602 3612 3610
5979 2 2 1 1 3602 388 3612
5980 2 2 1 1 3610 3612 1046
5981 2 2 1 1 1009 3611 3464
5982 2 2 1 1 3611 3613 3464
5983 2 2 1 1 3611 1046 3613
5984 2 2 1 1 3464 3613 179
5985 2 2 1 1 190 3614 3616
5986 2 2 1 1 3614 3615 3616
5987 2 2 1 1 3614 1047 3615
5988 2 2 1 1 3616 3615 1049
5989 2 2 1 1 1047 3617 3615
5990 2 2 1 1 3617 3618 3615
5991 2 2 1 1 3617 1048 3618
5992 2 2 1 1 3615 3618 1049
5993 2 2 1 1 1047 3619 3617
5994 2 2 1 1 3619 3620 3617
5995 2 2 1 1 3619 389 3620
5996 2 2 1 1 3617 3620 1048
5997 2 2 1 1 1049 3618 3622
5998 2 2 1 1 3618 3621 3622
5999 2 2 1 1 3618 1048 3621
6000 2 2 1 1 3622 3621 390
6001 2 2 1 1 389 3623 3620
6002 2 2 1 1 3623 3624 3620
6003 2 2 1 1 3623 1050 3624
6004 2 2 1 1 3620 3624 1048
6005 2 2 1 1 1050 3625 3624
6006 2 2 1 1 3625 3626 3624
6007 2 2 1 1 3625 1051 3626
6008 2 2 1 1 3624 3626 1048
6009 2 2 1 1 1050 3627 3625
6010 2 2 1 1 3627 3628 3625
6011 2 2 1 1 3627 388 3628
6012 2 2 1 1 3625 3628 1051
6013 2 2 1 1 1048 3626 3621
6014 2 2 1 1 3626 3629 3621
6015 2 2 1 1 3626 1051 3629
6016 2 2 1 1 3621 3629 390
6017 2 2 1 1 389 3630 3623
6018 2 2 1 1 3630 3631 3623
6019 2 2 1 1 3630 1052 3631
6020 2 2 1 1 3623 3631 1050
6021 2 2 1 1 1052 3632 3631
6022 2 2 1 1 3632 3633 3631
6023 2 2 1 1 3632 1046 3633
6024 2 2 1 1 3631 3633 1050
6025 2 2 1 1 1052 3634 3632
6026 2 2 1 1 3634 3613 3632
6027 2 2 1 1 3634 179 3613
6028 2 2 1 1 3632 3613 1046
6029 2 2 1 1 1050 3633 3627
6030 2 2 1 1 3633 3612 3627
6031 2 2 1 1 3633 1046 3612
6032 2 2 1 1 3627 3612 388
6033 2 2 1 1 390 3629 3636
6034 2 2 1 1 3629 3635 3636
6035 2 2 1 1 3629 1051 3635
6036 2 2 1 1 3636 3635 1053
6037 2 2 1 1 1051 3637 3635
6038 2 2 1 1 3637 3638 3635
6039 2 2 1 1 3637 1045 3638
6040 2 2 1 1 3635 3638 1053
6041 2 2 1 1 1051 3628 3637
6042 2 2 1 1 3628 3608 3637
6043 2 2 1 1 3628 388 3608
6044 2 2 1 1 3637 3608 1045
6045 2 2 1 1 1053 3638 3639
6046 2 2 1 1 3638 3607 3639
6047 2 2 1 1 3638 1045 3607
6048 2 2 1 1 3639 3607 216
6049 2 2 1 1 190 3616 2221
6050 2 2 1 1 3616 3640 2221
6051 2 2 1 1 3616 1049 3640
6052 2 2 1 1 2221 3640 686
6053 2 2 1 1 1049 3641 3640
6054 2 2 1 1 3641 3642 3640
6055 2 2 1 1 3641 1054 3642
6056 2 2 1 1 3640 3642 686
6057 2 2 1 1 1049 3622 3641
6058 2 2 1 1 3622 3643 3641
6059 2 2 1 1 3622 390 3643
6060 2 2 1 1 3641 3643 1054
6061 2 2 1 1 686 3642 2216
6062 2 2 1 1 3642 3644 2216
6063 2 2 1 1 3642 1054 3644
6064 2 2 1 1 2216 3644 292
6065 2 2 1 1 390 3645 3643
6066 2 2 1 1 3645 3646 3643
6067 2 2 1 1 3645 1055 3646
6068 2 2 1 1 3643 3646 1054
6069 2 2 1 1 1055 3647 3646
6070 2 2 1 1 3647 3648 3646
6071 2 2 1 1 3647 1056 3648
6072 2 2 1 1 3646 3648 1054
6073 2 2 1 1 1055 3649 3647
6074 2 2 1 1 3649 3650 3647
6075 2 2 1 1 3649 386 3650
6076 2 2 1 1 3647 3650 1056
6077 2 2 1 1 1054 3648 3644
6078 2 2 1 1 3648 3651 3644
6079 2 2 1 1 3648 1056 3651
6080 2 2 1 1 3644 3651 292
6081 2 2 1 1 390 3636 3645
6082 2 2 1 1 3636 3652 3645
6083 2 2 1 1 3636 1053 3652
6084 2 2 1 1 3645 3652 1055
6085 2 2 1 1 1053 3653 3652
6086 2 2 1 1 3653 3654 3652
6087 2 2 1 1 3653 1040 3654
6088 2 2 1 1 3652 3654 1055
6089 2 2 1 1 1053 3639 3653
6090 2 2 1 1 3639 3590 3653
6091 2 2 1 1 3639 216 3590
6092 2 2 1 1 3653 3590 1040
6093 2 2 1 1 1055 3654 3649
6094 2 2 1 1 3654 3589 3649
6095 2 2 1 1 3654 1040 3589
6096 2 2 1 1 3649 3589 386
6097 2 2 1 1 292 3651 2200
6098 2 2 1 1 3651 3655 2200
6099 2 2 1 1 3651 1056 3655
6100 2 2 1 1 2200 3655 680
6101 2 2 1 1 1056 3656 3655
6102 2 2 1 1 3656 3657 3655
6103 2 2 1 1 3656 1039 3657
6104 2 2 1 1 3655 3657 680
6105 2 2 1 1 1056 3650 3656
6106 2 2 1 1 3650 3584 3656
6107 2 2 1 1 3650 386 3584
6108 2 2 1 1 3656 3584 1039
6109 2 2 1 1 680 3657 2194
6110 2 2 1 1 3657 3583 2194
6111 2 2 1 1 3657 1039 3583
6112 2 2 1 1 2194 3583 172
6113 2 2 1 1 190 2242 3659
6114 2 2 1 1 2242 3658 3659
6115 2 2 1 1 2242 692 3658
6116 2 2 1 1 3659 3658 1058
6117 2 2 1 1 692 3660 3658
6118 2 2 1 1 3660 3661 3658
6119 2 2 1 1 3660 1057 3661
6120 2 2 1 1 3658 3661 1058
6121 2 2 1 1 692 2238 3660
6122 2 2 1 1 2238 3662 3660
6123 2 2 1 1 2238 293 3662
6124 2 2 1 1 3660 3662 1057
6125 2 2 1 1 1058 3661 3664
6126 2 2 1 1 3661 3663 3664
6127 2 2 1 1 3661 1057 3663
6128 2 2 1 1 3664 3663 392
6129 2 2 1 1 293 3665 3662
6130 2 2 1 1 3665 3666 3662
6131 2 2 1 1 3665 1059 3666
6132 2 2 1 1 3662 3666 1057
6133 2 2 1 1 1059 3667 3666
6134 2 2 1 1 3667 3668 3666
6135 2 2 1 1 3667 1060 3668
6136 2 2 1 1 3666 3668 1057
6137 2 2 1 1 1059 3669 3667
6138 2 2 1 1 3669 3670 3667
6139 2 2 1 1 3669 391 3670
6140 2 2 1 1 3667 3670 1060
6141 2 2 1 1 1057 3668 3663
6142 2 2 1 1 3668 3671 3663
6143 2 2 1 1 3668 1060 3671
6144 2 2 1 1 3663 3671 392
6145 2 2 1 1 293 2227 3665
6146 2 2 1 1 2227 3672 3665
6147 2 2 1 1 2227 687 3672
6148 2 2 1 1 3665 3672 1059
6149 2 2 1 1 687 3673 3672
6150 2 2 1 1 3673 3674 3672
6151 2 2 1 1 3673 1061 3674
6152 2 2 1 1 3672 3674 1059
6153 2 2 1 1 687 2222 3673
6154 2 2 1 1 2222 3675 3673
6155 2 2 1 1 2222 165 3675
6156 2 2 1 1 3673 3675 1061
6157 2 2 1 1 1059 3674 3669
6158 2 2 1 1 3674 3676 3669
6159 2 2 1 1 3674 1061 3676
6160 2 2 1 1 3669 3676 391
6161 2 2 1 1 392 3671 3678
6162 2 2 1 1 3671 3677 3678
6163 2 2 1 1 3671 1060 3677
6164 2 2 1 1 3678 3677 1063
6165 2 2 1 1 1060 3679 3677
6166 2 2 1 1 3679 3680 3677
6167 2 2 1 1 3679 1062 3680
6168 2 2 1 1 3677 3680 1063
6169 2 2 1 1 1060 3670 3679
6170 2 2 1 1 3670 3681 3679
6171 2 2 1 1 3670 391 3681
6172 2 2 1 1 3679 3681 1062
6173 2 2 1 1 1063 3680 3683
6174 2 2 1 1 3680 3682 3683
6175 2 2 1 1 3680 1062 3682
6176 2 2 1 1 3683 3682 217
6177 2 2 1 1 190 3659 3614
6178 2 2 1 1 3659 3684 3614
6179 2 2 1 1 3659 1058 3684
6180 2 2 1 1 3614 3684 1047
6181 2 2 1 1 1058 3685 3684
6182 2 2 1 1 3685 3686 3684
6183 2 2 1 1 3685 1064 3686
6184 2 2 1 1 3684 3686 1047
6185 2 2 1 1 1058 3664 3685
6186 2 2 1 1 3664 3687 3685
6187 2 2 1 1 3664 392 3687
6188 2 2 1 1 3685 3687 1064
6189 2 2 1 1 1047 3686 3619
6190 2 2 1 1 3686 3688 3619
6191 2 2 1 1 3686 1064 3688
6192 2 2 1 1 3619 3688 389
6193 2 2 1 1 392 3689 3687
6194 2 2 1 1 3689 3690 3687
6195 2 2 1 1 3689 1065 3690
6196 2 2 1 1 3687 3690 1064
6197 2 2 1 1 1065 3691 3690
6198 2 2 1 1 3691 3692 3690
6199 2 2 1 1 3691 1066 3692
6200 2 2 1 1 3690 3692 1064
6201 2 2 1 1 1065 3693 3691
6202 2 2 1 1 3693 3694 3691
6203 2 2 1 1 3693 393 3694
6204 2 2 1 1 3691 3694 1066
6205 2 2 1 1 1064 3692 3688
6206 2 2 1 1 3692 3695 3688
6207 2 2 1 1 3692 1066 3695
6208 2 2 1 1 3688 3695 389
6209 2 2 1 1 392 3678 3689
6210 2 2 1 1 3678 3696 3689
6211 2 2 1 1 3678 1063 3696
6212 2 2 1 1 3689 3696 1065
6213 2 2 1 1 1063 3697 3696
6214 2 2 1 1 3697 3698 3696
6215 2 2 1 1 3697 1067 3698
6216 2 2 1 1 3696 3698 1065
6217 2 2 1 1 1063 3683 3697
6218 2 2 1 1 3683 3699 3697
6219 2 2 1 1 3683 217 3699
6220 2 2 1 1 3697 3699 1067
6221 2 2 1 1 1065 3698 3693
6222 2 2 1 1 3698 3700 3693
6223 2 2 1 1 3698 1067 3700
6224 2 2 1 1 3693 3700 393
6225 2 2 1 1 389 3695 3630
6226 2 2 1 1 3695 3701 3630
6227 2 2 1 1 3695 1066 3701
6228 2 2 1 1 3630 3701 1052
6229 2 2 1 1 1066 3702 3701
6230 2 2 1 1 3702 3703 3701
6231 2 2 1 1 3702 1068 3703
6232 2 2 1 1 3701 3703 1052
6233 2 2 1 1 1066 3694 3702
6234 2 2 1 1 3694 3704 3702
6235 2 2 1 1 3694 393 3704
6236 2 2 1 1 3702 3704 1068
6237 2 2 1 1 1052 3703 3634
6238 2 2 1 1 3703 3705 3634
6239 2 2 1 1 3703 1068 3705
6240 2 2 1 1 3634 3705 179
6241 2 2 1 1 192 2290 3707
6242 2 2 1 1 2290 3706 3707
6243 2 2 1 1 2290 704 3706
6244 2 2 1 1 3707 3706 1070
6245 2 2 1 1 704 3708 3706
6246 2 2 1 1 3708 3709 3706
6247 2 2 1 1 3708 1069 3709
6248 2 2 1 1 3706 3709 1070
6249 2 2 1 1 704 2286 3708
6250 2 2 1 1 2286 3710 3708
6251 2 2 1 1 2286 296 3710
6252 2 2 1 1 3708 3710 1069
6253 2 2 1 1 1070 3709 3712
6254 2 2 1 1 3709 3711 3712
6255 2 2 1 1 3709 1069 3711
6256 2 2 1 1 3712 3711 394
6257 2 2 1 1 296 3713 3710
6258 2 2 1 1 3713 3714 3710
6259 2 2 1 1 3713 1071 3714
6260 2 2 1 1 3710 3714 1069
6261 2 2 1 1 1071 3715 3714
6262 2 2 1 1 3715 3716 3714
6263 2 2 1 1 3715 1072 3716
6264 2 2 1 1 3714 3716 1069
6265 2 2 1 1 1071 3717 3715
6266 2 2 1 1 3717 3718 3715
6267 2 2 1 1 3717 393 3718
6268 2 2 1 1 3715 3718 1072
6269 2 2 1 1 1069 3716 3711
6270 2 2 1 1 3716 3719 3711
6271 2 2 1 1 3716 1072 3719
6272 2 2 1 1 3711 3719 394
6273 2 2 1 1 296 2275 3713
6274 2 2 1 1 2275 3720 3713
6275 2 2 1 1 2275 699 3720
6276 2 2 1 1 3713 3720 1071
6277 2 2 1 1 699 3721 3720
6278 2 2 1 1 3721 3722 3720
6279 2 2 1 1 3721 1068 3722
6280 2 2 1 1 3720 3722 1071
6281 2 2 1 1 699 2270 3721
6282 2 2 1 1 2270 3705 3721
6283 2 2 1 1 2270 179 3705
6284 2 2 1 1 3721 3705 1068
6285 2 2 1 1 1071 3722 3717
6286 2 2 1 1 3722 3704 3717
6287 2 2 1 1 3722 1068 3704
6288 2 2 1 1 3717 3704 393
6289 2 2 1 1 394 3719 3724
6290 2 2 1 1 3719 3723 3724
6291 2 2 1 1 3719 1072 3723
6292 2 2 1 1 3724 3723 1073
6293 2 2 1 1 1072 3725 3723
6294 2 2 1 1 3725 3726 3723
6295 2 2 1 1 3725 1067 3726
6296 2 2 1 1 3723 3726 1073
6297 2 2 1 1 1072 3718 3725
6298 2 2 1 1 3718 3700 3725
6299 2 2 1 1 3718 393 3700
6300 2 2 1 1 3725 3700 1067
6301 2 2 1 1 1073 3726 3727
6302 2 2 1 1 3726 3699 3727
6303 2 2 1 1 3726 1067 3699
6304 2 2 1 1 3727 3699 217
6305 2 2 1 1 192 3707 3729
6306 2 2 1 1 3707 3728 3729
6307 2 2 1 1 3707 1070 3728
6308 2 2 1 1 3729 3728 1075
6309 2 2 1 1 1070 3730 3728
6310 2 2 1 1 3730 3731 3728
6311 2 2 1 1 3730 1074 3731
6312 2 2 1 1 3728 3731 1075
6313 2 2 1 1 1070 3712 3730
6314 2 2 1 1 3712 3732 3730
6315 2 2 1 1 3712 394 3732
6316 2 2 1 1 3730 3732 1074
6317 2 2 1 1 1075 3731 3734
6318 2 2 1 1 3731 3733 3734
6319 2 2 1 1 3731 1074 3733
6320 2 2 1 1 3734 3733 395
6321 2 2 1 1 394 3735 3732
6322 2 2 1 1 3735 3736 3732
6323 2 2 1 1 3735 1076 3736
6324 2 2 1 1 3732 3736 1074
6325 2 2 1 1 1076 3737 3736
6326 2 2 1 1 3737 3738 3736
6327 2 2 1 1 3737 1077 3738
6328 2 2 1 1 3736 3738 1074
6329 2 2 1 1 1076 3739 3737
6330 2 2 1 1 3739 3740 3737
6331 2 2 1 1 3739 391 3740
6332 2 2 1 1 3737 3740 1077
6333 2 2 1 1 1074 3738 3733
6334 2 2 1 1 3738 3741 3733
6335 2 2 1 1 3738 1077 3741
6336 2 2 1 1 3733 3741 395
6337 2 2 1 1 394 3724 3735
6338 2 2 1 1 3724 3742 3735
6339 2 2 1 1 3724 1073 3742
6340 2 2 1 1 3735 3742 1076
6341 2 2 1 1 1073 3743 3742
6342 2 2 1 1 3743 3744 3742
6343 2 2 1 1 3743 1062 3744
6344 2 2 1 1 3742 3744 1076
6345 2 2 1 1 1073 3727 3743
6346 2 2 1 1 3727 3682 3743
6347 2 2 1 1 3727 217 3682
6348 2 2 1 1 3743 3682 1062
6349 2 2 1 1 1076 3744 3739
6350 2 2 1 1 3744 3681 3739
6351 2 2 1 1 3744 1062 3681
6352 2 2 1 1 3739 3681 391
6353 2 2 1 1 395 3741 3746
6354 2 2 1 1 3741 3745 3746
6355 2 2 1 1 3741 1077 3745
6356 2 2 1 1 3746 3745 1078
6357 2 2 1 1 1077 3747 3745
6358 2 2 1 1 3747 3748 3745
6359 2 2 1 1 3747 1061 3748
6360 2 2 1 1 3745 3748 1078
6361 2 2 1 1 1077 3740 3747
6362 2 2 1 1 3740 3676 3747
6363 2 2 1 1 3740 391 3676
6364 2 2 1 1 3747 3676 1061
6365 2 2 1 1 1078 3748 3749
6366 2 2 1 1 3748 3675 3749
6367 2 2 1 1 3748 1061 3675
6368 2 2 1 1 3749 3675 165
6369 2 2 1 1 192 3750 3752
6370 2 2 1 1 3750 3751 3752
6371 2 2 1 1 3750 1079 3751
6372 2 2 1 1 3752 3751 1081
6373 2 2 1 1 1079 3753 3751
6374 2 2 1 1 3753 3754 3751
6375 2 2 1 1 3753 1080 3754
6376 2 2 1 1 3751 3754 1081
6377 2 2 1 1 1079 3755 3753
6378 2 2 1 1 3755 3756 3753
6379 2 2 1 1 3755 396 3756
6380 2 2 1 1 3753 3756 1080
6381 2 2 1 1 1081 3754 3758
6382 2 2 1 1 3754 3757 3758
6383 2 2 1 1 3754 1080 3757
6384 2 2 1 1 3758 3757 398
6385 2 2 1 1 396 3759 3756
6386 2 2 1 1 3759 3760 3756
6387 2 2 1 1 3759 1082 3760
6388 2 2 1 1 3756 3760 1080
6389 2 2 1 1 1082 3761 3760
6390 2 2 1 1 3761 3762 3760
6391 2 2 1 1 3761 1083 3762
6392 2 2 1 1 3760 3762 1080
6393 2 2 1 1 1082 3763 3761
6394 2 2 1 1 3763 3764 3761
6395 2 2 1 1 3763 397 3764
6396 2 2 1 1 3761 3764 1083
6397 2 2 1 1 1080 3762 3757
6398 2 2 1 1 3762 3765 3757
6399 2 2 1 1 3762 1083 3765
6400 2 2 1 1 3757 3765 398
6401 2 2 1 1 396 3766 3759
6402 2 2 1 1 3766 3767 3759
6403 2 2 1 1 3766 1084 3767
6404 2 2 1 1 3759 3767 1082
6405 2 2 1 1 1084 3768 3767
6406 2 2 1 1 3768 3769 3767
6407 2 2 1 1 3768 1085 3769
6408 2 2 1 1 3767 3769 1082
6409 2 2 1 1 1084 3770 3768
6410 2 2 1 1 3770 3771 3768
6411 2 2 1 1 3770 180 3771
6412 2 2 1 1 3768 3771 1085
6413 2 2 1 1 1082 3769 3763
6414 2 2 1 1 3769 3772 3763
6415 2 2 1 1 3769 1085 3772
6416 2 2 1 1 3763 3772 397
6417 2 2 1 1 398 3765 3774
6418 2 2 1 1 3765 3773 3774
6419 2 2 1 1 3765 1083 3773
6420 2 2 1 1 3774 3773 1087
6421 2 2 1 1 1083 3775 3773
6422 2 2 1 1 3775 3776 3773
6423 2 2 1 1 3775 1086 3776
6424 2 2 1 1 3773 3776 1087
6425 2 2 1 1 1083 3764 3775
6426 2 2 1 1 3764 3777 3775
6427 2 2 1 1 3764 397 3777
6428 2 2 1 1 3775 3777 1086
6429 2 2 1 1 1087 3776 3779
6430 2 2 1 1 3776 3778 3779
6431 2 2 1 1 3776 1086 3778
6432 2 2 1 1 3779 3778 218
6433 2 2 1 1 192 3752 2291
6434 2 2 1 1 3752 3780 2291
6435 2 2 1 1 3752 1081 3780
6436 2 2 1 1 2291 3780 705
6437 2 2 1 1 1081 3781 3780
6438 2 2 1 1 3781 3782 3780
6439 2 2 1 1 3781 1088 3782
6440 2 2 1 1 3780 3782 705
6441 2 2 1 1 1081 3758 3781
6442 2 2 1 1 3758 3783 3781
6443 2 2 1 1 3758 398 3783
6444 2 2 1 1 3781 3783 1088
6445 2 2 1 1 705 3782 2292
6446 2 2 1 1 3782 3784 2292
6447 2 2 1 1 3782 1088 3784
6448 2 2 1 1 2292 3784 297
6449 2 2 1 1 398 3785 3783
6450 2 2 1 1 3785 3786 3783
6451 2 2 1 1 3785 1089 3786
6452 2 2 1 1 3783 3786 1088
6453 2 2 1 1 1089 3787 3786
6454 2 2 1 1 3787 3788 3786
6455 2 2 1 1 3787 1090 3788
6456 2 2 1 1 3786 3788 1088
6457 2 2 1 1 1089 3789 3787
6458 2 2 1 1 3789 3790 3787
6459 2 2 1 1 3789 399 3790
6460 2 2 1 1 3787 3790 1090
6461 2 2 1 1 1088 3788 3784
6462 2 2 1 1 3788 3791 3784
6463 2 2 1 1 3788 1090 3791
6464 2 2 1 1 3784 3791 297
6465 2 2 1 1 398 3774 3785
6466 2 2 1 1 3774 3792 3785
6467 2 2 1 1 3774 1087 3792
6468 2 2 1 1 3785 3792 1089
6469 2 2 1 1 1087 3793 3792
6470 2 2 1 1 3793 3794 3792
6471 2 2 1 1 3793 1091 3794
6472 2 2 1 1 3792 3794 1089
6473 2 2 1 1 1087 3779 3793
6474 2 2 1 1 3779 3795 3793
6475 2 2 1 1 3779 218 3795
6476 2 2 1 1 3793 3795 1091
6477 2 2 1 1 1089 3794 3789
6478 2 2 1 1 3794 3796 3789
6479 2 2 1 1 3794 1091 3796
6480 2 2 1 1 3789 3796 399
6481 2 2 1 1 297 3791 2297
6482 2 2 1 1 3791 3797 2297
6483 2 2 1 1 3791 1090 3797
6484 2 2 1 1 2297 3797 706
6485 2 2 1 1 1090 3798 3797
6486 2 2 1 1 3798 3799 3797
6487 2 2 1 1 3798 1092 3799
6488 2 2 1 1 3797 3799 706
6489 2 2 1 1 1090 3790 3798
6490 2 2 1 1 3790 3800 3798
6491 2 2 1 1 3790 399 3800
6492 2 2 1 1 3798 3800 1092
6493 2 2 1 1 706 3799 2298
6494 2 2 1 1 3799 3801 2298
6495 2 2 1 1 3799 1092 3801
6496 2 2 1 1 2298 3801 173
6497 2 2 1 1 180 3802 3771
6498 2 2 1 1 3802 3803 3771
6499 2 2 1 1 3802 1093 3803
6500 2 2 1 1 3771 3803 1085
6501 2 2 1 1 1093 3804 3803
6502 2 2 1 1 3804 3805 3803
6503 2 2 1 1 3804 1094 3805
6504 2 2 1 1 3803 3805 1085
6505 2 2 1 1 1093 3806 3804
6506 2 2 1 1 3806 3807 3804
6507 2 2 1 1 3806 400 3807
6508 2 2 1 1 3804 3807 1094
6509 2 2 1 1 1085 3805 3772
6510 2 2 1 1 3805 3808 3772
6511 2 2 1 1 3805 1094 3808
6512 2 2 1 1 3772 3808 397
6513 2 2 1 1 400 3809 3807
6514 2 2 1 1 3809 3810 3807
6515 2 2 1 1 3809 1095 3810
6516 2 2 1 1 3807 3810 1094
6517 2 2 1 1 1095 3811 3810
6518 2 2 1 1 3811 3812 3810
6519 2 2 1 1 3811 1096 3812
6520 2 2 1 1 3810 3812 1094
6521 2 2 1 1 1095 3813 3811
6522 2 2 1 1 3813 3814 3811
6523 2 2 1 1 3813 401 3814
6524 2 2 1 1 3811 3814 1096
6525 2 2 1 1 1094 3812 3808
6526 2 2 1 1 3812 3815 3808
6527 2 2 1 1 3812 1096 3815
6528 2 2 1 1 3808 3815 397
6529 2 2 1 1 400 3816 3809
6530 2 2 1 1 3816 3817 3809
6531 2 2 1 1 3816 1097 3817
6532 2 2 1 1 3809 3817 1095
6533 2 2 1 1 1097 3818 3817
6534 2 2 1 1 3818 3819 3817
6535 2 2 1 1 3818 1098 3819
6536 2 2 1 1 3817 3819 1095
6537 2 2 1 1 1097 3820 3818
6538 2 2 1 1 3820 3821 3818
6539 2 2 1 1 3820 219 3821
6540 2 2 1 1 3818 3821 1098
6541 2 2 1 1 1095 3819 3813
6542 2 2 1 1 3819 3822 3813
6543 2 2 1 1 3819 1098 3822
6544 2 2 1 1 3813 3822 401
6545 2 2 1 1 397 3815 3777
6546 2 2 1 1 3815 3823 3777
6547 2 2 1 1 3815 1096 3823
6548 2 2 1 1 3777 3823 1086
6549 2 2 1 1 1096 3824 3823
6550 2 2 1 1 3824 3825 3823
6551 2 2 1 1 3824 1099 3825
6552 2 2 1 1 3823 3825 1086
6553 2 2 1 1 1096 3814 3824
6554 2 2 1 1 3814 3826 3824
6555 2 2 1 1 3814 401 3826
6556 2 2 1 1 3824 3826 1099
6557 2 2 1 1 1086 3825 3778
6558 2 2 1 1 3825 3827 3778
6559 2 2 1 1 3825 1099 3827
6560 2 2 1 1 3778 3827 218
6561 2 2 1 1 173 3801 3829
6562 2 2 1 1 3801 3828 3829
6563 2 2 1 1 3801 1092 3828
6564 2 2 1 1 3829 3828 1101
6565 2 2 1 1 1092 3830 3828
6566 2 2 1 1 3830 3831 3828
6567 2 2 1 1 3830 1100 3831
6568 2 2 1 1 3828 3831 1101
6569 2 2 1 1 1092 3800 3830
6570 2 2 1 1 3800 3832 3830
6571 2 2 1 1 3800 399 3832
6572 2 2 1 1 3830 3832 1100
6573 2 2 1 1 1101 3831 3834
6574 2 2 1 1 3831 3833 3834
6575 2 2 1 1 3831 1100 3833
6576 2 2 1 1 3834 3833 402
6577 2 2 1 1 399 3835 3832
6578 2 2 1 1 3835 3836 3832
6579 2 2 1 1 3835 1102 3836
6580 2 2 1 1 3832 3836 1100
6581 2 2 1 1 1102 3837 3836
6582 2 2 1 1 3837 3838 3836
6583 2 2 1 1 3837 1103 3838
6584 2 2 1 1 3836 3838 1100
6585 2 2 1 1 1102 3839 3837
6586 2 2 1 1 3839 3840 3837
6587 2 2 1 1 3839 401 3840
6588 2 2 1 1 3837 3840 1103
6589 2 2 1 1 1100 3838 3833
6590 2 2 1 1 3838 3841 3833
6591 2 2 1 1 3838 1103 3841
6592 2 2 1 1 3833 3841 402
6593 2 2 1 1 399 3796 3835
6594 2 2 1 1 3796 3842 3835
6595 2 2 1 1 3796 1091 3842
6596 2 2 1 1 3835 3842 1102
6597 2 2 1 1 1091 3843 3842
6598 2 2 1 1 3843 3844 3842
6599 2 2 1 1 3843 1099 3844
6600 2 2 1 1 3842 3844 1102
6601 2 2 1 1 1091 3795 3843
6602 2 2 1 1 3795 3827 3843
6603 2 2 1 1 3795 218 3827
6604 2 2 1 1 3843 3827 1099
6605 2 2 1 1 1102 3844 3839
6606 2 2 1 1 3844 3826 3839
6607 2 2 1 1 3844 1099 3826
6608 2 2 1 1 3839 3826 401
6609 2 2 1 1 402 3841 3846
6610 2 2 1 1 3841 3845 3846
6611 2 2 1 1 3841 1103 3845
6612 2 2 1 1 3846 3845 1104
6613 2 2 1 1 1103 3847 3845
6614 2 2 1 1 3847 3848 3845
6615 2 2 1 1 3847 1098 3848
6616 2 2 1 1 3845 3848 1104
6617 2 2 1 1 1103 3840 3847
6618 2 2 1 1 3840 3822 3847
6619 2 2 1 1 3840 401 3822
6620 2 2 1 1 3847 3822 1098
6621 2 2 1 1 1104 3848 3849
6622 2 2 1 1 3848 3821 3849
6623 2 2 1 1 3848 1098 3821
6624 2 2 1 1 3849 3821 219
6625 2 2 1 1 180 2462 3802
6626 2 2 1 1 2462 3850 3802
6627 2 2 1 1 2462 754 3850
6628 2 2 1 1 3802 3850 1093
6629 2 2 1 1 754 3851 3850
6630 2 2 1 1 3851 3852 3850
6631 2 2 1 1 3851 1105 3852
6632 2 2 1 1 3850 3852 1093
6633 2 2 1 1 754 2468 3851
6634 2 2 1 1 2468 3853 3851
6635 2 2 1 1 2468 314 3853
6636 2 2 1 1 3851 3853 1105
6637 2 2 1 1 1093 3852 3806
6638 2 2 1 1 3852 3854 3806
6639 2 2 1 1 3852 1105 3854
6640 2 2 1 1 3806 3854 400
6641 2 2 1 1 314 3855 3853
6642 2 2 1 1 3855 3856 3853
6643 2 2 1 1 3855 1106 3856
6644 2 2 1 1 3853 3856 1105
6645 2 2 1 1 1106 3857 3856
6646 2 2 1 1 3857 3858 3856
6647 2 2 1 1 3857 1107 3858
6648 2 2 1 1 3856 3858 1105
6649 2 2 1 1 1106 3859 3857
6650 2 2 1 1 3859 3860 3857
6651 2 2 1 1 3859 403 3860
6652 2 2 1 1 3857 3860 1107
6653 2 2 1 1 1105 3858 3854
6654 2 2 1 1 3858 3861 3854
6655 2 2 1 1 3858 1107 3861
6656 2 2 1 1 3854 3861 400
6657 2 2 1 1 314 2484 3855
6658 2 2 1 1 2484 3862 3855
6659 2 2 1 1 2484 760 3862
6660 2 2 1 1 3855 3862 1106
6661 2 2 1 1 760 3863 3862
6662 2 2 1 1 3863 3864 3862
6663 2 2 1 1 3863 1108 3864
6664 2 2 1 1 3862 3864 1106
6665 2 2 1 1 760 2489 3863
6666 2 2 1 1 2489 3865 3863
6667 2 2 1 1 2489 166 3865
6668 2 2 1 1 3863 3865 1108
6669 2 2 1 1 1106 3864 3859
6670 2 2 1 1 3864 3866 3859
6671 2 2 1 1 3864 1108 3866
6672 2 2 1 1 3859 3866 403
6673 2 2 1 1 400 3861 3816
6674 2 2 1 1 3861 3867 3816
6675 2 2 1 1 3861 1107 3867
6676 2 2 1 1 3816 3867 1097
6677 2 2 1 1 1107 3868 3867
6678 2 2 1 1 3868 3869 3867
6679 2 2 1 1 3868 1109 3869
6680 2 2 1 1 3867 3869 1097
6681 2 2 1 1 1107 3860 3868
6682 2 2 1 1 3860 3870 3868
6683 2 2 1 1 3860 403 3870
6684 2 2 1 1 3868 3870 1109
6685 2 2 1 1 1097 3869 3820
6686 2 2 1 1 3869 3871 3820
6687 2 2 1 1 3869 1109 3871
6688 2 2 1 1 3820 3871 219
6689 2 2 1 1 192 3729 3873
6690 2 2 1 1 3729 3872 3873
6691 2 2 1 1 3729 1075 3872
6692 2 2 1 1 3873 3872 1111
6693 2 2 1 1 1075 3874 3872
6694 2 2 1 1 3874 3875 3872
6695 2 2 1 1 3874 1110 3875
6696 2 2 1 1 3872 3875 1111
6697 2 2 1 1 1075 3734 3874
6698 2 2 1 1 3734 3876 3874
6699 2 2 1 1 3734 395 3876
6700 2 2 1 1 3874 3876 1110
6701 2 2 1 1 1111 3875 3878
6702 2 2 1 1 3875 3877 3878
6703 2 2 1 1 3875 1110 3877
6704 2 2 1 1 3878 3877 405
6705 2 2 1 1 395 3879 3876
6706 2 2 1 1 3879 3880 3876
6707 2 2 1 1 3879 1112 3880
6708 2 2 1 1 3876 3880 1110
6709 2 2 1 1 1112 3881 3880
6710 2 2 1 1 3881 3882 3880
6711 2 2 1 1 3881 1113 3882
6712 2 2 1 1 3880 3882 1110
6713 2 2 1 1 1112 3883 3881
6714 2 2 1 1 3883 3884 3881
6715 2 2 1 1 3883 404 3884
6716 2 2 1 1 3881 3884 1113
6717 2 2 1 1 1110 3882 3877
6718 2 2 1 1 3882 3885 3877
6719 2 2 1 1 3882 1113 3885
6720 2 2 1 1 3877 3885 405
6721 2 2 1 1 395 3746 3879
6722 2 2 1 1 3746 3886 3879
6723 2 2 1 1 3746 1078 3886
6724 2 2 1 1 3879 3886 1112
6725 2 2 1 1 1078 3887 3886
6726 2 2 1 1 3887 3888 3886
6727 2 2 1 1 3887 1114 3888
6728 2 2 1 1 3886 3888 1112
6729 2 2 1 1 1078 3749 3887
6730 2 2 1 1 3749 3889 3887
6731 2 2 1 1 3749 165 3889
6732 2 2 1 1 3887 3889 1114
6733 2 2 1 1 1112 3888 3883
6734 2 2 1 1 3888 3890 3883
6735 2 2 1 1 3888 1114 3890
6736 2 2 1 1 3883 3890 404
6737 2 2 1 1 405 3885 3892
6738 2 2 1 1 3885 3891 3892
6739 2 2 1 1 3885 1113 3891
6740 2 2 1 1 3892 3891 1116
6741 2 2 1 1 1113 3893 3891
6742 2 2 1 1 3893 3894 3891
6743 2 2 1 1 3893 1115 3894
6744 2 2 1 1 3891 3894 1116
6745 2 2 1 1 1113 3884 3893
6746 2 2 1 1 3884 3895 3893
6747 2 2 1 1 3884 404 3895
6748 2 2 1 1 3893 3895 1115
6749 2 2 1 1 1116 3894 3897
6750 2 2 1 1 3894 3896 3897
6751 2 2 1 1 3894 1115 3896
6752 2 2 1 1 3897 3896 220
6753 2 2 1 1 192 3873 3750
6754 2 2 1 1 3873 3898 3750
6755 2 2 1 1 3873 1111 3898
6756 2 2 1 1 3750 3898 1079
6757 2 2 1 1 1111 3899 3898
6758 2 2 1 1 3899 3900 3898
6759 2 2 1 1 3899 1117 3900
6760 2 2 1 1 3898 3900 1079
6761 2 2 1 1 1111 3878 3899
6762 2 2 1 1 3878 3901 3899
6763 2 2 1 1 3878 405 3901
6764 2 2 1 1 3899 3901 1117
6765 2 2 1 1 1079 3900 3755
6766 2 2 1 1 3900 3902 3755
6767 2 2 1 1 3900 1117 3902
6768 2 2 1 1 3755 3902 396
6769 2 2 1 1 405 3903 3901
6770 2 2 1 1 3903 3904 3901
6771 2 2 1 1 3903 1118 3904
6772 2 2 1 1 3901 3904 1117
6773 2 2 1 1 1118 3905 3904
6774 2 2 1 1 3905 3906 3904
6775 2 2 1 1 3905 1119 3906
6776 2 2 1 1 3904 3906 1117
6777 2 2 1 1 1118 3907 3905
6778 2 2 1 1 3907 3908 3905
6779 2 2 1 1 3907 406 3908
6780 2 2 1 1 3905 3908 1119
6781 2 2 1 1 1117 3906 3902
6782 2 2 1 1 3906 3909 3902
6783 2 2 1 1 3906 1119 3909
6784 2 2 1 1 3902 3909 396
6785 2 2 1 1 405 3892 3903
6786 2 2 1 1 3892 3910 3903
6787 2 2 1 1 3892 1116 3910
6788 2 2 1 1 3903 3910 1118
6789 2 2 1 1 1116 3911 3910
6790 2 2 1 1 3911 3912 3910
6791 2 2 1 1 3911 1120 3912
6792 2 2 1 1 3910 3912 1118
6793 2 2 1 1 1116 3897 3911
6794 2 2 1 1 3897 3913 3911
6795 2 2 1 1 3897 220 3913
6796 2 2 1 1 3911 3913 1120
6797 2 2 1 1 1118 3912 3907
6798 2 2 1 1 3912 3914 3907
6799 2 2 1 1 3912 1120 3914
6800 2 2 1 1 3907 3914 406
6801 2 2 1 1 396 3909 3766
6802 2 2 1 1 3909 3915 3766
6803 2 2 1 1 3909 1119 3915
6804 2 2 1 1 3766 3915 1084
6805 2 2 1 1 1119 3916 3915
6806 2 2 1 1 3916 3917 3915
6807 2 2 1 1 3916 1121 3917
6808 2 2 1 1 3915 3917 1084
6809 2 2 1 1 1119 3908 3916
6810 2 2 1 1 3908 3918 3916
6811 2 2 1 1 3908 406 3918
6812 2 2 1 1 3916 3918 1121
6813 2 2 1 1 1084 3917 3770
6814 2 2 1 1 3917 3919 3770
6815 2 2 1 1 3917 1121 3919
6816 2 2 1 1 3770 3919 180
6817 2 2 1 1 193 3920 3922
6818 2 2 1 1 3920 3921 3922
6819 2 2 1 1 3920 1122 3921
6820 2 2 1 1 3922 3921 1124
6821 2 2 1 1 1122 3923 3921
6822 2 2 1 1 3923 3924 3921
6823 2 2 1 1 3923 1123 3924
6824 2 2 1 1 3921 3924 1124
6825 2 2 1 1 1122 3925 3923
6826 2 2 1 1 3925 3926 3923
6827 2 2 1 1 3925 407 3926
6828 2 2 1 1 3923 3926 1123
6829 2 2 1 1 1124 3924 3928
6830 2 2 1 1 3924 3927 3928
6831 2 2 1 1 3924 1123 3927
6832 2 2 1 1 3928 3927 408
6833 2 2 1 1 407 3929 3926
6834 2 2 1 1 3929 3930 3926
6835 2 2 1 1 3929 1125 3930
6836 2 2 1 1 3926 3930 1123
6837 2 2 1 1 1125 3931 3930
6838 2 2 1 1 3931 3932 3930
6839 2 2 1 1 3931 1126 3932
6840 2 2 1 1 3930 3932 1123
6841 2 2 1 1 1125 3933 3931
6842 2 2 1 1 3933 3934 3931
6843 2 2 1 1 3933 406 3934
6844 2 2 1 1 3931 3934 1126
6845 2 2 1 1 1123 3932 3927
6846 2 2 1 1 3932 3935 3927
6847 2 2 1 1 3932 1126 3935
6848 2 2 1 1 3927 3935 408
6849 2 2 1 1 407 3936 3929
6850 2 2 1 1 3936 3937 3929
6851 2 2 1 1 3936 1127 3937
6852 2 2 1 1 3929 3937 1125
6853 2 2 1 1 1127 3938 3937
6854 2 2 1 1 3938 3939 3937
6855 2 2 1 1 3938 1121 3939
6856 2 2 1 1 3937 3939 1125
6857 2 2 1 1 1127 3940 3938
6858 2 2 1 1 3940 3919 3938
6859 2 2 1 1 3940 180 3919
6860 2 2 1 1 3938 3919 1121
6861 2 2 1 1 1125 3939 3933
6862 2 2 1 1 3939 3918 3933
6863 2 2 1 1 3939 1121 3918
6864 2 2 1 1 3933 3918 406
6865 2 2 1 1 408 3935 3942
6866 2 2 1 1 3935 3941 3942
6867 2 2 1 1 3935 1126 3941
6868 2 2 1 1 3942 3941 1128
6869 2 2 1 1 1126 3943 3941
6870 2 2 1 1 3943 3944 3941
6871 2 2 1 1 3943 1120 3944
6872 2 2 1 1 3941 3944 1128
6873 2 2 1 1 1126 3934 3943
6874 2 2 1 1 3934 3914 3943
6875 2 2 1 1 3934 406 3914
6876 2 2 1 1 3943 3914 1120
6877 2 2 1 1 1128 3944 3945
6878 2 2 1 1 3944 3913 3945
6879 2 2 1 1 3944 1120 3913
6880 2 2 1 1 3945 3913 220
6881 2 2 1 1 193 3922 2329
6882 2 2 1 1 3922 3946 2329
6883 2 2 1 1 3922 1124 3946
6884 2 2 1 1 2329 3946 716
6885 2 2 1 1 1124 3947 3946
6886 2 2 1 1 3947 3948 3946
6887 2 2 1 1 3947 1129 3948
6888 2 2 1 1 3946 3948 716
6889 2 2 1 1 1124 3928 3947
6890 2 2 1 1 3928 3949 3947
6891 2 2 1 1 3928 408 3949
6892 2 2 1 1 3947 3949 1129
6893 2 2 1 1 716 3948 2324
6894 2 2 1 1 3948 3950 2324
6895 2 2 1 1 3948 1129 3950
6896 2 2 1 1 2324 3950 301
6897 2 2 1 1 408 3951 3949
6898 2 2 1 1 3951 3952 3949
6899 2 2 1 1 3951 1130 3952
6900 2 2 1 1 3949 3952 1129
6901 2 2 1 1 1130 3953 3952
6902 2 2 1 1 3953 3954 3952
6903 2 2 1 1 3953 1131 3954
6904 2 2 1 1 3952 3954 1129
6905 2 2 1 1 1130 3955 3953
6906 2 2 1 1 3955 3956 3953
6907 2 2 1 1 3955 404 3956
6908 2 2 1 1 3953 3956 1131
6909 2 2 1 1 1129 3954 3950
6910 2 2 1 1 3954 3957 3950
6911 2 2 1 1 3954 1131 3957
6912 2 2 1 1 3950 3957 301
6913 2 2 1 1 408 3942 3951
6914 2 2 1 1 3942 3958 3951
6915 2 2 1 1 3942 1128 3958
6916 2 2 1 1 3951 3958 1130
6917 2 2 1 1 1128 3959 3958
6918 2 2 1 1 3959 3960 3958
6919 2 2 1 1 3959 1115 3960
6920 2 2 1 1 3958 3960 1130
6921 2 2 1 1 1128 3945 3959
6922 2 2 1 1 3945 3896 3959
6923 2 2 1 1 3945 220 3896
6924 2 2 1 1 3959 3896 1115
6925 2 2 1 1 1130 3960 3955
6926 2 2 1 1 3960 3895 3955
6927 2 2 1 1 3960 1115 3895
6928 2 2 1 1 3955 3895 404
6929 2 2 1 1 301 3957 2308
6930 2 2 1 1 3957 3961 2308
6931 2 2 1 1 3957 1131 3961
6932 2 2 1 1 2308 3961 710
6933 2 2 1 1 1131 3962 3961
6934 2 2 1 1 3962 3963 3961
6935 2 2 1 1 3962 1114 3963
6936 2 2 1 1 3961 3963 710
6937 2 2 1 1 1131 3956 3962
6938 2 2 1 1 3956 3890 3962
6939 2 2 1 1 3956 404 3890
6940 2 2 1 1 3962 3890 1114
6941 2 2 1 1 710 3963 2302
6942 2 2 1 1 3963 3889 2302
6943 2 2 1 1 3963 1114 3889
6944 2 2 1 1 2302 3889 165
6945 2 2 1 1 193 2350 3965
6946 2 2 1 1 2350 3964 3965
6947 2 2 1 1 2350 722 3964
6948 2 2 1 1 3965 3964 1133
6949 2 2 1 1 722 3966 3964
6950 2 2 1 1 3966 3967 3964
6951 2 2 1 1 3966 1132 3967
6952 2 2 1 1 3964 3967 1133
6953 2 2 1 1 722 2346 3966
6954 2 2 1 1 2346 3968 3966
6955 2 2 1 1 2346 302 3968
6956 2 2 1 1 3966 3968 1132
6957 2 2 1 1 1133 3967 3970
6958 2 2 1 1 3967 3969 3970
6959 2 2 1 1 3967 1132 3969
6960 2 2 1 1 3970 3969 410
6961 2 2 1 1 302 3971 3968
6962 2 2 1 1 3971 3972 3968
6963 2 2 1 1 3971 1134 3972
6964 2 2 1 1 3968 3972 1132
6965 2 2 1 1 1134 3973 3972
6966 2 2 1 1 3973 3974 3972
6967 2 2 1 1 3973 1135 3974
6968 2 2 1 1 3972 3974 1132
6969 2 2 1 1 1134 3975 3973
6970 2 2 1 1 3975 3976 3973
6971 2 2 1 1 3975 409 3976
6972 2 2 1 1 3973 3976 1135
6973 2 2 1 1 1132 3974 3969
6974 2 2 1 1 3974 3977 3969
6975 2 2 1 1 3974 1135 3977
6976 2 2 1 1 3969 3977 410
6977 2 2 1 1 302 2335 3971
6978 2 2 1 1 2335 3978 3971
6979 2 2 1 1 2335 717 3978
6980 2 2 1 1 3971 3978 1134
6981 2 2 1 1 717 3979 3978
6982 2 2 1 1 3979 3980 3978
6983 2 2 1 1 3979 1136 3980
6984 2 2 1 1 3978 3980 1134
6985 2 2 1 1 717 2330 3979
6986 2 2 1 1 2330 3981 3979
6987 2 2 1 1 2330 174 3981
6988 2 2 1 1 3979 3981 1136
6989 2 2 1 1 1134 3980 3975
6990 2 2 1 1 3980 3982 3975
6991 2 2 1 1 3980 1136 3982
6992 2 2 1 1 3975 3982 409
6993 2 2 1 1 410 3977 3984
6994 2 2 1 1 3977 3983 3984
6995 2 2 1 1 3977 1135 3983
6996 2 2 1 1 3984 3983 1138
6997 2 2 1 1 1135 3985 3983
6998 2 2 1 1 3985 3986 3983
6999 2 2 1 1 3985 1137 3986
7000 2 2 1 1 3983 3986 1138
7001 2 2 1 1 1135 3976 3985
7002 2 2 1 1 3976 3987 3985
7003 2 2 1 1 3976 409 3987
7004 2 2 1 1 3985 3987 1137
7005 2 2 1 1 1138 3986 3989
7006 2 2 1 1 3986 3988 3989
7007 2 2 1 1 3986 1137 3988
7008 2 2 1 1 3989 3988 221
7009 2 2 1 1 193 3965 3920
7010 2 2 1 1 3965 3990 3920
7011 2 2 1 1 3965 1133 3990
7012 2 2 1 1 3920 3990 1122
7013 2 2 1 1 1133 3991 3990
7014 2 2 1 1 3991 3992 3990
7015 2 2 1 1 3991 1139 3992
7016 2 2 1 1 3990 3992 1122
7017 2 2 1 1 1133 3970 3991
7018 2 2 1 1 3970 3993 3991
7019 2 2 1 1 3970 410 3993
7020 2 2 1 1 3991 3993 1139
7021 2 2 1 1 1122 3992 3925
7022 2 2 1 1 3992 3994 3925
7023 2 2 1 1 3992 1139 3994
7024 2 2 1 1 3925 3994 407
7025 2 2 1 1 410 3995 3993
7026 2 2 1 1 3995 3996 3993
7027 2 2 1 1 3995 1140 3996
7028 2 2 1 1 3993 3996 1139
7029 2 2 1 1 1140 3997 3996
7030 2 2 1 1 3997 3998 3996
7031 2 2 1 1 3997 1141 3998
7032 2 2 1 1 3996 3998 1139
7033 2 2 1 1 1140 3999 3997
7034 2 2 1 1 3999 4000 3997
7035 2 2 1 1 3999 411 4000
7036 2 2 1 1 3997 4000 1141
7037 2 2 1 1 1139 3998 3994
7038 2 2 1 1 3998 4001 3994
7039 2 2 1 1 3998 1141 4001
7040 2 2 1 1 3994 4001 407
7041 2 2 1 1 410 3984 3995
7042 2 2 1 1 3984 4002 3995
7043 2 2 1 1 3984 1138 4002
7044 2 2 1 1 3995 4002 1140
7045 2 2 1 1 1138 4003 4002
7046 2 2 1 1 4003 4004 4002
7047 2 2 1 1 4003 1142 4004
7048 2 2 1 1 4002 4004 1140
7049 2 2 1 1 1138 3989 4003
7050 2 2 1 1 3989 4005 4003
7051 2 2 1 1 3989 221 4005
7052 2 2 1 1 4003 4005 1142
7053 2 2 1 1 1140 4004 3999
7054 2 2 1 1 4004 4006 3999
7055 2 2 1 1 4004 1142 4006
7056 2 2 1 1 3999 4006 411
7057 2 2 1 1 407 4001 3936
7058 2 2 1 1 4001 4007 3936
7059 2 2 1 1 4001 1141 4007
7060 2 2 1 1 3936 4007 1127
7061 2 2 1 1 1141 4008 4007
7062 2 2 1 1 4008 4009 4007
7063 2 2 1 1 4008 1143 4009
7064 2 2 1 1 4007 4009 1127
7065 2 2 1 1 1141 4000 4008
7066 2 2 1 1 4000 4010 4008
7067 2 2 1 1 4000 411 4010
7068 2 2 1 1 4008 4010 1143
7069 2 2 1 1 1127 4009 3940
7070 2 2 1 1 4009 4011 3940
7071 2 2 1 1 4009 1143 4011
7072 2 2 1 1 3940 4011 180
7073 2 2 1 1 197 2480 4013
7074 2 2 1 1 2480 4012 4013
7075 2 2 1 1 2480 757 4012
7076 2 2 1 1 4013 4012 1145
7077 2 2 1 1 757 4014 4012
7078 2 2 1 1 4014 4015 4012
7079 2 2 1 1 4014 1144 4015
7080 2 2 1 1 4012 4015 1145
7081 2 2 1 1 757 2476 4014
7082 2 2 1 1 2476 4016 4014
7083 2 2 1 1 2476 312 4016
7084 2 2 1 1 4014 4016 1144
7085 2 2 1 1 1145 4015 4018
7086 2 2 1 1 4015 4017 4018
7087 2 2 1 1 4015 1144 4017
7088 2 2 1 1 4018 4017 412
7089 2 2 1 1 312 4019 4016
7090 2 2 1 1 4019 4020 4016
7091 2 2 1 1 4019 1146 4020
7092 2 2 1 1 4016 4020 1144
7093 2 2 1 1 1146 4021 4020
7094 2 2 1 1 4021 4022 4020
7095 2 2 1 1 4021 1147 4022
7096 2 2 1 1 4020 4022 1144
7097 2 2 1 1 1146 4023 4021
7098 2 2 1 1 4023 4024 4021
7099 2 2 1 1 4023 411 4024
7100 2 2 1 1 4021 4024 1147
7101 2 2 1 1 1144 4022 4017
7102 2 2 1 1 4022 4025 4017
7103 2 2 1 1 4022 1147 4025
7104 2 2 1 1 4017 4025 412
7105 2 2 1 1 312 2465 4019
7106 2 2 1 1 2465 4026 4019
7107 2 2 1 1 2465 752 4026
7108 2 2 1 1 4019 4026 1146
7109 2 2 1 1 752 4027 4026
7110 2 2 1 1 4027 4028 4026
7111 2 2 1 1 4027 1143 4028
7112 2 2 1 1 4026 4028 1146
7113 2 2 1 1 752 2460 4027
7114 2 2 1 1 2460 4011 4027
7115 2 2 1 1 2460 180 4011
7116 2 2 1 1 4027 4011 1143
7117 2 2 1 1 1146 4028 4023
7118 2 2 1 1 4028 4010 4023
7119 2 2 1 1 4028 1143 4010
7120 2 2 1 1 4023 4010 411
7121 2 2 1 1 412 4025 4030
7122 2 2 1 1 4025 4029 4030
7123 2 2 1 1 4025 1147 4029
7124 2 2 1 1 4030 4029 1148
7125 2 2 1 1 1147 4031 4029
7126 2 2 1 1 4031 4032 4029
7127 2 2 1 1 4031 1142 4032
7128 2 2 1 1 4029 4032 1148
7129 2 2 1 1 1147 4024 4031
7130 2 2 1 1 4024 4006 4031
7131 2 2 1 1 4024 411 4006
7132 2 2 1 1 4031 4006 1142
7133 2 2 1 1 1148 4032 4033
7134 2 2 1 1 4032 4005 4033
7135 2 2 1 1 4032 1142 4005
7136 2 2 1 1 4033 4005 221
7137 2 2 1 1 197 4013 4035
7138 2 2 1 1 4013 4034 4035
7139 2 2 1 1 4013 1145 4034
7140 2 2 1 1 4035 4034 1150
7141 2 2 1 1 1145 4036 4034
7142 2 2 1 1 4036 4037 4034
7143 2 2 1 1 4036 1149 4037
7144 2 2 1 1 4034 4037 1150
7145 2 2 1 1 1145 4018 4036
7146 2 2 1 1 4018 4038 4036
7147 2 2 1 1 4018 412 4038
7148 2 2 1 1 4036 4038 1149
7149 2 2 1 1 1150 4037 4040
7150 2 2 1 1 4037 4039 4040
7151 2 2 1 1 4037 1149 4039
7152 2 2 1 1 4040 4039 413
7153 2 2 1 1 412 4041 4038
7154 2 2 1 1 4041 4042 4038
7155 2 2 1 1 4041 1151 4042
7156 2 2 1 1 4038 4042 1149
7157 2 2 1 1 1151 4043 4042
7158 2 2 1 1 4043 4044 4042
7159 2 2 1 1 4043 1152 4044
7160 2 2 1 1 4042 4044 1149
7161 2 2 1 1 1151 4045 4043
7162 2 2 1 1 4045 4046 4043
7163 2 2 1 1 4045 409 4046
7164 2 2 1 1 4043 4046 1152
7165 2 2 1 1 1149 4044 4039
7166 2 2 1 1 4044 4047 4039
7167 2 2 1 1 4044 1152 4047
7168 2 2 1 1 4039 4047 413
7169 2 2 1 1 412 4030 4041
7170 2 2 1 1 4030 4048 4041
7171 2 2 1 1 4030 1148 4048
7172 2 2 1 1 4041 4048 1151
7173 2 2 1 1 1148 4049 4048
7174 2 2 1 1 4049 4050 4048
7175 2 2 1 1 4049 1137 4050
7176 2 2 1 1 4048 4050 1151
7177 2 2 1 1 1148 4033 4049
7178 2 2 1 1 4033 3988 4049
7179 2 2 1 1 4033 221 3988
7180 2 2 1 1 4049 3988 1137
7181 2 2 1 1 1151 4050 4045
7182 2 2 1 1 4050 3987 4045
7183 2 2 1 1 4050 1137 3987
7184 2 2 1 1 4045 3987 409
7185 2 2 1 1 413 4047 4052
7186 2 2 1 1 4047 4051 4052
7187 2 2 1 1 4047 1152 4051
7188 2 2 1 1 4052 4051 1153
7189 2 2 1 1 1152 4053 4051
7190 2 2 1 1 4053 4054 4051
7191 2 2 1 1 4053 1136 4054
7192 2 2 1 1 4051 4054 1153
7193 2 2 1 1 1152 4046 4053
7194 2 2 1 1 4046 3982 4053
7195 2 2 1 1 4046 409 3982
7196 2 2 1 1 4053 3982 1136
7197 2 2 1 1 1153 4054 4055
7198 2 2 1 1 4054 3981 4055
7199 2 2 1 1 4054 1136 3981
7200 2 2 1 1 4055 3981 174
7201 2 2 1 1 195 4056 4058
7202 2 2 1 1 4056 4057 4058
7203 2 2 1 1 4056 1154 4057
7204 2 2 1 1 4058 4057 1156
7205 2 2 1 1 1154 4059 4057
7206 2 2 1 1 4059 4060 4057
7207 2 2 1 1 4059 1155 4060
7208 2 2 1 1 4057 4060 1156
7209 2 2 1 1 1154 4061 4059
7210 2 2 1 1 4061 4062 4059
7211 2 2 1 1 4061 414 4062
7212 2 2 1 1 4059 4062 1155
7213 2 2 1 1 1156 4060 4064
7214 2 2 1 1 4060 4063 4064
7215 2 2 1 1 4060 1155 4063
7216 2 2 1 1 4064 4063 416
7217 2 2 1 1 414 4065 4062
7218 2 2 1 1 4065 4066 4062
7219 2 2 1 1 4065 1157 4066
7220 2 2 1 1 4062 4066 1155
7221 2 2 1 1 1157 4067 4066
7222 2 2 1 1 4067 4068 4066
7223 2 2 1 1 4067 1158 4068
7224 2 2 1 1 4066 4068 1155
7225 2 2 1 1 1157 4069 4067
7226 2 2 1 1 4069 4070 4067
7227 2 2 1 1 4069 415 4070
7228 2 2 1 1 4067 4070 1158
7229 2 2 1 1 1155 4068 4063
7230 2 2 1 1 4068 4071 4063
7231 2 2 1 1 4068 1158 4071
7232 2 2 1 1 4063 4071 416
7233 2 2 1 1 414 4072 4065
7234 2 2 1 1 4072 4073 4065
7235 2 2 1 1 4072 1159 4073
7236 2 2 1 1 4065 4073 1157
7237 2 2 1 1 1159 4074 4073
7238 2 2 1 1 4074 4075 4073
7239 2 2 1 1 4074 1160 4075
7240 2 2 1 1 4073 4075 1157
7241 2 2 1 1 1159 4076 4074
7242 2 2 1 1 4076 4077 4074
7243 2 2 1 1 4076 181 4077
7244 2 2 1 1 4074 4077 1160
7245 2 2 1 1 1157 4075 4069
7246 2 2 1 1 4075 4078 4069
7247 2 2 1 1 4075 1160 4078
7248 2 2 1 1 4069 4078 415
7249 2 2 1 1 416 4071 4080
7250 2 2 1 1 4071 4079 4080
7251 2 2 1 1 4071 1158 4079
7252 2 2 1 1 4080 4079 1162
7253 2 2 1 1 1158 4081 4079
7254 2 2 1 1 4081 4082 4079
7255 2 2 1 1 4081 1161 4082
7256 2 2 1 1 4079 4082 1162
7257 2 2 1 1 1158 4070 4081
7258 2 2 1 1 4070 4083 4081
7259 2 2 1 1 4070 415 4083
7260 2 2 1 1 4081 4083 1161
7261 2 2 1 1 1162 4082 4085
7262 2 2 1 1 4082 4084 4085
7263 2 2 1 1 4082 1161 4084
7264 2 2 1 1 4085 4084 222
7265 2 2 1 1 195 4058 2411
7266 2 2 1 1 4058 4086 2411
7267 2 2 1 1 4058 1156 4086
7268 2 2 1 1 2411 4086 739
7269 2 2 1 1 1156 4087 4086
7270 2 2 1 1 4087 4088 4086
7271 2 2 1 1 4087 1163 4088
7272 2 2 1 1 4086 4088 739
7273 2 2 1 1 1156 4064 4087
7274 2 2 1 1 4064 4089 4087
7275 2 2 1 1 4064 416 4089
7276 2 2 1 1 4087 4089 1163
7277 2 2 1 1 739 4088 2406
7278 2 2 1 1 4088 4090 2406
7279 2 2 1 1 4088 1163 4090
7280 2 2 1 1 2406 4090 308
7281 2 2 1 1 416 4091 4089
7282 2 2 1 1 4091 4092 4089
7283 2 2 1 1 4091 1164 4092
7284 2 2 1 1 4089 4092 1163
7285 2 2 1 1 1164 4093 4092
7286 2 2 1 1 4093 4094 4092
7287 2 2 1 1 4093 1165 4094
7288 2 2 1 1 4092 4094 1163
7289 2 2 1 1 1164 4095 4093
7290 2 2 1 1 4095 4096 4093
7291 2 2 1 1 4095 417 4096
7292 2 2 1 1 4093 4096 1165
7293 2 2 1 1 1163 4094 4090
7294 2 2 1 1 4094 4097 4090
7295 2 2 1 1 4094 1165 4097
7296 2 2 1 1 4090 4097 308
7297 2 2 1 1 416 4080 4091
7298 2 2 1 1 4080 4098 4091
7299 2 2 1 1 4080 1162 4098
7300 2 2 1 1 4091 4098 1164
7301 2 2 1 1 1162 4099 4098
7302 2 2 1 1 4099 4100 4098
7303 2 2 1 1 4099 1166 4100
7304 2 2 1 1 4098 4100 1164
7305 2 2 1 1 1162 4085 4099
7306 2 2 1 1 4085 4101 4099
7307 2 2 1 1 4085 222 4101
7308 2 2 1 1 4099 4101 1166
7309 2 2 1 1 1164 4100 4095
7310 2 2 1 1 4100 4102 4095
7311 2 2 1 1 4100 1166 4102
7312 2 2 1 1 4095 4102 417
7313 2 2 1 1 308 4097 2390
7314 2 2 1 1 4097 4103 2390
7315 2 2 1 1 4097 1165 4103
7316 2 2 1 1 2390 4103 733
7317 2 2 1 1 1165 4104 4103
7318 2 2 1 1 4104 4105 4103
7319 2 2 1 1 4104 1167 4105
7320 2 2 1 1 4103 4105 733
7321 2 2 1 1 1165 4096 4104
7322 2 2 1 1 4096 4106 4104
7323 2 2 1 1 4096 417 4106
7324 2 2 1 1 4104 4106 1167
7325 2 2 1 1 733 4105 2384
7326 2 2 1 1 4105 4107 2384
7327 2 2 1 1 4105 1167 4107
7328 2 2 1 1 2384 4107 174
7329 2 2 1 1 197 4035 4109
7330 2 2 1 1 4035 4108 4109
7331 2 2 1 1 4035 1150 4108
7332 2 2 1 1 4109 4108 1169
7333 2 2 1 1 1150 4110 4108
7334 2 2 1 1 4110 4111 4108
7335 2 2 1 1 4110 1168 4111
7336 2 2 1 1 4108 4111 1169
7337 2 2 1 1 1150 4040 4110
7338 2 2 1 1 4040 4112 4110
7339 2 2 1 1 4040 413 4112
7340 2 2 1 1 4110 4112 1168
7341 2 2 1 1 1169 4111 4114
7342 2 2 1 1 4111 4113 4114
7343 2 2 1 1 4111 1168 4113
7344 2 2 1 1 4114 4113 418
7345 2 2 1 1 413 4115 4112
7346 2 2 1 1 4115 4116 4112
7347 2 2 1 1 4115 1170 4116
7348 2 2 1 1 4112 4116 1168
7349 2 2 1 1 1170 4117 4116
7350 2 2 1 1 4117 4118 4116
7351 2 2 1 1 4117 1171 4118
7352 2 2 1 1 4116 4118 1168
7353 2 2 1 1 1170 4119 4117
7354 2 2 1 1 4119 4120 4117
7355 2 2 1 1 4119 417 4120
7356 2 2 1 1 4117 4120 1171
7357 2 2 1 1 1168 4118 4113
7358 2 2 1 1 4118 4121 4113
7359 2 2 1 1 4118 1171 4121
7360 2 2 1 1 4113 4121 418
7361 2 2 1 1 413 4052 4115
7362 2 2 1 1 4052 4122 4115
7363 2 2 1 1 4052 1153 4122
7364 2 2 1 1 4115 4122 1170
7365 2 2 1 1 1153 4123 4122
7366 2 2 1 1 4123 4124 4122
7367 2 2 1 1 4123 1167 4124
7368 2 2 1 1 4122 4124 1170
7369 2 2 1 1 1153 4055 4123
7370 2 2 1 1 4055 4107 4123
7371 2 2 1 1 4055 174 4107
7372 2 2 1 1 4123 4107 1167
7373 2 2 1 1 1170 4124 4119
7374 2 2 1 1 4124 4106 4119
7375 2 2 1 1 4124 1167 4106
7376 2 2 1 1 4119 4106 417
7377 2 2 1 1 418 4121 4126
7378 2 2 1 1 4121 4125 4126
7379 2 2 1 1 4121 1171 4125
7380 2 2 1 1 4126 4125 1172
7381 2 2 1 1 1171 4127 4125
7382 2 2 1 1 4127 4128 4125
7383 2 2 1 1 4127 1166 4128
7384 2 2 1 1 4125 4128 1172
7385 2 2 1 1 1171 4120 4127
7386 2 2 1 1 4120 4102 4127
7387 2 2 1 1 4120 417 4102
7388 2 2 1 1 4127 4102 1166
7389 2 2 1 1 1172 4128 4129
7390 2 2 1 1 4128 4101 4129
7391 2 2 1 1 4128 1166 4101
7392 2 2 1 1 4129 4101 222
7393 2 2 1 1 197 4109 4131
7394 2 2 1 1 4109 4130 4131
7395 2 2 1 1 4109 1169 4130
7396 2 2 1 1 4131 4130 1174
7397 2 2 1 1 1169 4132 4130
7398 2 2 1 1 4132 4133 4130
7399 2 2 1 1 4132 1173 4133
7400 2 2 1 1 4130 4133 1174
7401 2 2 1 1 1169 4114 4132
7402 2 2 1 1 4114 4134 4132
7403 2 2 1 1 4114 418 4134
7404 2 2 1 1 4132 4134 1173
7405 2 2 1 1 1174 4133 4136
7406 2 2 1 1 4133 4135 4136
7407 2 2 1 1 4133 1173 4135
7408 2 2 1 1 4136 4135 419
7409 2 2 1 1 418 4137 4134
7410 2 2 1 1 4137 4138 4134
7411 2 2 1 1 4137 1175 4138
7412 2 2 1 1 4134 4138 1173
7413 2 2 1 1 1175 4139 4138
7414 2 2 1 1 4139 4140 4138
7415 2 2 1 1 4139 1176 4140
7416 2 2 1 1 4138 4140 1173
7417 2 2 1 1 1175 4141 4139
7418 2 2 1 1 4141 4142 4139
7419 2 2 1 1 4141 415 4142
7420 2 2 1 1 4139 4142 1176
7421 2 2 1 1 1173 4140 4135
7422 2 2 1 1 4140 4143 4135
7423 2 2 1 1 4140 1176 4143
7424 2 2 1 1 4135 4143 419
7425 2 2 1 1 418 4126 4137
7426 2 2 1 1 4126 4144 4137
7427 2 2 1 1 4126 1172 4144
7428 2 2 1 1 4137 4144 1175
7429 2 2 1 1 1172 4145 4144
7430 2 2 1 1 4145 4146 4144
7431 2 2 1 1 4145 1161 4146
7432 2 2 1 1 4144 4146 1175
7433 2 2 1 1 1172 4129 4145
7434 2 2 1 1 4129 4084 4145
7435 2 2 1 1 4129 222 4084
7436 2 2 1 1 4145 4084 1161
7437 2 2 1 1 1175 4146 4141
7438 2 2 1 1 4146 4083 4141
7439 2 2 1 1 4146 1161 4083
7440 2 2 1 1 4141 4083 415
7441 2 2 1 1 419 4143 4148
7442 2 2 1 1 4143 4147 4148
7443 2 2 1 1 4143 1176 4147
7444 2 2 1 1 4148 4147 1177
7445 2 2 1 1 1176 4149 4147
7446 2 2 1 1 4149 4150 4147
7447 2 2 1 1 4149 1160 4150
7448 2 2 1 1 4147 4150 1177
7449 2 2 1 1 1176 4142 4149
7450 2 2 1 1 4142 4078 4149
7451 2 2 1 1 4142 415 4078
7452 2 2 1 1 4149 4078 1160
7453 2 2 1 1 1177 4150 4151
7454 2 2 1 1 4150 4077 4151
7455 2 2 1 1 4150 1160 4077
7456 2 2 1 1 4151 4077 181
7457 2 2 1 1 195 2432 4153
7458 2 2 1 1 2432 4152 4153
7459 2 2 1 1 2432 745 4152
7460 2 2 1 1 4153 4152 1179
7461 2 2 1 1 745 4154 4152
7462 2 2 1 1 4154 4155 4152
7463 2 2 1 1 4154 1178 4155
7464 2 2 1 1 4152 4155 1179
7465 2 2 1 1 745 2428 4154
7466 2 2 1 1 2428 4156 4154
7467 2 2 1 1 2428 309 4156
7468 2 2 1 1 4154 4156 1178
7469 2 2 1 1 1179 4155 4158
7470 2 2 1 1 4155 4157 4158
7471 2 2 1 1 4155 1178 4157
7472 2 2 1 1 4158 4157 421
7473 2 2 1 1 309 4159 4156
7474 2 2 1 1 4159 4160 4156
7475 2 2 1 1 4159 1180 4160
7476 2 2 1 1 4156 4160 1178
7477 2 2 1 1 1180 4161 4160
7478 2 2 1 1 4161 4162 4160
7479 2 2 1 1 4161 1181 4162
7480 2 2 1 1 4160 4162 1178
7481 2 2 1 1 1180 4163 4161
7482 2 2 1 1 4163 4164 4161
7483 2 2 1 1 4163 420 4164
7484 2 2 1 1 4161 4164 1181
7485 2 2 1 1 1178 4162 4157
7486 2 2 1 1 4162 4165 4157
7487 2 2 1 1 4162 1181 4165
7488 2 2 1 1 4157 4165 421
7489 2 2 1 1 309 2417 4159
7490 2 2 1 1 2417 4166 4159
7491 2 2 1 1 2417 740 4166
7492 2 2 1 1 4159 4166 1180
7493 2 2 1 1 740 4167 4166
7494 2 2 1 1 4167 4168 4166
7495 2 2 1 1 4167 1182 4168
7496 2 2 1 1 4166 4168 1180
7497 2 2 1 1 740 2412 4167
7498 2 2 1 1 2412 4169 4167
7499 2 2 1 1 2412 169 4169
7500 2 2 1 1 4167 4169 1182
7501 2 2 1 1 1180 4168 4163
7502 2 2 1 1 4168 4170 4163
7503 2 2 1 1 4168 1182 4170
7504 2 2 1 1 4163 4170 420
7505 2 2 1 1 421 4165 4172
7506 2 2 1 1 4165 4171 4172
7507 2 2 1 1 4165 1181 4171
7508 2 2 1 1 4172 4171 1184
7509 2 2 1 1 1181 4173 4171
7510 2 2 1 1 4173 4174 4171
7511 2 2 1 1 4173 1183 4174
7512 2 2 1 1 4171 4174 1184
7513 2 2 1 1 1181 4164 4173
7514 2 2 1 1 4164 4175 4173
7515 2 2 1 1 4164 420 4175
7516 2 2 1 1 4173 4175 1183
7517 2 2 1 1 1184 4174 4177
7518 2 2 1 1 4174 4176 4177
7519 2 2 1 1 4174 1183 4176
7520 2 2 1 1 4177 4176 223
7521 2 2 1 1 195 4153 4056
7522 2 2 1 1 4153 4178 4056
7523 2 2 1 1 4153 1179 4178
7524 2 2 1 1 4056 4178 1154
7525 2 2 1 1 1179 4179 4178
7526 2 2 1 1 4179 4180 4178
7527 2 2 1 1 4179 1185 4180
7528 2 2 1 1 4178 4180 1154
7529 2 2 1 1 1179 4158 4179
7530 2 2 1 1 4158 4181 4179
7531 2 2 1 1 4158 421 4181
7532 2 2 1 1 4179 4181 1185
7533 2 2 1 1 1154 4180 4061
7534 2 2 1 1 4180 4182 4061
7535 2 2 1 1 4180 1185 4182
7536 2 2 1 1 4061 4182 414
7537 2 2 1 1 421 4183 4181
7538 2 2 1 1 4183 4184 4181
7539 2 2 1 1 4183 1186 4184
7540 2 2 1 1 4181 4184 1185
7541 2 2 1 1 1186 4185 4184
7542 2 2 1 1 4185 4186 4184
7543 2 2 1 1 4185 1187 4186
7544 2 2 1 1 4184 4186 1185
7545 2 2 1 1 1186 4187 4185
7546 2 2 1 1 4187 4188 4185
7547 2 2 1 1 4187 422 4188
7548 2 2 1 1 4185 4188 1187
7549 2 2 1 1 1185 4186 4182
7550 2 2 1 1 4186 4189 4182
7551 2 2 1 1 4186 1187 4189
7552 2 2 1 1 4182 4189 414
7553 2 2 1 1 421 4172 4183
7554 2 2 1 1 4172 4190 4183
7555 2 2 1 1 4172 1184 4190
7556 2 2 1 1 4183 4190 1186
7557 2 2 1 1 1184 4191 4190
7558 2 2 1 1 4191 4192 4190
7559 2 2 1 1 4191 1188 4192
7560 2 2 1 1 4190 4192 1186
7561 2 2 1 1 1184 4177 4191
7562 2 2 1 1 4177 4193 4191
7563 2 2 1 1 4177 223 4193
7564 2 2 1 1 4191 4193 1188
7565 2 2 1 1 1186 4192 4187
7566 2 2 1 1 4192 4194 4187
7567 2 2 1 1 4192 1188 4194
7568 2 2 1 1 4187 4194 422
7569 2 2 1 1 414 4189 4072
7570 2 2 1 1 4189 4195 4072
7571 2 2 1 1 4189 1187 4195
7572 2 2 1 1 4072 4195 1159
7573 2 2 1 1 1187 4196 4195
7574 2 2 1 1 4196 4197 4195
7575 2 2 1 1 4196 1189 4197
7576 2 2 1 1 4195 4197 1159
7577 2 2 1 1 1187 4188 4196
7578 2 2 1 1 4188 4198 4196
7579 2 2 1 1 4188 422 4198
7580 2 2 1 1 4196 4198 1189
7581 2 2 1 1 1159 4197 4076
7582 2 2 1 1 4197 4199 4076
7583 2 2 1 1 4197 1189 4199
7584 2 2 1 1 4076 4199 181
7585 2 2 1 1 198 2510 4201
7586 2 2 1 1 2510 4200 4201
7587 2 2 1 1 2510 766 4200
7588 2 2 1 1 4201 4200 1191
7589 2 2 1 1 766 4202 4200
7590 2 2 1 1 4202 4203 4200
7591 2 2 1 1 4202 1190 4203
7592 2 2 1 1 4200 4203 1191
7593 2 2 1 1 766 2506 4202
7594 2 2 1 1 2506 4204 4202
7595 2 2 1 1 2506 315 4204
7596 2 2 1 1 4202 4204 1190
7597 2 2 1 1 1191 4203 4206
7598 2 2 1 1 4203 4205 4206
7599 2 2 1 1 4203 1190 4205
7600 2 2 1 1 4206 4205 423
7601 2 2 1 1 315 4207 4204
7602 2 2 1 1 4207 4208 4204
7603 2 2 1 1 4207 1192 4208
7604 2 2 1 1 4204 4208 1190
7605 2 2 1 1 1192 4209 4208
7606 2 2 1 1 4209 4210 4208
7607 2 2 1 1 4209 1193 4210
7608 2 2 1 1 4208 4210 1190
7609 2 2 1 1 1192 4211 4209
7610 2 2 1 1 4211 4212 4209
7611 2 2 1 1 4211 422 4212
7612 2 2 1 1 4209 4212 1193
7613 2 2 1 1 1190 4210 4205
7614 2 2 1 1 4210 4213 4205
7615 2 2 1 1 4210 1193 4213
7616 2 2 1 1 4205 4213 423
7617 2 2 1 1 315 2495 4207
7618 2 2 1 1 2495 4214 4207
7619 2 2 1 1 2495 761 4214
7620 2 2 1 1 4207 4214 1192
7621 2 2 1 1 761 4215 4214
7622 2 2 1 1 4215 4216 4214
7623 2 2 1 1 4215 1189 4216
7624 2 2 1 1 4214 4216 1192
7625 2 2 1 1 761 2490 4215
7626 2 2 1 1 2490 4199 4215
7627 2 2 1 1 2490 181 4199
7628 2 2 1 1 4215 4199 1189
7629 2 2 1 1 1192 4216 4211
7630 2 2 1 1 4216 4198 4211
7631 2 2 1 1 4216 1189 4198
7632 2 2 1 1 4211 4198 422
7633 2 2 1 1 423 4213 4218
7634 2 2 1 1 4213 4217 4218
7635 2 2 1 1 4213 1193 4217
7636 2 2 1 1 4218 4217 1194
7637 2 2 1 1 1193 4219 4217
7638 2 2 1 1 4219 4220 4217
7639 2 2 1 1 4219 1188 4220
7640 2 2 1 1 4217 4220 1194
7641 2 2 1 1 1193 4212 4219
7642 2 2 1 1 4212 4194 4219
7643 2 2 1 1 4212 422 4194
7644 2 2 1 1 4219 4194 1188
7645 2 2 1 1 1194 4220 4221
7646 2 2 1 1 4220 4193 4221
7647 2 2 1 1 4220 1188 4193
7648 2 2 1 1 4221 4193 223
7649 2 2 1 1 198 4201 4223
7650 2 2 1 1 4201 4222 4223
7651 2 2 1 1 4201 1191 4222
7652 2 2 1 1 4223 4222 1196
7653 2 2 1 1 1191 4224 4222
7654 2 2 1 1 4224 4225 4222
7655 2 2 1 1 4224 1195 4225
7656 2 2 1 1 4222 4225 1196
7657 2 2 1 1 1191 4206 4224
7658 2 2 1 1 4206 4226 4224
7659 2 2 1 1 4206 423 4226
7660 2 2 1 1 4224 4226 1195
7661 2 2 1 1 1196 4225 4228
7662 2 2 1 1 4225 4227 4228
7663 2 2 1 1 4225 1195 4227
7664 2 2 1 1 4228 4227 424
7665 2 2 1 1 423 4229 4226
7666 2 2 1 1 4229 4230 4226
7667 2 2 1 1 4229 1197 4230
7668 2 2 1 1 4226 4230 1195
7669 2 2 1 1 1197 4231 4230
7670 2 2 1 1 4231 4232 4230
7671 2 2 1 1 4231 1198 4232
7672 2 2 1 1 4230 4232 1195
7673 2 2 1 1 1197 4233 4231
7674 2 2 1 1 4233 4234 4231
7675 2 2 1 1 4233 420 4234
7676 2 2 1 1 4231 4234 1198
7677 2 2 1 1 1195 4232 4227
7678 2 2 1 1 4232 4235 4227
7679 2 2 1 1 4232 1198 4235
7680 2 2 1 1 4227 4235 424
7681 2 2 1 1 423 4218 4229
7682 2 2 1 1 4218 4236 4229
7683 2 2 1 1 4218 1194 4236
7684 2 2 1 1 4229 4236 1197
7685 2 2 1 1 1194 4237 4236
7686 2 2 1 1 4237 4238 4236
7687 2 2 1 1 4237 1183 4238
7688 2 2 1 1 4236 4238 1197
7689 2 2 1 1 1194 4221 4237
7690 2 2 1 1 4221 4176 4237
7691 2 2 1 1 4221 223 4176
7692 2 2 1 1 4237 4176 1183
7693 2 2 1 1 1197 4238 4233
7694 2 2 1 1 4238 4175 4233
7695 2 2 1 1 4238 1183 4175
7696 2 2 1 1 4233 4175 420
7697 2 2 1 1 424 4235 4240
7698 2 2 1 1 4235 4239 4240
7699 2 2 1 1 4235 1198 4239
7700 2 2 1 1 4240 4239 1199
7701 2 2 1 1 1198 4241 4239
7702 2 2 1 1 4241 4242 4239
7703 2 2 1 1 4241 1182 4242
7704 2 2 1 1 4239 4242 1199
7705 2 2 1 1 1198 4234 4241
7706 2 2 1 1 4234 4170 4241
7707 2 2 1 1 4234 420 4170
7708 2 2 1 1 4241 4170 1182
7709 2 2 1 1 1199 4242 4243
7710 2 2 1 1 4242 4169 4243
7711 2 2 1 1 4242 1182 4169
7712 2 2 1 1 4243 4169 169
7713 2 2 1 1 197 4131 4245
7714 2 2 1 1 4131 4244 4245
7715 2 2 1 1 4131 1174 4244
7716 2 2 1 1 4245 4244 1201
7717 2 2 1 1 1174 4246 4244
7718 2 2 1 1 4246 4247 4244
7719 2 2 1 1 4246 1200 4247
7720 2 2 1 1 4244 4247 1201
7721 2 2 1 1 1174 4136 4246
7722 2 2 1 1 4136 4248 4246
7723 2 2 1 1 4136 419 4248
7724 2 2 1 1 4246 4248 1200
7725 2 2 1 1 1201 4247 4250
7726 2 2 1 1 4247 4249 4250
7727 2 2 1 1 4247 1200 4249
7728 2 2 1 1 4250 4249 426
7729 2 2 1 1 419 4251 4248
7730 2 2 1 1 4251 4252 4248
7731 2 2 1 1 4251 1202 4252
7732 2 2 1 1 4248 4252 1200
7733 2 2 1 1 1202 4253 4252
7734 2 2 1 1 4253 4254 4252
7735 2 2 1 1 4253 1203 4254
7736 2 2 1 1 4252 4254 1200
7737 2 2 1 1 1202 4255 4253
7738 2 2 1 1 4255 4256 4253
7739 2 2 1 1 4255 425 4256
7740 2 2 1 1 4253 4256 1203
7741 2 2 1 1 1200 4254 4249
7742 2 2 1 1 4254 4257 4249
7743 2 2 1 1 4254 1203 4257
7744 2 2 1 1 4249 4257 426
7745 2 2 1 1 419 4148 4251
7746 2 2 1 1 4148 4258 4251
7747 2 2 1 1 4148 1177 4258
7748 2 2 1 1 4251 4258 1202
7749 2 2 1 1 1177 4259 4258
7750 2 2 1 1 4259 4260 4258
7751 2 2 1 1 4259 1204 4260
7752 2 2 1 1 4258 4260 1202
7753 2 2 1 1 1177 4151 4259
7754 2 2 1 1 4151 4261 4259
7755 2 2 1 1 4151 181 4261
7756 2 2 1 1 4259 4261 1204
7757 2 2 1 1 1202 4260 4255
7758 2 2 1 1 4260 4262 4255
7759 2 2 1 1 4260 1204 4262
7760 2 2 1 1 4255 4262 425
7761 2 2 1 1 426 4257 4264
7762 2 2 1 1 4257 4263 4264
7763 2 2 1 1 4257 1203 4263
7764 2 2 1 1 4264 4263 1206
7765 2 2 1 1 1203 4265 4263
7766 2 2 1 1 4265 4266 4263
7767 2 2 1 1 4265 1205 4266
7768 2 2 1 1 4263 4266 1206
7769 2 2 1 1 1203 4256 4265
7770 2 2 1 1 4256 4267 4265
7771 2 2 1 1 4256 425 4267
7772 2 2 1 1 4265 4267 1205
7773 2 2 1 1 1206 4266 4269
7774 2 2 1 1 4266 4268 4269
7775 2 2 1 1 4266 1205 4268
7776 2 2 1 1 4269 4268 224
7777 2 2 1 1 197 4245 2481
7778 2 2 1 1 4245 4270 2481
7779 2 2 1 1 4245 1201 4270
7780 2 2 1 1 2481 4270 758
7781 2 2 1 1 1201 4271 4270
7782 2 2 1 1 4271 4272 4270
7783 2 2 1 1 4271 1207 4272
7784 2 2 1 1 4270 4272 758
7785 2 2 1 1 1201 4250 4271
7786 2 2 1 1 4250 4273 4271
7787 2 2 1 1 4250 426 4273
7788 2 2 1 1 4271 4273 1207
7789 2 2 1 1 758 4272 2482
7790 2 2 1 1 4272 4274 2482
7791 2 2 1 1 4272 1207 4274
7792 2 2 1 1 2482 4274 313
7793 2 2 1 1 426 4275 4273
7794 2 2 1 1 4275 4276 4273
7795 2 2 1 1 4275 1208 4276
7796 2 2 1 1 4273 4276 1207
7797 2 2 1 1 1208 4277 4276
7798 2 2 1 1 4277 4278 4276
7799 2 2 1 1 4277 1209 4278
7800 2 2 1 1 4276 4278 1207
7801 2 2 1 1 1208 4279 4277
7802 2 2 1 1 4279 4280 4277
7803 2 2 1 1 4279 427 4280
7804 2 2 1 1 4277 4280 1209
7805 2 2 1 1 1207 4278 4274
7806 2 2 1 1 4278 4281 4274
7807 2 2 1 1 4278 1209 4281
7808 2 2 1 1 4274 4281 313
7809 2 2 1 1 426 4264 4275
7810 2 2 1 1 4264 4282 4275
7811 2 2 1 1 4264 1206 4282
7812 2 2 1 1 4275 4282 1208
7813 2 2 1 1 1206 4283 4282
7814 2 2 1 1 4283 4284 4282
7815 2 2 1 1 4283 1210 4284
7816 2 2 1 1 4282 4284 1208
7817 2 2 1 1 1206 4269 4283
7818 2 2 1 1 4269 4285 4283
7819 2 2 1 1 4269 224 4285
7820 2 2 1 1 4283 4285 1210
7821 2 2 1 1 1208 4284 4279
7822 2 2 1 1 4284 4286 4279
7823 2 2 1 1 4284 1210 4286
7824 2 2 1 1 4279 4286 427
7825 2 2 1 1 313 4281 2487
7826 2 2 1 1 4281 4287 2487
7827 2 2 1 1 4281 1209 4287
7828 2 2 1 1 2487 4287 759
7829 2 2 1 1 1209 4288 4287
7830 2 2 1 1 4288 4289 4287
7831 2 2 1 1 4288 1211 4289
7832 2 2 1 1 4287 4289 759
7833 2 2 1 1 1209 4280 4288
7834 2 2 1 1 4280 4290 4288
7835 2 2 1 1 4280 427 4290
7836 2 2 1 1 4288 4290 1211
7837 2 2 1 1 759 4289 2488
7838 2 2 1 1 4289 4291 2488
7839 2 2 1 1 4289 1211 4291
7840 2 2 1 1 2488 4291 166
7841 2 2 1 1 181 4292 4261
7842 2 2 1 1 4292 4293 4261
7843 2 2 1 1 4292 1212 4293
7844 2 2 1 1 4261 4293 1204
7845 2 2 1 1 1212 4294 4293
7846 2 2 1 1 4294 4295 4293
7847 2 2 1 1 4294 1213 4295
7848 2 2 1 1 4293 4295 1204
7849 2 2 1 1 1212 4296 4294
7850 2 2 1 1 4296 4297 4294
7851 2 2 1 1 4296 428 4297
7852 2 2 1 1 4294 4297 1213
7853 2 2 1 1 1204 4295 4262
7854 2 2 1 1 4295 4298 4262
7855 2 2 1 1 4295 1213 4298
7856 2 2 1 1 4262 4298 425
7857 2 2 1 1 428 4299 4297
7858 2 2 1 1 4299 4300 4297
7859 2 2 1 1 4299 1214 4300
7860 2 2 1 1 4297 4300 1213
7861 2 2 1 1 1214 4301 4300
7862 2 2 1 1 4301 4302 4300
7863 2 2 1 1 4301 1215 4302
7864 2 2 1 1 4300 4302 1213
7865 2 2 1 1 1214 4303 4301
7866 2 2 1 1 4303 4304 4301
7867 2 2 1 1 4303 429 4304
7868 2 2 1 1 4301 4304 1215
7869 2 2 1 1 1213 4302 4298
7870 2 2 1 1 4302 4305 4298
7871 2 2 1 1 4302 1215 4305
7872 2 2 1 1 4298 4305 425
7873 2 2 1 1 428 4306 4299
7874 2 2 1 1 4306 4307 4299
7875 2 2 1 1 4306 1216 4307
7876 2 2 1 1 4299 4307 1214
7877 2 2 1 1 1216 4308 4307
7878 2 2 1 1 4308 4309 4307
7879 2 2 1 1 4308 1217 4309
7880 2 2 1 1 4307 4309 1214
7881 2 2 1 1 1216 4310 4308
7882 2 2 1 1 4310 4311 4308
7883 2 2 1 1 4310 225 4311
7884 2 2 1 1 4308 4311 1217
7885 2 2 1 1 1214 4309 4303
7886 2 2 1 1 4309 4312 4303
7887 2 2 1 1 4309 1217 4312
7888 2 2 1 1 4303 4312 429
7889 2 2 1 1 425 4305 4267
7890 2 2 1 1 4305 4313 4267
7891 2 2 1 1 4305 1215 4313
7892 2 2 1 1 4267 4313 1205
7893 2 2 1 1 1215 4314 4313
7894 2 2 1 1 4314 4315 4313
7895 2 2 1 1 4314 1218 4315
7896 2 2 1 1 4313 4315 1205
7897 2 2 1 1 1215 4304 4314
7898 2 2 1 1 4304 4316 4314
7899 2 2 1 1 4304 429 4316
7900 2 2 1 1 4314 4316 1218
7901 2 2 1 1 1205 4315 4268
7902 2 2 1 1 4315 4317 4268
7903 2 2 1 1 4315 1218 4317
7904 2 2 1 1 4268 4317 224
7905 2 2 1 1 166 4291 4319
7906 2 2 1 1 4291 4318 4319
7907 2 2 1 1 4291 1211 4318
7908 2 2 1 1 4319 4318 1220
7909 2 2 1 1 1211 4320 4318
7910 2 2 1 1 4320 4321 4318
7911 2 2 1 1 4320 1219 4321
7912 2 2 1 1 4318 4321 1220
7913 2 2 1 1 1211 4290 4320
7914 2 2 1 1 4290 4322 4320
7915 2 2 1 1 4290 427 4322
7916 2 2 1 1 4320 4322 1219
7917 2 2 1 1 1220 4321 4324
7918 2 2 1 1 4321 4323 4324
7919 2 2 1 1 4321 1219 4323
7920 2 2 1 1 4324 4323 430
7921 2 2 1 1 427 4325 4322
7922 2 2 1 1 4325 4326 4322
7923 2 2 1 1 4325 1221 4326
7924 2 2 1 1 4322 4326 1219
7925 2 2 1 1 1221 4327 4326
7926 2 2 1 1 4327 4328 4326
7927 2 2 1 1 4327 1222 4328
7928 2 2 1 1 4326 4328 1219
7929 2 2 1 1 1221 4329 4327
7930 2 2 1 1 4329 4330 4327
7931 2 2 1 1 4329 429 4330
7932 2 2 1 1 4327 4330 1222
7933 2 2 1 1 1219 4328 4323
7934 2 2 1 1 4328 4331 4323
7935 2 2 1 1 4328 1222 4331
7936 2 2 1 1 4323 4331 430
7937 2 2 1 1 427 4286 4325
7938 2 2 1 1 4286 4332 4325
7939 2 2 1 1 4286 1210 4332
7940 2 2 1 1 4325 4332 1221
7941 2 2 1 1 1210 4333 4332
7942 2 2 1 1 4333 4334 4332
7943 2 2 1 1 4333 1218 4334
7944 2 2 1 1 4332 4334 1221
7945 2 2 1 1 1210 4285 4333
7946 2 2 1 1 4285 4317 4333
7947 2 2 1 1 4285 224 4317
7948 2 2 1 1 4333 4317 1218
7949 2 2 1 1 1221 4334 4329
7950 2 2 1 1 4334 4316 4329
7951 2 2 1 1 4334 1218 4316
7952 2 2 1 1 4329 4316 429
7953 2 2 1 1 430 4331 4336
7954 2 2 1 1 4331 4335 4336
7955 2 2 1 1 4331 1222 4335
7956 2 2 1 1 4336 4335 1223
7957 2 2 1 1 1222 4337 4335
7958 2 2 1 1 4337 4338 4335
7959 2 2 1 1 4337 1217 4338
7960 2 2 1 1 4335 4338 1223
7961 2 2 1 1 1222 4330 4337
7962 2 2 1 1 4330 4312 4337
7963 2 2 1 1 4330 429 4312
7964 2 2 1 1 4337 4312 1217
7965 2 2 1 1 1223 4338 4339
7966 2 2 1 1 4338 4311 4339
7967 2 2 1 1 4338 1217 4311
7968 2 2 1 1 4339 4311 225
7969 2 2 1 1 181 2492 4292
7970 2 2 1 1 2492 4340 4292
7971 2 2 1 1 2492 763 4340
7972 2 2 1 1 4292 4340 1212
7973 2 2 1 1 763 4341 4340
7974 2 2 1 1 4341 4342 4340
7975 2 2 1 1 4341 1224 4342
7976 2 2 1 1 4340 4342 1212
7977 2 2 1 1 763 2498 4341
7978 2 2 1 1 2498 4343 4341
7979 2 2 1 1 2498 317 4343
7980 2 2 1 1 4341 4343 1224
7981 2 2 1 1 1212 4342 4296
7982 2 2 1 1 4342 4344 4296
7983 2 2 1 1 4342 1224 4344
7984 2 2 1 1 4296 4344 428
7985 2 2 1 1 317 4345 4343
7986 2 2 1 1 4345 4346 4343
7987 2 2 1 1 4345 1225 4346
7988 2 2 1 1 4343 4346 1224
7989 2 2 1 1 1225 4347 4346
7990 2 2 1 1 4347 4348 4346
7991 2 2 1 1 4347 1226 4348
7992 2 2 1 1 4346 4348 1224
7993 2 2 1 1 1225 4349 4347
7994 2 2 1 1 4349 4350 4347
7995 2 2 1 1 4349 431 4350
7996 2 2 1 1 4347 4350 1226
7997 2 2 1 1 1224 4348 4344
7998 2 2 1 1 4348 4351 4344
7999 2 2 1 1 4348 1226 4351
8000 2 2 1 1 4344 4351 428
8001 2 2 1 1 317 2514 4345
8002 2 2 1 1 2514 4352 4345
8003 2 2 1 1 2514 769 4352
8004 2 2 1 1 4345 4352 1225
8005 2 2 1 1 769 4353 4352
8006 2 2 1 1 4353 4354 4352
8007 2 2 1 1 4353 1227 4354
8008 2 2 1 1 4352 4354 1225
8009 2 2 1 1 769 2519 4353
8010 2 2 1 1 2519 4355 4353
8011 2 2 1 1 2519 175 4355
8012 2 2 1 1 4353 4355 1227
8013 2 2 1 1 1225 4354 4349
8014 2 2 1 1 4354 4356 4349
8015 2 2 1 1 4354 1227 4356
8016 2 2 1 1 4349 4356 431
8017 2 2 1 1 428 4351 4306
8018 2 2 1 1 4351 4357 4306
8019 2 2 1 1 4351 1226 4357
8020 2 2 1 1 4306 4357 1216
8021 2 2 1 1 1226 4358 4357
8022 2 2 1 1 4358 4359 4357
8023 2 2 1 1 4358 1228 4359
8024 2 2 1 1 4357 4359 1216
8025 2 2 1 1 1226 4350 4358
8026 2 2 1 1 4350 4360 4358
8027 2 2 1 1 4350 431 4360
8028 2 2 1 1 4358 4360 1228
8029 2 2 1 1 1216 4359 4310
8030 2 2 1 1 4359 4361 4310
8031 2 2 1 1 4359 1228 4361
8032 2 2 1 1 4310 4361 225
8033 2 2 1 1 198 4362 4364
8034 2 2 1 1 4362 4363 4364
8035 2 2 1 1 4362 1229 4363
8036 2 2 1 1 4364 4363 1231
8037 2 2 1 1 1229 4365 4363
8038 2 2 1 1 4365 4366 4363
8039 2 2 1 1 4365 1230 4366
8040 2 2 1 1 4363 4366 1231
8041 2 2 1 1 1229 4367 4365
8042 2 2 1 1 4367 4368 4365
8043 2 2 1 1 4367 432 4368
8044 2 2 1 1 4365 4368 1230
8045 2 2 1 1 1231 4366 4370
8046 2 2 1 1 4366 4369 4370
8047 2 2 1 1 4366 1230 4369
8048 2 2 1 1 4370 4369 434
8049 2 2 1 1 432 4371 4368
8050 2 2 1 1 4371 4372 4368
8051 2 2 1 1 4371 1232 4372
8052 2 2 1 1 4368 4372 1230
8053 2 2 1 1 1232 4373 4372
8054 2 2 1 1 4373 4374 4372
8055 2 2 1 1 4373 1233 4374
8056 2 2 1 1 4372 4374 1230
8057 2 2 1 1 1232 4375 4373
8058 2 2 1 1 4375 4376 4373
8059 2 2 1 1 4375 433 4376
8060 2 2 1 1 4373 4376 1233
8061 2 2 1 1 1230 4374 4369
8062 2 2 1 1 4374 4377 4369
8063 2 2 1 1 4374 1233 4377
8064 2 2 1 1 4369 4377 434
8065 2 2 1 1 432 4378 4371
8066 2 2 1 1 4378 4379 4371
8067 2 2 1 1 4378 1234 4379
8068 2 2 1 1 4371 4379 1232
8069 2 2 1 1 1234 4380 4379
8070 2 2 1 1 4380 4381 4379
8071 2 2 1 1 4380 1235 4381
8072 2 2 1 1 4379 4381 1232
8073 2 2 1 1 1234 4382 4380
8074 2 2 1 1 4382 4383 4380
8075 2 2 1 1 4382 182 4383
8076 2 2 1 1 4380 4383 1235
8077 2 2 1 1 1232 4381 4375
8078 2 2 1 1 4381 4384 4375
8079 2 2 1 1 4381 1235 4384
8080 2 2 1 1 4375 4384 433
8081 2 2 1 1 434 4377 4386
8082 2 2 1 1 4377 4385 4386
8083 2 2 1 1 4377 1233 4385
8084 2 2 1 1 4386 4385 1237
8085 2 2 1 1 1233 4387 4385
8086 2 2 1 1 4387 4388 4385
8087 2 2 1 1 4387 1236 4388
8088 2 2 1 1 4385 4388 1237
8089 2 2 1 1 1233 4376 4387
8090 2 2 1 1 4376 4389 4387
8091 2 2 1 1 4376 433 4389
8092 2 2 1 1 4387 4389 1236
8093 2 2 1 1 1237 4388 4391
8094 2 2 1 1 4388 4390 4391
8095 2 2 1 1 4388 1236 4390
8096 2 2 1 1 4391 4390 226
8097 2 2 1 1 198 4364 2511
8098 2 2 1 1 4364 4392 2511
8099 2 2 1 1 4364 1231 4392
8100 2 2 1 1 2511 4392 767
8101 2 2 1 1 1231 4393 4392
8102 2 2 1 1 4393 4394 4392
8103 2 2 1 1 4393 1238 4394
8104 2 2 1 1 4392 4394 767
8105 2 2 1 1 1231 4370 4393
8106 2 2 1 1 4370 4395 4393
8107 2 2 1 1 4370 434 4395
8108 2 2 1 1 4393 4395 1238
8109 2 2 1 1 767 4394 2512
8110 2 2 1 1 4394 4396 2512
8111 2 2 1 1 4394 1238 4396
8112 2 2 1 1 2512 4396 316
8113 2 2 1 1 434 4397 4395
8114 2 2 1 1 4397 4398 4395
8115 2 2 1 1 4397 1239 4398
8116 2 2 1 1 4395 4398 1238
8117 2 2 1 1 1239 4399 4398
8118 2 2 1 1 4399 4400 4398
8119 2 2 1 1 4399 1240 4400
8120 2 2 1 1 4398 4400 1238
8121 2 2 1 1 1239 4401 4399
8122 2 2 1 1 4401 4402 4399
8123 2 2 1 1 4401 435 4402
8124 2 2 1 1 4399 4402 1240
8125 2 2 1 1 1238 4400 4396
8126 2 2 1 1 4400 4403 4396
8127 2 2 1 1 4400 1240 4403
8128 2 2 1 1 4396 4403 316
8129 2 2 1 1 434 4386 4397
8130 2 2 1 1 4386 4404 4397
8131 2 2 1 1 4386 1237 4404
8132 2 2 1 1 4397 4404 1239
8133 2 2 1 1 1237 4405 4404
8134 2 2 1 1 4405 4406 4404
8135 2 2 1 1 4405 1241 4406
8136 2 2 1 1 4404 4406 1239
8137 2 2 1 1 1237 4391 4405
8138 2 2 1 1 4391 4407 4405
8139 2 2 1 1 4391 226 4407
8140 2 2 1 1 4405 4407 1241
8141 2 2 1 1 1239 4406 4401
8142 2 2 1 1 4406 4408 4401
8143 2 2 1 1 4406 1241 4408
8144 2 2 1 1 4401 4408 435
8145 2 2 1 1 316 4403 2517
8146 2 2 1 1 4403 4409 2517
8147 2 2 1 1 4403 1240 4409
8148 2 2 1 1 2517 4409 768
8149 2 2 1 1 1240 4410 4409
8150 2 2 1 1 4410 4411 4409
8151 2 2 1 1 4410 1242 4411
8152 2 2 1 1 4409 4411 768
8153 2 2 1 1 1240 4402 4410
8154 2 2 1 1 4402 4412 4410
8155 2 2 1 1 4402 435 4412
8156 2 2 1 1 4410 4412 1242
8157 2 2 1 1 768 4411 2518
8158 2 2 1 1 4411 4413 2518
8159 2 2 1 1 4411 1242 4413
8160 2 2 1 1 2518 4413 175
8161 2 2 1 1 182 4414 4383
8162 2 2 1 1 4414 4415 4383
8163 2 2 1 1 4414 1243 4415
8164 2 2 1 1 4383 4415 1235
8165 2 2 1 1 1243 4416 4415
8166 2 2 1 1 4416 4417 4415
8167 2 2 1 1 4416 1244 4417
8168 2 2 1 1 4415 4417 1235
8169 2 2 1 1 1243 4418 4416
8170 2 2 1 1 4418 4419 4416
8171 2 2 1 1 4418 436 4419
8172 2 2 1 1 4416 4419 1244
8173 2 2 1 1 1235 4417 4384
8174 2 2 1 1 4417 4420 4384
8175 2 2 1 1 4417 1244 4420
8176 2 2 1 1 4384 4420 433
8177 2 2 1 1 436 4421 4419
8178 2 2 1 1 4421 4422 4419
8179 2 2 1 1 4421 1245 4422
8180 2 2 1 1 4419 4422 1244
8181 2 2 1 1 1245 4423 4422
8182 2 2 1 1 4423 4424 4422
8183 2 2 1 1 4423 1246 4424
8184 2 2 1 1 4422 4424 1244
8185 2 2 1 1 1245 4425 4423
8186 2 2 1 1 4425 4426 4423
8187 2 2 1 1 4425 437 4426
8188 2 2 1 1 4423 4426 1246
8189 2 2 1 1 1244 4424 4420
8190 2 2 1 1 4424 4427 4420
8191 2 2 1 1 4424 1246 4427
8192 2 2 1 1 4420 4427 433
8193 2 2 1 1 436 4428 4421
8194 2 2 1 1 4428 4429 4421
8195 2 2 1 1 4428 1247 4429
8196 2 2 1 1 4421 4429 1245
8197 2 2 1 1 1247 4430 4429
8198 2 2 1 1 4430 4431 4429
8199 2 2 1 1 4430 1248 4431
8200 2 2 1 1 4429 4431 1245
8201 2 2 1 1 1247 4432 4430
8202 2 2 1 1 4432 4433 4430
8203 2 2 1 1 4432 227 4433
8204 2 2 1 1 4430 4433 1248
8205 2 2 1 1 1245 4431 4425
8206 2 2 1 1 4431 4434 4425
8207 2 2 1 1 4431 1248 4434
8208 2 2 1 1 4425 4434 437
8209 2 2 1 1 433 4427 4389
8210 2 2 1 1 4427 4435 4389
8211 2 2 1 1 4427 1246 4435
8212 2 2 1 1 4389 4435 1236
8213 2 2 1 1 1246 4436 4435
8214 2 2 1 1 4436 4437 4435
8215 2 2 1 1 4436 1249 4437
8216 2 2 1 1 4435 4437 1236
8217 2 2 1 1 1246 4426 4436
8218 2 2 1 1 4426 4438 4436
8219 2 2 1 1 4426 437 4438
8220 2 2 1 1 4436 4438 1249
8221 2 2 1 1 1236 4437 4390
8222 2 2 1 1 4437 4439 4390
8223 2 2 1 1 4437 1249 4439
8224 2 2 1 1 4390 4439 226
8225 2 2 1 1 175 4413 4441
8226 2 2 1 1 4413 4440 4441
8227 2 2 1 1 4413 1242 4440
8228 2 2 1 1 4441 4440 1251
8229 2 2 1 1 1242 4442 4440
8230 2 2 1 1 4442 4443 4440
8231 2 2 1 1 4442 1250 4443
8232 2 2 1 1 4440 4443 1251
8233 2 2 1 1 1242 4412 4442
8234 2 2 1 1 4412 4444 4442
8235 2 2 1 1 4412 435 4444
8236 2 2 1 1 4442 4444 1250
8237 2 2 1 1 1251 4443 4446
8238 2 2 1 1 4443 4445 4446
8239 2 2 1 1 4443 1250 4445
8240 2 2 1 1 4446 4445 438
8241 2 2 1 1 435 4447 4444
8242 2 2 1 1 4447 4448 4444
8243 2 2 1 1 4447 1252 4448
8244 2 2 1 1 4444 4448 1250
8245 2 2 1 1 1252 4449 4448
8246 2 2 1 1 4449 4450 4448
8247 2 2 1 1 4449 1253 4450
8248 2 2 1 1 4448 4450 1250
8249 2 2 1 1 1252 4451 4449
8250 2 2 1 1 4451 4452 4449
8251 2 2 1 1 4451 437 4452
8252 2 2 1 1 4449 4452 1253
8253 2 2 1 1 1250 4450 4445
8254 2 2 1 1 4450 4453 4445
8255 2 2 1 1 4450 1253 4453
8256 2 2 1 1 4445 4453 438
8257 2 2 1 1 435 4408 4447
8258 2 2 1 1 4408 4454 4447
8259 2 2 1 1 4408 1241 4454
8260 2 2 1 1 4447 4454 1252
8261 2 2 1 1 1241 4455 4454
8262 2 2 1 1 4455 4456 4454
8263 2 2 1 1 4455 1249 4456
8264 2 2 1 1 4454 4456 1252
8265 2 2 1 1 1241 4407 4455
8266 2 2 1 1 4407 4439 4455
8267 2 2 1 1 4407 226 4439
8268 2 2 1 1 4455 4439 1249
8269 2 2 1 1 1252 4456 4451
8270 2 2 1 1 4456 4438 4451
8271 2 2 1 1 4456 1249 4438
8272 2 2 1 1 4451 4438 437
8273 2 2 1 1 438 4453 4458
8274 2 2 1 1 4453 4457 4458
8275 2 2 1 1 4453 1253 4457
8276 2 2 1 1 4458 4457 1254
8277 2 2 1 1 1253 4459 4457
8278 2 2 1 1 4459 4460 4457
8279 2 2 1 1 4459 1248 4460
8280 2 2 1 1 4457 4460 1254
8281 2 2 1 1 1253 4452 4459
8282 2 2 1 1 4452 4434 4459
8283 2 2 1 1 4452 437 4434
8284 2 2 1 1 4459 4434 1248
8285 2 2 1 1 1254 4460 4461
8286 2 2 1 1 4460 4433 4461
8287 2 2 1 1 4460 1248 4433
8288 2 2 1 1 4461 4433 227
8289 2 2 1 1 182 2522 4414
8290 2 2 1 1 2522 4462 4414
8291 2 2 1 1 2522 772 4462
8292 2 2 1 1 4414 4462 1243
8293 2 2 1 1 772 4463 4462
8294 2 2 1 1 4463 4464 4462
8295 2 2 1 1 4463 1255 4464
8296 2 2 1 1 4462 4464 1243
8297 2 2 1 1 772 2528 4463
8298 2 2 1 1 2528 4465 4463
8299 2 2 1 1 2528 320 4465
8300 2 2 1 1 4463 4465 1255
8301 2 2 1 1 1243 4464 4418
8302 2 2 1 1 4464 4466 4418
8303 2 2 1 1 4464 1255 4466
8304 2 2 1 1 4418 4466 436
8305 2 2 1 1 320 4467 4465
8306 2 2 1 1 4467 4468 4465
8307 2 2 1 1 4467 1256 4468
8308 2 2 1 1 4465 4468 1255
8309 2 2 1 1 1256 4469 4468
8310 2 2 1 1 4469 4470 4468
8311 2 2 1 1 4469 1257 4470
8312 2 2 1 1 4468 4470 1255
8313 2 2 1 1 1256 4471 4469
8314 2 2 1 1 4471 4472 4469
8315 2 2 1 1 4471 439 4472
8316 2 2 1 1 4469 4472 1257
8317 2 2 1 1 1255 4470 4466
8318 2 2 1 1 4470 4473 4466
8319 2 2 1 1 4470 1257 4473
8320 2 2 1 1 4466 4473 436
8321 2 2 1 1 320 2544 4467
8322 2 2 1 1 2544 4474 4467
8323 2 2 1 1 2544 778 4474
8324 2 2 1 1 4467 4474 1256
8325 2 2 1 1 778 4475 4474
8326 2 2 1 1 4475 4476 4474
8327 2 2 1 1 4475 1258 4476
8328 2 2 1 1 4474 4476 1256
8329 2 2 1 1 778 2549 4475
8330 2 2 1 1 2549 4477 4475
8331 2 2 1 1 2549 121 4477
8332 2 2 1 1 4475 4477 1258
8333 2 2 1 1 1256 4476 4471
8334 2 2 1 1 4476 4478 4471
8335 2 2 1 1 4476 1258 4478
8336 2 2 1 1 4471 4478 439
8337 2 2 1 1 436 4473 4428
8338 2 2 1 1 4473 4479 4428
8339 2 2 1 1 4473 1257 4479
8340 2 2 1 1 4428 4479 1247
8341 2 2 1 1 1257 4480 4479
8342 2 2 1 1 4480 4481 4479
8343 2 2 1 1 4480 1259 4481
8344 2 2 1 1 4479 4481 1247
8345 2 2 1 1 1257 4472 4480
8346 2 2 1 1 4472 4482 4480
8347 2 2 1 1 4472 439 4482
8348 2 2 1 1 4480 4482 1259
8349 2 2 1 1 1247 4481 4432
8350 2 2 1 1 4481 4483 4432
8351 2 2 1 1 4481 1259 4483
8352 2 2 1 1 4432 4483 227
8353 2 2 1 1 198 4223 4485
8354 2 2 1 1 4223 4484 4485
8355 2 2 1 1 4223 1196 4484
8356 2 2 1 1 4485 4484 1261
8357 2 2 1 1 1196 4486 4484
8358 2 2 1 1 4486 4487 4484
8359 2 2 1 1 4486 1260 4487
8360 2 2 1 1 4484 4487 1261
8361 2 2 1 1 1196 4228 4486
8362 2 2 1 1 4228 4488 4486
8363 2 2 1 1 4228 424 4488
8364 2 2 1 1 4486 4488 1260
8365 2 2 1 1 1261 4487 4490
8366 2 2 1 1 4487 4489 4490
8367 2 2 1 1 4487 1260 4489
8368 2 2 1 1 4490 4489 441
8369 2 2 1 1 424 4491 4488
8370 2 2 1 1 4491 4492 4488
8371 2 2 1 1 4491 1262 4492
8372 2 2 1 1 4488 4492 1260
8373 2 2 1 1 1262 4493 4492
8374 2 2 1 1 4493 4494 4492
8375 2 2 1 1 4493 1263 4494
8376 2 2 1 1 4492 4494 1260
8377 2 2 1 1 1262 4495 4493
8378 2 2 1 1 4495 4496 4493
8379 2 2 1 1 4495 440 4496
8380 2 2 1 1 4493 4496 1263
8381 2 2 1 1 1260 4494 4489
8382 2 2 1 1 4494 4497 4489
8383 2 2 1 1 4494 1263 4497
8384 2 2 1 1 4489 4497 441
8385 2 2 1 1 424 4240 4491
8386 2 2 1 1 4240 4498 4491
8387 2 2 1 1 4240 1199 4498
8388 2 2 1 1 4491 4498 1262
8389 2 2 1 1 1199 4499 4498
8390 2 2 1 1 4499 4500 4498
8391 2 2 1 1 4499 1264 4500
8392 2 2 1 1 4498 4500 1262
8393 2 2 1 1 1199 4243 4499
8394 2 2 1 1 4243 4501 4499
8395 2 2 1 1 4243 169 4501
8396 2 2 1 1 4499 4501 1264
8397 2 2 1 1 1262 4500 4495
8398 2 2 1 1 4500 4502 4495
8399 2 2 1 1 4500 1264 4502
8400 2 2 1 1 4495 4502 440
8401 2 2 1 1 441 4497 4504
8402 2 2 1 1 4497 4503 4504
8403 2 2 1 1 4497 1263 4503
8404 2 2 1 1 4504 4503 1266
8405 2 2 1 1 1263 4505 4503
8406 2 2 1 1 4505 4506 4503
8407 2 2 1 1 4505 1265 4506
8408 2 2 1 1 4503 4506 1266
8409 2 2 1 1 1263 4496 4505
8410 2 2 1 1 4496 4507 4505
8411 2 2 1 1 4496 440 4507
8412 2 2 1 1 4505 4507 1265
8413 2 2 1 1 1266 4506 4509
8414 2 2 1 1 4506 4508 4509
8415 2 2 1 1 4506 1265 4508
8416 2 2 1 1 4509 4508 228
8417 2 2 1 1 198 4485 4362
8418 2 2 1 1 4485 4510 4362
8419 2 2 1 1 4485 1261 4510
8420 2 2 1 1 4362 4510 1229
8421 2 2 1 1 1261 4511 4510
8422 2 2 1 1 4511 4512 4510
8423 2 2 1 1 4511 1267 4512
8424 2 2 1 1 4510 4512 1229
8425 2 2 1 1 1261 4490 4511
8426 2 2 1 1 4490 4513 4511
8427 2 2 1 1 4490 441 4513
8428 2 2 1 1 4511 4513 1267
8429 2 2 1 1 1229 4512 4367
8430 2 2 1 1 4512 4514 4367
8431 2 2 1 1 4512 1267 4514
8432 2 2 1 1 4367 4514 432
8433 2 2 1 1 441 4515 4513
8434 2 2 1 1 4515 4516 4513
8435 2 2 1 1 4515 1268 4516
8436 2 2 1 1 4513 4516 1267
8437 2 2 1 1 1268 4517 4516
8438 2 2 1 1 4517 4518 4516
8439 2 2 1 1 4517 1269 4518
8440 2 2 1 1 4516 4518 1267
8441 2 2 1 1 1268 4519 4517
8442 2 2 1 1 4519 4520 4517
8443 2 2 1 1 4519 442 4520
8444 2 2 1 1 4517 4520 1269
8445 2 2 1 1 1267 4518 4514
8446 2 2 1 1 4518 4521 4514
8447 2 2 1 1 4518 1269 4521
8448 2 2 1 1 4514 4521 432
8449 2 2 1 1 441 4504 4515
8450 2 2 1 1 4504 4522 4515
8451 2 2 1 1 4504 1266 4522
8452 2 2 1 1 4515 4522 1268
8453 2 2 1 1 1266 4523 4522
8454 2 2 1 1 4523 4524 4522
8455 2 2 1 1 4523 1270 4524
8456 2 2 1 1 4522 4524 1268
8457 2 2 1 1 1266 4509 4523
8458 2 2 1 1 4509 4525 4523
8459 2 2 1 1 4509 228 4525
8460 2 2 1 1 4523 4525 1270
8461 2 2 1 1 1268 4524 4519
8462 2 2 1 1 4524 4526 4519
8463 2 2 1 1 4524 1270 4526
8464 2 2 1 1 4519 4526 442
8465 2 2 1 1 432 4521 4378
8466 2 2 1 1 4521 4527 4378
8467 2 2 1 1 4521 1269 4527
8468 2 2 1 1 4378 4527 1234
8469 2 2 1 1 1269 4528 4527
8470 2 2 1 1 4528 4529 4527
8471 2 2 1 1 4528 1271 4529
8472 2 2 1 1 4527 4529 1234
8473 2 2 1 1 1269 4520 4528
8474 2 2 1 1 4520 4530 4528
8475 2 2 1 1 4520 442 4530
8476 2 2 1 1 4528 4530 1271
8477 2 2 1 1 1234 4529 4382
8478 2 2 1 1 4529 4531 4382
8479 2 2 1 1 4529 1271 4531
8480 2 2 1 1 4382 4531 182
8481 2 2 1 1 200 4532 4534
8482 2 2 1 1 4532 4533 4534
8483 2 2 1 1 4532 1272 4533
8484 2 2 1 1 4534 4533 1274
8485 2 2 1 1 1272 4535 4533
8486 2 2 1 1 4535 4536 4533
8487 2 2 1 1 4535 1273 4536
8488 2 2 1 1 4533 4536 1274
8489 2 2 1 1 1272 4537 4535
8490 2 2 1 1 4537 4538 4535
8491 2 2 1 1 4537 443 4538
8492 2 2 1 1 4535 4538 1273
8493 2 2 1 1 1274 4536 4540
8494 2 2 1 1 4536 4539 4540
8495 2 2 1 1 4536 1273 4539
8496 2 2 1 1 4540 4539 444
8497 2 2 1 1 443 4541 4538
8498 2 2 1 1 4541 4542 4538
8499 2 2 1 1 4541 1275 4542
8500 2 2 1 1 4538 4542 1273
8501 2 2 1 1 1275 4543 4542
8502 2 2 1 1 4543 4544 4542
8503 2 2 1 1 4543 1276 4544
8504 2 2 1 1 4542 4544 1273
8505 2 2 1 1 1275 4545 4543
8506 2 2 1 1 4545 4546 4543
8507 2 2 1 1 4545 442 4546
8508 2 2 1 1 4543 4546 1276
8509 2 2 1 1 1273 4544 4539
8510 2 2 1 1 4544 4547 4539
8511 2 2 1 1 4544 1276 4547
8512 2 2 1 1 4539 4547 444
8513 2 2 1 1 443 4548 4541
8514 2 2 1 1 4548 4549 4541
8515 2 2 1 1 4548 1277 4549
8516 2 2 1 1 4541 4549 1275
8517 2 2 1 1 1277 4550 4549
8518 2 2 1 1 4550 4551 4549
8519 2 2 1 1 4550 1271 4551
8520 2 2 1 1 4549 4551 1275
8521 2 2 1 1 1277 4552 4550
8522 2 2 1 1 4552 4531 4550
8523 2 2 1 1 4552 182 4531
8524 2 2 1 1 4550 4531 1271
8525 2 2 1 1 1275 4551 4545
8526 2 2 1 1 4551 4530 4545
8527 2 2 1 1 4551 1271 4530
8528 2 2 1 1 4545 4530 442
8529 2 2 1 1 444 4547 4554
8530 2 2 1 1 4547 4553 4554
8531 2 2 1 1 4547 1276 4553
8532 2 2 1 1 4554 4553 1278
8533 2 2 1 1 1276 4555 4553
8534 2 2 1 1 4555 4556 4553
8535 2 2 1 1 4555 1270 4556
8536 2 2 1 1 4553 4556 1278
8537 2 2 1 1 1276 4546 4555
8538 2 2 1 1 4546 4526 4555
8539 2 2 1 1 4546 442 4526
8540 2 2 1 1 4555 4526 1270
8541 2 2 1 1 1278 4556 4557
8542 2 2 1 1 4556 4525 4557
8543 2 2 1 1 4556 1270 4525
8544 2 2 1 1 4557 4525 228
8545 2 2 1 1 200 4534 2579
8546 2 2 1 1 4534 4558 2579
8547 2 2 1 1 4534 1274 4558
8548 2 2 1 1 2579 4558 787
8549 2 2 1 1 1274 4559 4558
8550 2 2 1 1 4559 4560 4558
8551 2 2 1 1 4559 1279 4560
8552 2 2 1 1 4558 4560 787
8553 2 2 1 1 1274 4540 4559
8554 2 2 1 1 4540 4561 4559
8555 2 2 1 1 4540 444 4561
8556 2 2 1 1 4559 4561 1279
8557 2 2 1 1 787 4560 2574
8558 2 2 1 1 4560 4562 2574
8559 2 2 1 1 4560 1279 4562
8560 2 2 1 1 2574 4562 323
8561 2 2 1 1 444 4563 4561
8562 2 2 1 1 4563 4564 4561
8563 2 2 1 1 4563 1280 4564
8564 2 2 1 1 4561 4564 1279
8565 2 2 1 1 1280 4565 4564
8566 2 2 1 1 4565 4566 4564
8567 2 2 1 1 4565 1281 4566
8568 2 2 1 1 4564 4566 1279
8569 2 2 1 1 1280 4567 4565
8570 2 2 1 1 4567 4568 4565
8571 2 2 1 1 4567 440 4568
8572 2 2 1 1 4565 4568 1281
8573 2 2 1 1 1279 4566 4562
8574 2 2 1 1 4566 4569 4562
8575 2 2 1 1 4566 1281 4569
8576 2 2 1 1 4562 4569 323
8577 2 2 1 1 444 4554 4563
8578 2 2 1 1 4554 4570 4563
8579 2 2 1 1 4554 1278 4570
8580 2 2 1 1 4563 4570 1280
8581 2 2 1 1 1278 4571 4570
8582 2 2 1 1 4571 4572 4570
8583 2 2 1 1 4571 1265 4572
8584 2 2 1 1 4570 4572 1280
8585 2 2 1 1 1278 4557 4571
8586 2 2 1 1 4557 4508 4571
8587 2 2 1 1 4557 228 4508
8588 2 2 1 1 4571 4508 1265
8589 2 2 1 1 1280 4572 4567
8590 2 2 1 1 4572 4507 4567
8591 2 2 1 1 4572 1265 4507
8592 2 2 1 1 4567 4507 440
8593 2 2 1 1 323 4569 2558
8594 2 2 1 1 4569 4573 2558
8595 2 2 1 1 4569 1281 4573
8596 2 2 1 1 2558 4573 781
8597 2 2 1 1 1281 4574 4573
8598 2 2 1 1 4574 4575 4573
8599 2 2 1 1 4574 1264 4575
8600 2 2 1 1 4573 4575 781
8601 2 2 1 1 1281 4568 4574
8602 2 2 1 1 4568 4502 4574
8603 2 2 1 1 4568 440 4502
8604 2 2 1 1 4574 4502 1264
8605 2 2 1 1 781 4575 2552
8606 2 2 1 1 4575 4501 2552
8607 2 2 1 1 4575 1264 4501
8608 2 2 1 1 2552 4501 169
8609 2 2 1 1 199 2540 4577
8610 2 2 1 1 2540 4576 4577
8611 2 2 1 1 2540 775 4576
8612 2 2 1 1 4577 4576 1283
8613 2 2 1 1 775 4578 4576
8614 2 2 1 1 4578 4579 4576
8615 2 2 1 1 4578 1282 4579
8616 2 2 1 1 4576 4579 1283
8617 2 2 1 1 775 2536 4578
8618 2 2 1 1 2536 4580 4578
8619 2 2 1 1 2536 318 4580
8620 2 2 1 1 4578 4580 1282
8621 2 2 1 1 1283 4579 4582
8622 2 2 1 1 4579 4581 4582
8623 2 2 1 1 4579 1282 4581
8624 2 2 1 1 4582 4581 446
8625 2 2 1 1 318 4583 4580
8626 2 2 1 1 4583 4584 4580
8627 2 2 1 1 4583 1284 4584
8628 2 2 1 1 4580 4584 1282
8629 2 2 1 1 1284 4585 4584
8630 2 2 1 1 4585 4586 4584
8631 2 2 1 1 4585 1285 4586
8632 2 2 1 1 4584 4586 1282
8633 2 2 1 1 1284 4587 4585
8634 2 2 1 1 4587 4588 4585
8635 2 2 1 1 4587 445 4588
8636 2 2 1 1 4585 4588 1285
8637 2 2 1 1 1282 4586 4581
8638 2 2 1 1 4586 4589 4581
8639 2 2 1 1 4586 1285 4589
8640 2 2 1 1 4581 4589 446
8641 2 2 1 1 318 2525 4583
8642 2 2 1 1 2525 4590 4583
8643 2 2 1 1 2525 770 4590
8644 2 2 1 1 4583 4590 1284
8645 2 2 1 1 770 4591 4590
8646 2 2 1 1 4591 4592 4590
8647 2 2 1 1 4591 1286 4592
8648 2 2 1 1 4590 4592 1284
8649 2 2 1 1 770 2520 4591
8650 2 2 1 1 2520 4593 4591
8651 2 2 1 1 2520 182 4593
8652 2 2 1 1 4591 4593 1286
8653 2 2 1 1 1284 4592 4587
8654 2 2 1 1 4592 4594 4587
8655 2 2 1 1 4592 1286 4594
8656 2 2 1 1 4587 4594 445
8657 2 2 1 1 446 4589 4596
8658 2 2 1 1 4589 4595 4596
8659 2 2 1 1 4589 1285 4595
8660 2 2 1 1 4596 4595 1288
8661 2 2 1 1 1285 4597 4595
8662 2 2 1 1 4597 4598 4595
8663 2 2 1 1 4597 1287 4598
8664 2 2 1 1 4595 4598 1288
8665 2 2 1 1 1285 4588 4597
8666 2 2 1 1 4588 4599 4597
8667 2 2 1 1 4588 445 4599
8668 2 2 1 1 4597 4599 1287
8669 2 2 1 1 1288 4598 4601
8670 2 2 1 1 4598 4600 4601
8671 2 2 1 1 4598 1287 4600
8672 2 2 1 1 4601 4600 229
8673 2 2 1 1 199 4577 4603
8674 2 2 1 1 4577 4602 4603
8675 2 2 1 1 4577 1283 4602
8676 2 2 1 1 4603 4602 1290
8677 2 2 1 1 1283 4604 4602
8678 2 2 1 1 4604 4605 4602
8679 2 2 1 1 4604 1289 4605
8680 2 2 1 1 4602 4605 1290
8681 2 2 1 1 1283 4582 4604
8682 2 2 1 1 4582 4606 4604
8683 2 2 1 1 4582 446 4606
8684 2 2 1 1 4604 4606 1289
8685 2 2 1 1 1290 4605 4608
8686 2 2 1 1 4605 4607 4608
8687 2 2 1 1 4605 1289 4607
8688 2 2 1 1 4608 4607 448
8689 2 2 1 1 446 4609 4606
8690 2 2 1 1 4609 4610 4606
8691 2 2 1 1 4609 1291 4610
8692 2 2 1 1 4606 4610 1289
8693 2 2 1 1 1291 4611 4610
8694 2 2 1 1 4611 4612 4610
8695 2 2 1 1 4611 1292 4612
8696 2 2 1 1 4610 4612 1289
8697 2 2 1 1 1291 4613 4611
8698 2 2 1 1 4613 4614 4611
8699 2 2 1 1 4613 447 4614
8700 2 2 1 1 4611 4614 1292
8701 2 2 1 1 1289 4612 4607
8702 2 2 1 1 4612 4615 4607
8703 2 2 1 1 4612 1292 4615
8704 2 2 1 1 4607 4615 448
8705 2 2 1 1 446 4596 4609
8706 2 2 1 1 4596 4616 4609
8707 2 2 1 1 4596 1288 4616
8708 2 2 1 1 4609 4616 1291
8709 2 2 1 1 1288 4617 4616
8710 2 2 1 1 4617 4618 4616
8711 2 2 1 1 4617 1293 4618
8712 2 2 1 1 4616 4618 1291
8713 2 2 1 1 1288 4601 4617
8714 2 2 1 1 4601 4619 4617
8715 2 2 1 1 4601 229 4619
8716 2 2 1 1 4617 4619 1293
8717 2 2 1 1 1291 4618 4613
8718 2 2 1 1 4618 4620 4613
8719 2 2 1 1 4618 1293 4620
8720 2 2 1 1 4613 4620 447
8721 2 2 1 1 448 4615 4622
8722 2 2 1 1 4615 4621 4622
8723 2 2 1 1 4615 1292 4621
8724 2 2 1 1 4622 4621 1295
8725 2 2 1 1 1292 4623 4621
8726 2 2 1 1 4623 4624 4621
8727 2 2 1 1 4623 1294 4624
8728 2 2 1 1 4621 4624 1295
8729 2 2 1 1 1292 4614 4623
8730 2 2 1 1 4614 4625 4623
8731 2 2 1 1 4614 447 4625
8732 2 2 1 1 4623 4625 1294
8733 2 2 1 1 1295 4624 4627
8734 2 2 1 1 4624 4626 4627
8735 2 2 1 1 4624 1294 4626
8736 2 2 1 1 4627 4626 176
8737 2 2 1 1 200 2600 4629
8738 2 2 1 1 2600 4628 4629
8739 2 2 1 1 2600 793 4628
8740 2 2 1 1 4629 4628 1297
8741 2 2 1 1 793 4630 4628
8742 2 2 1 1 4630 4631 4628
8743 2 2 1 1 4630 1296 4631
8744 2 2 1 1 4628 4631 1297
8745 2 2 1 1 793 2596 4630
8746 2 2 1 1 2596 4632 4630
8747 2 2 1 1 2596 324 4632
8748 2 2 1 1 4630 4632 1296
8749 2 2 1 1 1297 4631 4634
8750 2 2 1 1 4631 4633 4634
8751 2 2 1 1 4631 1296 4633
8752 2 2 1 1 4634 4633 449
8753 2 2 1 1 324 4635 4632
8754 2 2 1 1 4635 4636 4632
8755 2 2 1 1 4635 1298 4636
8756 2 2 1 1 4632 4636 1296
8757 2 2 1 1 1298 4637 4636
8758 2 2 1 1 4637 4638 4636
8759 2 2 1 1 4637 1299 4638
8760 2 2 1 1 4636 4638 1296
8761 2 2 1 1 1298 4639 4637
8762 2 2 1 1 4639 4640 4637
8763 2 2 1 1 4639 447 4640
8764 2 2 1 1 4637 4640 1299
8765 2 2 1 1 1296 4638 4633
8766 2 2 1 1 4638 4641 4633
8767 2 2 1 1 4638 1299 4641
8768 2 2 1 1 4633 4641 449
8769 2 2 1 1 324 2585 4635
8770 2 2 1 1 2585 4642 4635
8771 2 2 1 1 2585 788 4642
8772 2 2 1 1 4635 4642 1298
8773 2 2 1 1 788 4643 4642
8774 2 2 1 1 4643 4644 4642
8775 2 2 1 1 4643 1294 4644
8776 2 2 1 1 4642 4644 1298
8777 2 2 1 1 788 2580 4643
8778 2 2 1 1 2580 4626 4643
8779 2 2 1 1 2580 176 4626
8780 2 2 1 1 4643 4626 1294
8781 2 2 1 1 1298 4644 4639
8782 2 2 1 1 4644 4625 4639
8783 2 2 1 1 4644 1294 4625
8784 2 2 1 1 4639 4625 447
8785 2 2 1 1 449 4641 4646
8786 2 2 1 1 4641 4645 4646
8787 2 2 1 1 4641 1299 4645
8788 2 2 1 1 4646 4645 1300
8789 2 2 1 1 1299 4647 4645
8790 2 2 1 1 4647 4648 4645
8791 2 2 1 1 4647 1293 4648
8792 2 2 1 1 4645 4648 1300
8793 2 2 1 1 1299 4640 4647
8794 2 2 1 1 4640 4620 4647
8795 2 2 1 1 4640 447 4620
8796 2 2 1 1 4647 4620 1293
8797 2 2 1 1 1300 4648 4649
8798 2 2 1 1 4648 4619 4649
8799 2 2 1 1 4648 1293 4619
8800 2 2 1 1 4649 4619 229
8801 2 2 1 1 200 4629 4532
8802 2 2 1 1 4629 4650 4532
8803 2 2 1 1 4629 1297 4650
8804 2 2 1 1 4532 4650 1272
8805 2 2 1 1 1297 4651 4650
8806 2 2 1 1 4651 4652 4650
8807 2 2 1 1 4651 1301 4652
8808 2 2 1 1 4650 4652 1272
8809 2 2 1 1 1297 4634 4651
8810 2 2 1 1 4634 4653 4651
8811 2 2 1 1 4634 449 4653
8812 2 2 1 1 4651 4653 1301
8813 2 2 1 1 1272 4652 4537
8814 2 2 1 1 4652 4654 4537
8815 2 2 1 1 4652 1301 4654
8816 2 2 1 1 4537 4654 443
8817 2 2 1 1 449 4655 4653
8818 2 2 1 1 4655 4656 4653
8819 2 2 1 1 4655 1302 4656
8820 2 2 1 1 4653 4656 1301
8821 2 2 1 1 1302 4657 4656
8822 2 2 1 1 4657 4658 4656
8823 2 2 1 1 4657 1303 4658
8824 2 2 1 1 4656 4658 1301
8825 2 2 1 1 1302 4659 4657
8826 2 2 1 1 4659 4660 4657
8827 2 2 1 1 4659 445 4660
8828 2 2 1 1 4657 4660 1303
8829 2 2 1 1 1301 4658 4654
8830 2 2 1 1 4658 4661 4654
8831 2 2 1 1 4658 1303 4661
8832 2 2 1 1 4654 4661 443
8833 2 2 1 1 449 4646 4655
8834 2 2 1 1 4646 4662 4655
8835 2 2 1 1 4646 1300 4662
8836 2 2 1 1 4655 4662 1302
8837 2 2 1 1 1300 4663 4662
8838 2 2 1 1 4663 4664 4662
8839 2 2 1 1 4663 1287 4664
8840 2 2 1 1 4662 4664 1302
8841 2 2 1 1 1300 4649 4663
8842 2 2 1 1 4649 4600 4663
8843 2 2 1 1 4649 229 4600
8844 2 2 1 1 4663 4600 1287
8845 2 2 1 1 1302 4664 4659
8846 2 2 1 1 4664 4599 4659
8847 2 2 1 1 4664 1287 4599
8848 2 2 1 1 4659 4599 445
8849 2 2 1 1 443 4661 4548
8850 2 2 1 1 4661 4665 4548
8851 2 2 1 1 4661 1303 4665
8852 2 2 1 1 4548 4665 1277
8853 2 2 1 1 1303 4666 4665
8854 2 2 1 1 4666 4667 4665
8855 2 2 1 1 4666 1286 4667
8856 2 2 1 1 4665 4667 1277
8857 2 2 1 1 1303 4660 4666
8858 2 2 1 1 4660 4594 4666
8859 2 2 1 1 4660 445 4594
8860 2 2 1 1 4666 4594 1286
8861 2 2 1 1 1277 4667 4552
8862 2 2 1 1 4667 4593 4552
8863 2 2 1 1 4667 1286 4593
8864 2 2 1 1 4552 4593 182
8865 2 2 1 1 118 78 4669
8866 2 2 1 1 78 4668 4669
8867 2 2 1 1 78 102 4668
8868 2 2 1 1 4669 4668 1305
8869 2 2 1 1 102 4670 4668
8870 2 2 1 1 4670 4671 4668
8871 2 2 1 1 4670 1304 4671
8872 2 2 1 1 4668 4671 1305
8873 2 2 1 1 102 79 4670
8874 2 2 1 1 79 4672 4670
8875 2 2 1 1 79 112 4672
8876 2 2 1 1 4670 4672 1304
8877 2 2 1 1 1305 4671 4674
8878 2 2 1 1 4671 4673 4674
8879 2 2 1 1 4671 1304 4673
8880 2 2 1 1 4674 4673 451
8881 2 2 1 1 112 4675 4672
8882 2 2 1 1 4675 4676 4672
8883 2 2 1 1 4675 1306 4676
8884 2 2 1 1 4672 4676 1304
8885 2 2 1 1 1306 4677 4676
8886 2 2 1 1 4677 4678 4676
8887 2 2 1 1 4677 1307 4678
8888 2 2 1 1 4676 4678 1304
8889 2 2 1 1 1306 4679 4677
8890 2 2 1 1 4679 4680 4677
8891 2 2 1 1 4679 450 4680
8892 2 2 1 1 4677 4680 1307
8893 2 2 1 1 1304 4678 4673
8894 2 2 1 1 4678 4681 4673
8895 2 2 1 1 4678 1307 4681
8896 2 2 1 1 4673 4681 451
8897 2 2 1 1 112 66 4675
8898 2 2 1 1 66 4682 4675
8899 2 2 1 1 66 101 4682
8900 2 2 1 1 4675 4682 1306
8901 2 2 1 1 101 4683 4682
8902 2 2 1 1 4683 4684 4682
8903 2 2 1 1 4683 1308 4684
8904 2 2 1 1 4682 4684 1306
8905 2 2 1 1 101 81 4683
8906 2 2 1 1 81 4685 4683
8907 2 2 1 1 81 117 4685
8908 2 2 1 1 4683 4685 1308
8909 2 2 1 1 1306 4684 4679
8910 2 2 1 1 4684 4686 4679
8911 2 2 1 1 4684 1308 4686
8912 2 2 1 1 4679 4686 450
8913 2 2 1 1 451 4681 4688
8914 2 2 1 1 4681 4687 4688
8915 2 2 1 1 4681 1307 4687
8916 2 2 1 1 4688 4687 1310
8917 2 2 1 1 1307 4689 4687
8918 2 2 1 1 4689 4690 4687
8919 2 2 1 1 4689 1309 4690
8920 2 2 1 1 4687 4690 1310
8921 2 2 1 1 1307 4680 4689
8922 2 2 1 1 4680 4691 4689
8923 2 2 1 1 4680 450 4691
8924 2 2 1 1 4689 4691 1309
8925 2 2 1 1 1310 4690 4693
8926 2 2 1 1 4690 4692 4693
8927 2 2 1 1 4690 1309 4692
8928 2 2 1 1 4693 4692 199
8929 2 2 1 1 117 82 4685
8930 2 2 1 1 82 4694 4685
8931 2 2 1 1 82 100 4694
8932 2 2 1 1 4685 4694 1308
8933 2 2 1 1 100 4695 4694
8934 2 2 1 1 4695 4696 4694
8935 2 2 1 1 4695 1311 4696
8936 2 2 1 1 4694 4696 1308
8937 2 2 1 1 100 83 4695
8938 2 2 1 1 83 4697 4695
8939 2 2 1 1 83 111 4697
8940 2 2 1 1 4695 4697 1311
8941 2 2 1 1 1308 4696 4686
8942 2 2 1 1 4696 4698 4686
8943 2 2 1 1 4696 1311 4698
8944 2 2 1 1 4686 4698 450
8945 2 2 1 1 111 4699 4697
8946 2 2 1 1 4699 4700 4697
8947 2 2 1 1 4699 1312 4700
8948 2 2 1 1 4697 4700 1311
8949 2 2 1 1 1312 4701 4700
8950 2 2 1 1 4701 4702 4700
8951 2 2 1 1 4701 1313 4702
8952 2 2 1 1 4700 4702 1311
8953 2 2 1 1 1312 4703 4701
8954 2 2 1 1 4703 4704 4701
8955 2 2 1 1 4703 319 4704
8956 2 2 1 1 4701 4704 1313
8957 2 2 1 1 1311 4702 4698
8958 2 2 1 1 4702 4705 4698
8959 2 2 1 1 4702 1313 4705
8960 2 2 1 1 4698 4705 450
8961 2 2 1 1 111 84 4699
8962 2 2 1 1 84 4706 4699
8963 2 2 1 1 84 99 4706
8964 2 2 1 1 4699 4706 1312
8965 2 2 1 1 99 4707 4706
8966 2 2 1 1 4707 4708 4706
8967 2 2 1 1 4707 777 4708
8968 2 2 1 1 4706 4708 1312
8969 2 2 1 1 99 85 4707
8970 2 2 1 1 85 2548 4707
8971 2 2 1 1 85 121 2548
8972 2 2 1 1 4707 2548 777
8973 2 2 1 1 1312 4708 4703
8974 2 2 1 1 4708 2547 4703
8975 2 2 1 1 4708 777 2547
8976 2 2 1 1 4703 2547 319
8977 2 2 1 1 450 4705 4691
8978 2 2 1 1 4705 4709 4691
8979 2 2 1 1 4705 1313 4709
8980 2 2 1 1 4691 4709 1309
8981 2 2 1 1 1313 4710 4709
8982 2 2 1 1 4710 4711 4709
8983 2 2 1 1 4710 776 4711
8984 2 2 1 1 4709 4711 1309
8985 2 2 1 1 1313 4704 4710
8986 2 2 1 1 4704 2542 4710
8987 2 2 1 1 4704 319 2542
8988 2 2 1 1 4710 2542 776
8989 2 2 1 1 1309 4711 4692
8990 2 2 1 1 4711 2541 4692
8991 2 2 1 1 4711 776 2541
8992 2 2 1 1 4692 2541 199
8993 2 2 1 1 199 4603 4713
8994 2 2 1 1 4603 4712 4713
8995 2 2 1 1 4603 1290 4712
8996 2 2 1 1 4713 4712 1315
8997 2 2 1 1 1290 4714 4712
8998 2 2 1 1 4714 4715 4712
8999 2 2 1 1 4714 1314 4715
9000 2 2 1 1 4712 4715 1315
9001 2 2 1 1 1290 4608 4714
9002 2 2 1 1 4608 4716 4714
9003 2 2 1 1 4608 448 4716
9004 2 2 1 1 4714 4716 1314
9005 2 2 1 1 1315 4715 4718
9006 2 2 1 1 4715 4717 4718
9007 2 2 1 1 4715 1314 4717
9008 2 2 1 1 4718 4717 453
9009 2 2 1 1 448 4719 4716
9010 2 2 1 1 4719 4720 4716
9011 2 2 1 1 4719 1316 4720
9012 2 2 1 1 4716 4720 1314
9013 2 2 1 1 1316 4721 4720
9014 2 2 1 1 4721 4722 4720
9015 2 2 1 1 4721 1317 4722
9016 2 2 1 1 4720 4722 1314
9017 2 2 1 1 1316 4723 4721
9018 2 2 1 1 4723 4724 4721
9019 2 2 1 1 4723 452 4724
9020 2 2 1 1 4721 4724 1317
9021 2 2 1 1 1314 4722 4717
9022 2 2 1 1 4722 4725 4717
9023 2 2 1 1 4722 1317 4725
9024 2 2 1 1 4717 4725 453
9025 2 2 1 1 448 4622 4719
9026 2 2 1 1 4622 4726 4719
9027 2 2 1 1 4622 1295 4726
9028 2 2 1 1 4719 4726 1316
9029 2 2 1 1 1295 4727 4726
9030 2 2 1 1 4727 4728 4726
9031 2 2 1 1 4727 1318 4728
9032 2 2 1 1 4726 4728 1316
9033 2 2 1 1 1295 4627 4727
9034 2 2 1 1 4627 4729 4727
9035 2 2 1 1 4627 176 4729
9036 2 2 1 1 4727 4729 1318
9037 2 2 1 1 1316 4728 4723
9038 2 2 1 1 4728 4730 4723
9039 2 2 1 1 4728 1318 4730
9040 2 2 1 1 4723 4730 452
9041 2 2 1 1 453 4725 4732
9042 2 2 1 1 4725 4731 4732
9043 2 2 1 1 4725 1317 4731
9044 2 2 1 1 4732 4731 1320
9045 2 2 1 1 1317 4733 4731
9046 2 2 1 1 4733 4734 4731
9047 2 2 1 1 4733 1319 4734
9048 2 2 1 1 4731 4734 1320
9049 2 2 1 1 1317 4724 4733
9050 2 2 1 1 4724 4735 4733
9051 2 2 1 1 4724 452 4735
9052 2 2 1 1 4733 4735 1319
9053 2 2 1 1 1320 4734 4737
9054 2 2 1 1 4734 4736 4737
9055 2 2 1 1 4734 1319 4736
9056 2 2 1 1 4737 4736 230
9057 2 2 1 1 199 4713 4693
9058 2 2 1 1 4713 4738 4693
9059 2 2 1 1 4713 1315 4738
9060 2 2 1 1 4693 4738 1310
9061 2 2 1 1 1315 4739 4738
9062 2 2 1 1 4739 4740 4738
9063 2 2 1 1 4739 1321 4740
9064 2 2 1 1 4738 4740 1310
9065 2 2 1 1 1315 4718 4739
9066 2 2 1 1 4718 4741 4739
9067 2 2 1 1 4718 453 4741
9068 2 2 1 1 4739 4741 1321
9069 2 2 1 1 1310 4740 4688
9070 2 2 1 1 4740 4742 4688
9071 2 2 1 1 4740 1321 4742
9072 2 2 1 1 4688 4742 451
9073 2 2 1 1 453 4743 4741
9074 2 2 1 1 4743 4744 4741
9075 2 2 1 1 4743 1322 4744
9076 2 2 1 1 4741 4744 1321
9077 2 2 1 1 1322 4745 4744
9078 2 2 1 1 4745 4746 4744
9079 2 2 1 1 4745 1323 4746
9080 2 2 1 1 4744 4746 1321
9081 2 2 1 1 1322 4747 4745
9082 2 2 1 1 4747 4748 4745
9083 2 2 1 1 4747 454 4748
9084 2 2 1 1 4745 4748 1323
9085 2 2 1 1 1321 4746 4742
9086 2 2 1 1 4746 4749 4742
9087 2 2 1 1 4746 1323 4749
9088 2 2 1 1 4742 4749 451
9089 2 2 1 1 453 4732 4743
9090 2 2 1 1 4732 4750 4743
9091 2 2 1 1 4732 1320 4750
9092 2 2 1 1 4743 4750 1322
9093 2 2 1 1 1320 4751 4750
9094 2 2 1 1 4751 4752 4750
9095 2 2 1 1 4751 1324 4752
9096 2 2 1 1 4750 4752 1322
9097 2 2 1 1 1320 4737 4751
9098 2 2 1 1 4737 4753 4751
9099 2 2 1 1 4737 230 4753
9100 2 2 1 1 4751 4753 1324
9101 2 2 1 1 1322 4752 4747
9102 2 2 1 1 4752 4754 4747
9103 2 2 1 1 4752 1324 4754
9104 2 2 1 1 4747 4754 454
9105 2 2 1 1 451 4749 4674
9106 2 2 1 1 4749 4755 4674
9107 2 2 1 1 4749 1323 4755
9108 2 2 1 1 4674 4755 1305
9109 2 2 1 1 1323 4756 4755
9110 2 2 1 1 4756 4757 4755
9111 2 2 1 1 4756 1325 4757
9112 2 2 1 1 4755 4757 1305
9113 2 2 1 1 1323 4748 4756
9114 2 2 1 1 4748 4758 4756
9115 2 2 1 1 4748 454 4758
9116 2 2 1 1 4756 4758 1325
9117 2 2 1 1 1305 4757 4669
9118 2 2 1 1 4757 4759 4669
9119 2 2 1 1 4757 1325 4759
9120 2 2 1 1 4669 4759 118
9121 2 2 1 1 202 4760 4762
9122 2 2 1 1 4760 4761 4762
9123 2 2 1 1 4760 1326 4761
9124 2 2 1 1 4762 4761 1328
9125 2 2 1 1 1326 4763 4761
9126 2 2 1 1 4763 4764 4761
9127 2 2 1 1 4763 1327 4764
9128 2 2 1 1 4761 4764 1328
9129 2 2 1 1 1326 4765 4763
9130 2 2 1 1 4765 4766 4763
9131 2 2 1 1 4765 455 4766
9132 2 2 1 1 4763 4766 1327
9133 2 2 1 1 1328 4764 4768
9134 2 2 1 1 4764 4767 4768
9135 2 2 1 1 4764 1327 4767
9136 2 2 1 1 4768 4767 456
9137 2 2 1 1 455 4769 4766
9138 2 2 1 1 4769 4770 4766
9139 2 2 1 1 4769 1329 4770
9140 2 2 1 1 4766 4770 1327
9141 2 2 1 1 1329 4771 4770
9142 2 2 1 1 4771 4772 4770
9143 2 2 1 1 4771 1330 4772
9144 2 2 1 1 4770 4772 1327
9145 2 2 1 1 1329 4773 4771
9146 2 2 1 1 4773 4774 4771
9147 2 2 1 1 4773 454 4774
9148 2 2 1 1 4771 4774 1330
9149 2 2 1 1 1327 4772 4767
9150 2 2 1 1 4772 4775 4767
9151 2 2 1 1 4772 1330 4775
9152 2 2 1 1 4767 4775 456
9153 2 2 1 1 455 4776 4769
9154 2 2 1 1 4776 4777 4769
9155 2 2 1 1 4776 1331 4777
9156 2 2 1 1 4769 4777 1329
9157 2 2 1 1 1331 4778 4777
9158 2 2 1 1 4778 4779 4777
9159 2 2 1 1 4778 1325 4779
9160 2 2 1 1 4777 4779 1329
9161 2 2 1 1 1331 4780 4778
9162 2 2 1 1 4780 4759 4778
9163 2 2 1 1 4780 118 4759
9164 2 2 1 1 4778 4759 1325
9165 2 2 1 1 1329 4779 4773
9166 2 2 1 1 4779 4758 4773
9167 2 2 1 1 4779 1325 4758
9168 2 2 1 1 4773 4758 454
9169 2 2 1 1 456 4775 4782
9170 2 2 1 1 4775 4781 4782
9171 2 2 1 1 4775 1330 4781
9172 2 2 1 1 4782 4781 1332
9173 2 2 1 1 1330 4783 4781
9174 2 2 1 1 4783 4784 4781
9175 2 2 1 1 4783 1324 4784
9176 2 2 1 1 4781 4784 1332
9177 2 2 1 1 1330 4774 4783
9178 2 2 1 1 4774 4754 4783
9179 2 2 1 1 4774 454 4754
9180 2 2 1 1 4783 4754 1324
9181 2 2 1 1 1332 4784 4785
9182 2 2 1 1 4784 4753 4785
9183 2 2 1 1 4784 1324 4753
9184 2 2 1 1 4785 4753 230
9185 2 2 1 1 202 4762 2661
9186 2 2 1 1 4762 4786 2661
9187 2 2 1 1 4762 1328 4786
9188 2 2 1 1 2661 4786 810
9189 2 2 1 1 1328 4787 4786
9190 2 2 1 1 4787 4788 4786
9191 2 2 1 1 4787 1333 4788
9192 2 2 1 1 4786 4788 810
9193 2 2 1 1 1328 4768 4787
9194 2 2 1 1 4768 4789 4787
9195 2 2 1 1 4768 456 4789
9196 2 2 1 1 4787 4789 1333
9197 2 2 1 1 810 4788 2656
9198 2 2 1 1 4788 4790 2656
9199 2 2 1 1 4788 1333 4790
9200 2 2 1 1 2656 4790 330
9201 2 2 1 1 456 4791 4789
9202 2 2 1 1 4791 4792 4789
9203 2 2 1 1 4791 1334 4792
9204 2 2 1 1 4789 4792 1333
9205 2 2 1 1 1334 4793 4792
9206 2 2 1 1 4793 4794 4792
9207 2 2 1 1 4793 1335 4794
9208 2 2 1 1 4792 4794 1333
9209 2 2 1 1 1334 4795 4793
9210 2 2 1 1 4795 4796 4793
9211 2 2 1 1 4795 452 4796
9212 2 2 1 1 4793 4796 1335
9213 2 2 1 1 1333 4794 4790
9214 2 2 1 1 4794 4797 4790
9215 2 2 1 1 4794 1335 4797
9216 2 2 1 1 4790 4797 330
9217 2 2 1 1 456 4782 4791
9218 2 2 1 1 4782 4798 4791
9219 2 2 1 1 4782 1332 4798
9220 2 2 1 1 4791 4798 1334
9221 2 2 1 1 1332 4799 4798
9222 2 2 1 1 4799 4800 4798
9223 2 2 1 1 4799 1319 4800
9224 2 2 1 1 4798 4800 1334
9225 2 2 1 1 1332 4785 4799
9226 2 2 1 1 4785 4736 4799
9227 2 2 1 1 4785 230 4736
9228 2 2 1 1 4799 4736 1319
9229 2 2 1 1 1334 4800 4795
9230 2 2 1 1 4800 4735 4795
9231 2 2 1 1 4800 1319 4735
9232 2 2 1 1 4795 4735 452
9233 2 2 1 1 330 4797 2640
9234 2 2 1 1 4797 4801 2640
9235 2 2 1 1 4797 1335 4801
9236 2 2 1 1 2640 4801 804
9237 2 2 1 1 1335 4802 4801
9238 2 2 1 1 4802 4803 4801
9239 2 2 1 1 4802 1318 4803
9240 2 2 1 1 4801 4803 804
9241 2 2 1 1 1335 4796 4802
9242 2 2 1 1 4796 4730 4802
9243 2 2 1 1 4796 452 4730
9244 2 2 1 1 4802 4730 1318
9245 2 2 1 1 804 4803 2634
9246 2 2 1 1 4803 4729 2634
9247 2 2 1 1 4803 1318 4729
9248 2 2 1 1 2634 4729 176
9249 2 2 1 1 50 86 2662
9250 2 2 1 1 86 4804 2662
9251 2 2 1 1 86 98 4804
9252 2 2 1 1 2662 4804 811
9253 2 2 1 1 98 4805 4804
9254 2 2 1 1 4805 4806 4804
9255 2 2 1 1 4805 1336 4806
9256 2 2 1 1 4804 4806 811
9257 2 2 1 1 98 87 4805
9258 2 2 1 1 87 4807 4805
9259 2 2 1 1 87 110 4807
9260 2 2 1 1 4805 4807 1336
9261 2 2 1 1 811 4806 2667
9262 2 2 1 1 4806 4808 2667
9263 2 2 1 1 4806 1336 4808
9264 2 2 1 1 2667 4808 331
9265 2 2 1 1 110 4809 4807
9266 2 2 1 1 4809 4810 4807
9267 2 2 1 1 4809 1337 4810
9268 2 2 1 1 4807 4810 1336
9269 2 2 1 1 1337 4811 4810
9270 2 2 1 1 4811 4812 4810
9271 2 2 1 1 4811 1338 4812
9272 2 2 1 1 4810 4812 1336
9273 2 2 1 1 1337 4813 4811
9274 2 2 1 1 4813 4814 4811
9275 2 2 1 1 4813 457 4814
9276 2 2 1 1 4811 4814 1338
9277 2 2 1 1 1336 4812 4808
9278 2 2 1 1 4812 4815 4808
9279 2 2 1 1 4812 1338 4815
9280 2 2 1 1 4808 4815 331
9281 2 2 1 1 110 88 4809
9282 2 2 1 1 88 4816 4809
9283 2 2 1 1 88 97 4816
9284 2 2 1 1 4809 4816 1337
9285 2 2 1 1 97 4817 4816
9286 2 2 1 1 4817 4818 4816
9287 2 2 1 1 4817 1339 4818
9288 2 2 1 1 4816 4818 1337
9289 2 2 1 1 97 89 4817
9290 2 2 1 1 89 4819 4817
9291 2 2 1 1 89 116 4819
9292 2 2 1 1 4817 4819 1339
9293 2 2 1 1 1337 4818 4813
9294 2 2 1 1 4818 4820 4813
9295 2 2 1 1 4818 1339 4820
9296 2 2 1 1 4813 4820 457
9297 2 2 1 1 331 4815 2678
9298 2 2 1 1 4815 4821 2678
9299 2 2 1 1 4815 1338 4821
9300 2 2 1 1 2678 4821 816
9301 2 2 1 1 1338 4822 4821
9302 2 2 1 1 4822 4823 4821
9303 2 2 1 1 4822 1340 4823
9304 2 2 1 1 4821 4823 816
9305 2 2 1 1 1338 4814 4822
9306 2 2 1 1 4814 4824 4822
9307 2 2 1 1 4814 457 4824
9308 2 2 1 1 4822 4824 1340
9309 2 2 1 1 816 4823 2682
9310 2 2 1 1 4823 4825 2682
9311 2 2 1 1 4823 1340 4825
9312 2 2 1 1 2682 4825 202
9313 2 2 1 1 116 90 4819
9314 2 2 1 1 90 4826 4819
9315 2 2 1 1 90 96 4826
9316 2 2 1 1 4819 4826 1339
9317 2 2 1 1 96 4827 4826
9318 2 2 1 1 4827 4828 4826
9319 2 2 1 1 4827 1341 4828
9320 2 2 1 1 4826 4828 1339
9321 2 2 1 1 96 91 4827
9322 2 2 1 1 91 4829 4827
9323 2 2 1 1 91 109 4829
9324 2 2 1 1 4827 4829 1341
9325 2 2 1 1 1339 4828 4820
9326 2 2 1 1 4828 4830 4820
9327 2 2 1 1 4828 1341 4830
9328 2 2 1 1 4820 4830 457
9329 2 2 1 1 109 4831 4829
9330 2 2 1 1 4831 4832 4829
9331 2 2 1 1 4831 1342 4832
9332 2 2 1 1 4829 4832 1341
9333 2 2 1 1 1342 4833 4832
9334 2 2 1 1 4833 4834 4832
9335 2 2 1 1 4833 1343 4834
9336 2 2 1 1 4832 4834 1341
9337 2 2 1 1 1342 4835 4833
9338 2 2 1 1 4835 4836 4833
9339 2 2 1 1 4835 455 4836
9340 2 2 1 1 4833 4836 1343
9341 2 2 1 1 1341 4834 4830
9342 2 2 1 1 4834 4837 4830
9343 2 2 1 1 4834 1343 4837
9344 2 2 1 1 4830 4837 457
9345 2 2 1 1 109 92 4831
9346 2 2 1 1 92 4838 4831
9347 2 2 1 1 92 95 4838
9348 2 2 1 1 4831 4838 1342
9349 2 2 1 1 95 4839 4838
9350 2 2 1 1 4839 4840 4838
9351 2 2 1 1 4839 1331 4840
9352 2 2 1 1 4838 4840 1342
9353 2 2 1 1 95 93 4839
9354 2 2 1 1 93 4780 4839
9355 2 2 1 1 93 118 4780
9356 2 2 1 1 4839 4780 1331
9357 2 2 1 1 1342 4840 4835
9358 2 2 1 1 4840 4776 4835
9359 2 2 1 1 4840 1331 4776
9360 2 2 1 1 4835 4776 455
9361 2 2 1 1 457 4837 4824
9362 2 2 1 1 4837 4841 4824
9363 2 2 1 1 4837 1343 4841
9364 2 2 1 1 4824 4841 1340
9365 2 2 1 1 1343 4842 4841
9366 2 2 1 1 4842 4843 4841
9367 2 2 1 1 4842 1326 4843
9368 2 2 1 1 4841 4843 1340
9369 2 2 1 1 1343 4836 4842
9370 2 2 1 1 4836 4765 4842
9371 2 2 1 1 4836 455 4765
9372 2 2 1 1 4842 4765 1326
9373 2 2 1 1 1340 4843 4825
9374 2 2 1 1 4843 4760 4825
9375 2 2 1 1 4843 1326 4760
9376 2 2 1 1 4825 4760 202
$EndElements
