$MeshFormat
2.2 0 8
$EndMeshFormat
$PhysicalNames
5
1 2 "Γ¹"
1 3 "Γ²"
1 4 "Γ³"
1 5 "Γ⁴"
2 1 "Ω"
$EndPhysicalNames
$Nodes
1263
1 3.499999999998681 0 0
2 3.749999999999341 0 0
3 3.249999999998022 0 0
4 2.749999999996714 0 0
5 2.249999999995417 0 0
6 1.749999999995487 0 0
7 1.249999999996925 0 0
8 0.7499999999982329 0 0
9 0.2499999999994109 0 0
10 0 0 0
11 2.499999999996065 0 0
12 1.499999999996206 0 0
13 0.4999999999988219 0 0
14 2.999999999997363 0 0
15 1.999999999994768 0 0
16 0.9999999999976438 0 0
17 4 0 0
18 4 4 0
19 4 0.9999999999976438 0
20 4 1.999999999994768 0
21 4 2.999999999997363 0
22 4 0.4999999999988219 0
23 4 1.499999999996206 0
24 4 2.499999999996065 0
25 4 3.499999999998681 0
26 4 0.2499999999994109 0
27 4 0.7499999999982329 0
28 4 1.249999999996925 0
29 4 1.749999999995487 0
30 4 2.249999999995417 0
31 4 2.749999999996714 0
32 4 3.249999999998022 0
33 4 3.749999999999341 0
34 2.750000000003101 4 0
35 3.562500000000608 4 0
36 3.687500000000433 4 0
37 3.81250000000026 4 0
38 3.937500000000087 4 0
39 3.062500000001301 4 0
40 3.187500000001128 4 0
41 3.312500000000954 4 0
42 3.437500000000781 4 0
43 0.2500000000010405 4 0
44 0.7500000000031215 4 0
45 1.250000000005181 4 0
46 1.750000000007219 4 0
47 2.250000000006525 4 0
48 0 4 0
49 3.62500000000052 4 0
50 3.875000000000173 4 0
51 3.125000000001214 4 0
52 3.375000000000868 4 0
53 0.500000000002081 4 0
54 1.5000000000062 4 0
55 2.500000000004813 4 0
56 3.750000000000347 4 0
57 3.250000000001041 4 0
58 3.500000000000694 4 0
59 1.000000000004162 4 0
60 2.000000000008238 4 0
61 3.000000000001388 4 0
62 0 3.750000000000347 0
63 0 0.1250000000005203 0
64 0 0.3750000000015608 0
65 0 0.6250000000026013 0
66 0 0.8750000000036418 0
67 0 1.250000000005181 0
68 0 1.750000000007219 0
69 0 2.250000000006525 0
70 0 2.750000000003101 0
71 0 3.250000000001041 0
72 0 3.000000000001388 0
73 0 0.2500000000010405 0
74 0 0.7500000000031215 0
75 0 1.5000000000062 0
76 0 2.500000000004813 0
77 0 3.500000000000694 0
78 0 0.500000000002081 0
79 0 1.000000000004162 0
80 0 2.000000000008238 0
81 0.9999999999992735 1.000000000002533 0
82 1.000000000000903 2.000000000004871 0
83 1.000000000002533 3.000000000000381 0
84 1.999999999998136 1.000000000000903 0
85 2.000000000001503 2.000000000001503 0
86 2.000000000004871 2.999999999999376 0
87 2.999999999998369 0.9999999999992735 0
88 2.999999999999376 1.999999999998136 0
89 3.000000000000381 2.999999999998368 0
90 0.4999999999996367 0.5000000000012665 0
91 0.5000000000004515 1.500000000004517 0
92 1.500000000000388 1.500000000002018 0
93 1.500000000002887 2.500000000002124 0
94 2.500000000000942 2.499999999999935 0
95 2.500000000003129 3.499999999999688 0
96 3.500000000000191 3.499999999999184 0
97 0.4999999999996367 1.000000000003348 0
98 1.000000000000088 1.500000000003702 0
99 1.500000000001203 2.000000000003187 0
100 2.000000000003187 2.50000000000044 0
101 2.500000000002626 2.999999999998872 0
102 3.000000000000885 3.499999999999184 0
103 0.2499999999998184 0.7500000000027143 0
104 0.7499999999994551 0.7500000000018998 0
105 0.9999999999984586 0.5000000000012665 0
106 0.7499999999998626 1.250000000003525 0
107 1.250000000000646 1.750000000003445 0
108 1.249999999999831 1.250000000002276 0
109 1.499999999998705 1.000000000001718 0
110 1.750000000000945 1.75000000000176 0
111 1.999999999999819 1.500000000001203 0
112 1.750000000002195 2.250000000001813 0
113 2.250000000001222 2.250000000000719 0
114 2.50000000000044 1.999999999999819 0
115 2.750000000000662 2.749999999999152 0
116 2.999999999999878 2.499999999998252 0
117 2.250000000002907 2.749999999999655 0
118 2.750000000001755 3.249999999999028 0
119 3.250000000000789 3.749999999999592 0
120 3.250000000000286 3.249999999998776 0
121 3.500000000000191 2.999999999997866 0
122 3.750000000000095 3.749999999999592 0
123 4 3.499999999998681 0
124 0.2499999999998184 0.5000000000016738 0
125 0.2499999999998184 0.2500000000006333 0
126 0.2499999999998184 1.000000000003755 0
127 0.2500000000002258 1.250000000004339 0
128 0.4999999999996367 0.750000000002307 0
129 0.7499999999994551 1.00000000000294 0
130 0.75000000000027 1.500000000004109 0
131 0.7500000000006772 1.750000000004694 0
132 0.9999999999996809 1.250000000003118 0
133 1.250000000000238 1.50000000000286 0
134 1.250000000001053 2.000000000004029 0
135 1.250000000001895 2.250000000003498 0
136 1.500000000000796 1.750000000002602 0
137 1.750000000001353 2.000000000002345 0
138 1.750000000003037 2.500000000001282 0
139 1.750000000003879 2.75000000000075 0
140 2.000000000002345 2.250000000000971 0
141 2.250000000002064 2.500000000000187 0
142 2.500000000001784 2.749999999999404 0
143 2.750000000001504 2.99999999999862 0
144 2.250000000003749 2.999999999999124 0
145 2.250000000004 3.249999999999532 0
146 2.750000000002007 3.499999999999436 0
147 2.750000000002259 3.749999999999844 0
148 3.000000000000633 3.249999999998776 0
149 3.250000000000537 3.499999999999184 0
150 3.500000000000442 3.749999999999592 0
151 0.5000000000004515 2.000000000006555 0
152 1.000000000001718 2.500000000002626 0
153 0.5000000000012665 2.500000000004309 0
154 0.5000000000012665 3.000000000000885 0
155 1.000000000003348 3.500000000000191 0
156 0.500000000002081 3.500000000000694 0
157 1.999999999996452 0.5000000000004515 0
158 1.49999999999789 0.5000000000004515 0
159 1.499999999998705 1.000000000001718 0
160 0.9999999999984586 0.5000000000012665 0
161 1.500000000003702 2.999999999999878 0
162 2.000000000006555 3.499999999999688 0
163 1.500000000005385 3.500000000000191 0
164 2.999999999997866 0.4999999999996367 0
165 2.499999999996569 0.4999999999996367 0
166 2.499999999998253 1.000000000000088 0
167 2.999999999998872 1.499999999998705 0
168 2.499999999998756 1.499999999999519 0
169 2.50000000000044 1.999999999999819 0
170 1.999999999999819 1.500000000001203 0
171 3.499999999998681 0.4999999999988219 0
172 3.499999999999185 0.9999999999984586 0
173 3.499999999999185 1.499999999997021 0
174 3.499999999999688 1.999999999996452 0
175 3.499999999999688 2.499999999997749 0
176 3.500000000000191 2.999999999997866 0
177 2.999999999999878 2.499999999998252 0
178 0.7499999999986402 0.2500000000006333 0
179 0.2499999999998183 0.2500000000006333 0
180 0.2500000000002258 1.25000000000434 0
181 0.2500000000002258 1.750000000006378 0
182 0.7500000000006772 1.750000000004694 0
183 1.250000000001895 2.250000000003498 0
184 1.25000000000271 2.750000000001252 0
185 1.750000000003879 2.75000000000075 0
186 2.250000000004 3.249999999999532 0
187 2.250000000005683 3.749999999999844 0
188 2.750000000002259 3.749999999999844 0
189 0.1249999999999092 0.6250000000023976 0
190 0.1249999999999092 0.8750000000034381 0
191 0.7499999999990477 0.5000000000012665 0
192 0.8749999999989568 0.6250000000015832 0
193 0.6249999999995459 0.6250000000015832 0
194 0.8749999999993643 0.8750000000022164 0
195 0.999999999998866 0.7500000000018998 0
196 0.9999999999980511 0.2500000000006333 0
197 0.6249999999997496 1.125000000003436 0
198 0.625000000000157 1.375000000004021 0
199 0.5000000000000441 1.250000000003932 0
200 1.125000000000367 1.625000000003574 0
201 1.125000000000774 1.875000000004158 0
202 1.000000000000496 1.750000000004287 0
203 1.249999999998989 1.000000000002125 0
204 1.374999999999268 1.125000000001997 0
205 1.124999999999552 1.125000000002405 0
206 1.375000000000109 1.375000000002147 0
207 1.499999999999547 1.250000000001868 0
208 1.749999999999262 1.250000000001461 0
209 1.74999999999842 1.000000000001311 0
210 1.750000000000103 1.50000000000161 0
211 1.875000000000382 1.625000000001481 0
212 1.625000000000667 1.625000000001889 0
213 1.875000000001224 1.875000000001631 0
214 2.000000000000661 1.750000000001353 0
215 1.999999999998977 1.250000000001053 0
216 1.625000000001699 2.1250000000025 0
217 1.625000000002541 2.375000000001969 0
218 1.500000000002045 2.250000000002656 0
219 2.250000000000972 2.000000000000661 0
220 2.375000000000831 2.125000000000269 0
221 2.125000000001362 2.125000000001111 0
222 2.375000000001082 2.375000000000327 0
223 2.500000000000691 2.249999999999877 0
224 2.750000000000159 2.249999999999035 0
225 2.749999999999908 1.999999999998977 0
226 2.75000000000041 2.499999999999094 0
227 2.87500000000027 2.624999999998702 0
228 2.625000000000802 2.624999999999543 0
229 2.875000000000521 2.87499999999876 0
230 3.00000000000013 2.74999999999831 0
231 2.999999999999627 2.249999999998194 0
232 2.125000000003047 2.625000000000048 0
233 2.125000000003889 2.874999999999515 0
234 2.000000000004029 2.749999999999908 0
235 2.62500000000219 3.12499999999895 0
236 2.625000000002442 3.374999999999358 0
237 2.500000000002878 3.24999999999928 0
238 3.125000000000837 3.624999999999388 0
239 3.125000000001088 3.874999999999796 0
240 3.000000000001136 3.749999999999592 0
241 3.250000000000286 2.999999999998117 0
242 3.375000000000238 3.124999999998321 0
243 3.125000000000334 3.124999999998572 0
244 3.375000000000238 3.37499999999898 0
245 3.500000000000191 3.249999999998525 0
246 3.750000000000095 3.249999999998273 0
247 3.750000000000095 2.999999999997614 0
248 3.750000000000095 3.499999999998932 0
249 3.875000000000048 3.624999999999137 0
250 3.625000000000143 3.624999999999388 0
251 3.875000000000048 3.874999999999796 0
252 4 3.749999999999341 0
253 4 3.249999999998022 0
254 0.1249999999999092 0.5000000000018774 0
255 0.2499999999998184 0.625000000002194 0
256 0.3749999999997276 0.5000000000014702 0
257 0.3749999999997276 0.6250000000019904 0
258 0.1249999999999092 0.3750000000013571 0
259 0.2499999999998184 0.3750000000011535 0
260 0.3749999999997276 0.3750000000009499 0
261 0.1249999999999092 0.1250000000003167 0
262 0.3749999999997276 0.8750000000030311 0
263 0.3749999999997276 1.000000000003551 0
264 0.2499999999998184 0.8750000000032346 0
265 0.1249999999999092 1.000000000003959 0
266 0.3749999999999313 1.125000000003844 0
267 0.2500000000000221 1.125000000004047 0
268 0.1250000000001129 1.12500000000425 0
269 0.3750000000003387 1.375000000004428 0
270 0.4999999999996367 0.6250000000017868 0
271 0.3749999999997276 0.7500000000025107 0
272 0.4999999999996367 0.8750000000028275 0
273 0.6249999999995459 0.8750000000026239 0
274 0.6249999999995459 0.7500000000021034 0
275 0.8749999999993643 1.000000000002736 0
276 0.7499999999994551 0.87500000000242 0
277 0.6249999999995459 1.000000000003144 0
278 0.7499999999996588 1.125000000003233 0
279 0.874999999999568 1.125000000003029 0
280 0.8749999999999752 1.375000000003614 0
281 0.875000000000179 1.500000000003905 0
282 0.7500000000000663 1.375000000003817 0
283 0.6250000000003608 1.500000000004313 0
284 0.8750000000003826 1.625000000004198 0
285 0.7500000000004736 1.625000000004401 0
286 0.6250000000005644 1.625000000004606 0
287 0.8750000000007901 1.875000000004783 0
288 0.9999999999994772 1.125000000002826 0
289 0.8749999999997717 1.250000000003321 0
290 0.9999999999998844 1.37500000000341 0
291 1.12499999999996 1.375000000002989 0
292 1.124999999999756 1.250000000002697 0
293 1.125000000000163 1.500000000003281 0
294 1.250000000000442 1.625000000003153 0
295 1.375000000000313 1.500000000002439 0
296 1.375000000000517 1.625000000002732 0
297 1.250000000000035 1.375000000002568 0
298 1.375000000000925 1.875000000003316 0
299 1.375000000001128 2.000000000003608 0
300 1.25000000000085 1.875000000003737 0
301 1.125000000000978 2.00000000000445 0
302 1.375000000001549 2.125000000003342 0
303 1.250000000001474 2.125000000003764 0
304 1.125000000001399 2.125000000004185 0
305 1.375000000002391 2.375000000002811 0
306 1.500000000000592 1.62500000000231 0
307 1.375000000000721 1.750000000003023 0
308 1.500000000001 1.875000000002894 0
309 1.625000000001074 1.875000000002473 0
310 1.62500000000087 1.750000000002181 0
311 1.875000000001428 2.000000000001924 0
312 1.750000000001149 1.875000000002052 0
313 1.625000000001278 2.000000000002766 0
314 1.750000000001774 2.125000000002079 0
315 1.875000000001849 2.125000000001658 0
316 1.875000000002691 2.375000000001127 0
317 1.875000000003112 2.500000000000861 0
318 1.750000000002616 2.375000000001548 0
319 1.625000000002962 2.500000000001703 0
320 1.875000000003533 2.625000000000595 0
321 1.750000000003458 2.625000000001016 0
322 1.625000000003383 2.625000000001437 0
323 1.875000000004375 2.875000000000063 0
324 2.000000000001924 2.125000000001237 0
325 1.87500000000227 2.250000000001392 0
326 2.000000000002766 2.375000000000705 0
327 2.125000000002204 2.37500000000058 0
328 2.125000000001783 2.250000000000845 0
329 2.375000000001503 2.500000000000061 0
330 2.250000000001643 2.375000000000453 0
331 2.125000000002625 2.500000000000314 0
332 2.250000000002486 2.624999999999921 0
333 2.375000000001925 2.624999999999795 0
334 2.625000000001644 2.874999999999012 0
335 2.500000000002205 2.874999999999138 0
336 2.625000000001223 2.749999999999278 0
337 2.500000000001363 2.62499999999967 0
338 2.375000000002346 2.749999999999529 0
339 2.375000000002767 2.874999999999264 0
340 2.875000000000942 2.999999999998494 0
341 2.750000000001083 2.874999999998886 0
342 2.625000000002065 2.999999999998746 0
343 2.75000000000163 3.124999999998824 0
344 2.875000000001068 3.124999999998698 0
345 2.375000000003188 2.999999999998998 0
346 2.250000000003328 2.874999999999389 0
347 2.12500000000431 2.99999999999925 0
348 2.375000000003313 3.124999999999202 0
349 2.250000000003874 3.124999999999328 0
350 2.125000000004436 3.124999999999454 0
351 2.375000000003564 3.37499999999961 0
352 2.87500000000132 3.374999999999106 0
353 2.875000000001446 3.49999999999931 0
354 2.750000000001881 3.374999999999232 0
355 2.625000000002568 3.499999999999562 0
356 2.875000000001572 3.624999999999514 0
357 2.750000000002133 3.62499999999964 0
358 2.625000000002694 3.624999999999766 0
359 2.875000000001823 3.874999999999922 0
360 3.000000000000507 3.124999999998572 0
361 2.875000000001194 3.249999999998902 0
362 3.000000000000759 3.37499999999898 0
363 3.125000000000585 3.37499999999898 0
364 3.125000000000459 3.249999999998776 0
365 3.125000000000711 3.499999999999184 0
366 3.250000000000663 3.624999999999388 0
367 3.375000000000364 3.499999999999184 0
368 3.37500000000049 3.624999999999388 0
369 3.250000000000411 3.37499999999898 0
370 3.250000000000915 3.874999999999796 0
371 3.375000000000742 3.874999999999796 0
372 3.500000000000316 3.624999999999388 0
373 3.375000000000616 3.749999999999592 0
374 3.500000000000568 3.874999999999796 0
375 3.625000000000394 3.874999999999796 0
376 3.625000000000268 3.749999999999592 0
377 3.750000000000221 3.874999999999796 0
378 0.2500000000002258 2.000000000007396 0
379 0.5000000000008591 2.250000000005432 0
380 0.2500000000006333 2.250000000006274 0
381 0.7500000000010849 2.250000000004591 0
382 0.7500000000014924 2.500000000003468 0
383 0.7500000000006772 2.000000000005713 0
384 1.000000000001311 2.250000000003749 0
385 1.000000000002126 2.750000000001504 0
386 0.7500000000018998 2.750000000002345 0
387 0.7500000000018998 3.000000000000633 0
388 0.5000000000012665 2.750000000002597 0
389 0.2500000000006333 2.750000000002849 0
390 0.2500000000006333 2.500000000004561 0
391 0.2500000000006333 3.000000000001136 0
392 0.5000000000016738 3.250000000000789 0
393 0.2500000000010405 3.250000000001041 0
394 0.750000000002307 3.250000000000537 0
395 0.7500000000027143 3.500000000000442 0
396 1.00000000000294 3.250000000000286 0
397 1.000000000003755 3.750000000000095 0
398 0.7500000000031215 3.750000000000347 0
399 0.500000000002081 3.750000000000347 0
400 0.2500000000010405 3.750000000000347 0
401 0.2500000000010405 3.500000000000694 0
402 1.499999999997048 0.2500000000002258 0
403 1.249999999997767 0.2500000000002258 0
404 1.749999999996329 0.2500000000002258 0
405 1.749999999997171 0.5000000000004515 0
406 1.99999999999561 0.2500000000002258 0
407 1.999999999997294 0.7500000000006772 0
408 1.749999999998013 0.7500000000006772 0
409 1.74999999999842 1.000000000001311 0
410 1.499999999998297 0.7500000000010849 0
411 1.249999999998582 0.7500000000014924 0
412 1.249999999998174 0.5000000000008591 0
413 1.249999999998989 1.000000000002126 0
414 0.999999999998866 0.7500000000018998 0
415 0.9999999999980511 0.2500000000006333 0
416 1.250000000003118 3.00000000000013 0
417 1.500000000004544 3.250000000000035 0
418 1.250000000003959 3.250000000000286 0
419 1.750000000005128 3.249999999999783 0
420 1.75000000000597 3.49999999999994 0
421 1.750000000004287 2.999999999999627 0
422 2.000000000005713 3.249999999999532 0
423 2.000000000007396 3.749999999999844 0
424 1.750000000006812 3.750000000000095 0
425 1.500000000005793 3.750000000000095 0
426 1.250000000004774 3.750000000000095 0
427 1.250000000004367 3.500000000000191 0
428 2.499999999996317 0.2499999999998184 0
429 2.249999999995668 0.2499999999998184 0
430 2.749999999996966 0.2499999999998184 0
431 2.749999999997217 0.4999999999996367 0
432 2.999999999997614 0.2499999999998184 0
433 2.999999999998117 0.7499999999994551 0
434 2.749999999997469 0.7499999999994551 0
435 2.749999999998311 0.9999999999996809 0
436 2.499999999997411 0.7499999999998626 0
437 2.249999999997352 0.75000000000027 0
438 2.24999999999651 0.5000000000000442 0
439 2.249999999998194 1.000000000000496 0
440 2.499999999998504 1.249999999999804 0
441 2.249999999998446 1.250000000000211 0
442 2.749999999998562 1.249999999999396 0
443 2.749999999998814 1.499999999999112 0
444 2.999999999998621 1.249999999998989 0
445 2.999999999999124 1.74999999999842 0
446 2.749999999999066 1.749999999998828 0
447 2.749999999999908 1.999999999998978 0
448 2.499999999999598 1.749999999999669 0
449 2.25000000000013 1.750000000000511 0
450 2.249999999999288 1.500000000000361 0
451 2.250000000000971 2.000000000000661 0
452 2.000000000000661 1.750000000001353 0
453 1.999999999998978 1.250000000001053 0
454 3.499999999998681 0.2499999999994109 0
455 3.249999999998022 0.2499999999994109 0
456 3.749999999999341 0.2499999999994109 0
457 3.749999999999341 0.4999999999988219 0
458 3.749999999999341 0.7499999999982329 0
459 3.749999999999592 0.9999999999980511 0
460 3.499999999998933 0.7499999999986402 0
461 3.249999999998525 0.7499999999990477 0
462 3.249999999998273 0.4999999999992293 0
463 3.249999999998777 0.999999999998866 0
464 3.499999999999185 1.24999999999774 0
465 3.249999999998777 1.249999999998147 0
466 3.749999999999592 1.249999999997332 0
467 3.749999999999592 1.499999999996613 0
468 3.749999999999592 1.749999999995894 0
469 3.749999999999844 1.99999999999561 0
470 3.499999999999436 1.749999999996736 0
471 3.249999999999281 1.749999999997578 0
472 3.249999999999028 1.499999999997863 0
473 3.249999999999532 1.999999999997294 0
474 3.499999999999688 2.249999999997101 0
475 3.249999999999532 2.249999999997943 0
476 3.749999999999844 2.249999999996259 0
477 3.749999999999844 2.499999999996907 0
478 3.749999999999844 2.749999999997556 0
479 3.750000000000095 2.999999999997614 0
480 3.49999999999994 2.749999999997808 0
481 3.250000000000035 2.749999999998059 0
482 3.249999999999783 2.499999999998001 0
483 3.250000000000286 2.999999999998117 0
484 3.00000000000013 2.74999999999831 0
485 2.999999999999627 2.249999999998194 0
486 0.8749999999981419 0.1250000000003166 0
487 0.624999999998731 0.1250000000003166 0
488 0.4999999999992293 0.2500000000006333 0
489 0.3749999999993201 0.1250000000003166 0
490 0.6249999999991385 0.3750000000009499 0
491 0.3749999999997275 0.3750000000009499 0
492 0.1249999999999092 0.1250000000003166 0
493 0.1250000000001129 1.625000000006289 0
494 0.1250000000001129 1.875000000007308 0
495 0.1250000000001129 1.37500000000527 0
496 0.2500000000002258 1.500000000005359 0
497 0.1250000000001129 1.125000000004251 0
498 0.3750000000003386 1.375000000004428 0
499 0.3750000000003386 1.625000000005447 0
500 0.3750000000003386 1.875000000006466 0
501 0.5000000000004515 1.750000000005536 0
502 0.6250000000005644 1.875000000005624 0
503 0.6250000000005644 1.625000000004606 0
504 0.8750000000007901 1.875000000004783 0
505 1.125000000002214 2.625000000001939 0
506 1.125000000002621 2.875000000000817 0
507 1.125000000001807 2.375000000003062 0
508 1.250000000002303 2.500000000002375 0
509 1.125000000001399 2.125000000004184 0
510 1.375000000002391 2.375000000002811 0
511 1.375000000002799 2.625000000001688 0
512 1.375000000003206 2.875000000000565 0
513 1.500000000003295 2.750000000001001 0
514 1.625000000003791 2.875000000000314 0
515 1.625000000003383 2.625000000001437 0
516 1.875000000004375 2.875000000000063 0
517 2.125000000006119 3.624999999999766 0
518 2.125000000006961 3.874999999999922 0
519 2.125000000005278 3.37499999999961 0
520 2.250000000004842 3.499999999999688 0
521 2.125000000004436 3.124999999999454 0
522 2.375000000003565 3.37499999999961 0
523 2.375000000004406 3.624999999999766 0
524 2.375000000005248 3.874999999999922 0
525 2.500000000003971 3.749999999999844 0
526 2.625000000003536 3.874999999999922 0
527 2.625000000002694 3.624999999999766 0
528 2.875000000001823 3.874999999999922 0
529 0.0624999999999546 0.5625000000022393 0
530 0.0624999999999546 0.6875000000027596 0
531 0.1249999999999092 0.7500000000029179 0
532 0.0624999999999546 0.8125000000032798 0
533 0.1874999999998638 0.687500000002556 0
534 0.1874999999998638 0.8125000000030762 0
535 0.0624999999999546 0.9375000000038001 0
536 0.6249999999993422 0.5000000000012665 0
537 0.6874999999992968 0.5625000000014249 0
538 0.5624999999995913 0.5625000000014249 0
539 0.8124999999990022 0.5625000000014249 0
540 0.7499999999992514 0.6250000000015832 0
541 0.8749999999987531 0.5000000000012665 0
542 0.9374999999987077 0.5625000000014249 0
543 0.812499999999206 0.6875000000017415 0
544 0.6874999999995005 0.6875000000017415 0
545 0.9374999999993189 0.9375000000023748 0
546 0.9374999999991152 0.8125000000020581 0
547 0.9999999999990697 0.8750000000022164 0
548 0.8749999999991606 0.7500000000018998 0
549 0.9374999999989114 0.6875000000017415 0
550 0.8124999999994097 0.8125000000020581 0
551 0.9999999999986623 0.6250000000015832 0
552 0.7499999999988439 0.3750000000009499 0
553 0.8749999999983457 0.2500000000006333 0
554 0.8749999999985494 0.3750000000009499 0
555 0.9999999999978475 0.1250000000003166 0
556 0.9999999999982548 0.3750000000009499 0
557 0.5624999999996931 1.062500000003392 0
558 0.5624999999998969 1.187500000003684 0
559 0.4999999999998403 1.12500000000364 0
560 0.6249999999999534 1.250000000003729 0
561 0.5625000000001006 1.312500000003977 0
562 0.6874999999998062 1.187500000003481 0
563 0.6875000000000098 1.312500000003773 0
564 0.5625000000003042 1.437500000004269 0
565 0.5000000000002478 1.375000000004225 0
566 1.062500000000227 1.562500000003638 0
567 1.062500000000431 1.68750000000393 0
568 1.000000000000292 1.625000000003994 0
569 1.125000000000571 1.750000000003866 0
570 1.062500000000635 1.812500000004222 0
571 1.187500000000506 1.687500000003509 0
572 1.18750000000071 1.812500000003801 0
573 1.062500000000839 1.937500000004515 0
574 1.000000000000699 1.875000000004579 0
575 1.124999999999131 1.000000000002329 0
576 1.187499999999271 1.062500000002265 0
577 1.062499999999413 1.062500000002469 0
578 1.312499999999129 1.062500000002061 0
579 1.24999999999941 1.125000000002201 0
580 1.374999999998847 1.000000000001922 0
581 1.437499999998987 1.062500000001858 0
582 1.31249999999955 1.187500000002137 0
583 1.187499999999692 1.18750000000234 0
584 1.437500000000249 1.437500000002082 0
585 1.437499999999828 1.312500000002007 0
586 1.499999999999967 1.375000000001943 0
587 1.374999999999689 1.250000000002072 0
588 1.437499999999407 1.187500000001932 0
589 1.31249999999997 1.312500000002212 0
590 1.499999999999126 1.125000000001793 0
591 1.874999999998699 1.125000000001182 0
592 1.749999999998841 1.125000000001386 0
593 1.874999999998278 1.000000000001107 0
594 1.624999999999404 1.250000000001664 0
595 1.624999999998983 1.125000000001589 0
596 1.624999999999825 1.375000000001739 0
597 1.624999999998563 1.000000000001514 0
598 1.625000000000246 1.500000000001814 0
599 1.687500000000385 1.56250000000175 0
600 1.562500000000527 1.562500000001954 0
601 1.812500000000243 1.562500000001546 0
602 1.750000000000524 1.625000000001685 0
603 1.874999999999961 1.500000000001407 0
604 1.9375000000001 1.562500000001342 0
605 1.812500000000663 1.687500000001621 0
606 1.687500000000806 1.687500000001824 0
607 1.937500000001363 1.937500000001567 0
608 1.937500000000942 1.812500000001492 0
609 2.000000000001082 1.875000000001428 0
610 1.875000000000803 1.750000000001557 0
611 1.937500000000521 1.687500000001417 0
612 1.812500000001084 1.812500000001696 0
613 2.00000000000024 1.625000000001278 0
614 1.749999999999683 1.375000000001536 0
615 1.87499999999912 1.250000000001257 0
616 1.87499999999954 1.375000000001332 0
617 1.999999999998557 1.125000000000978 0
618 1.999999999999398 1.375000000001128 0
619 1.562500000001451 2.062500000002844 0
620 1.562500000001872 2.187500000002578 0
621 1.500000000001624 2.125000000002921 0
622 1.62500000000212 2.250000000002235 0
623 1.562500000002293 2.312500000002312 0
624 1.687500000001947 2.187500000002156 0
625 1.687500000002368 2.312500000001891 0
626 1.562500000002714 2.437500000002046 0
627 1.500000000002466 2.37500000000239 0
628 2.125000000001237 2.000000000001082 0
629 2.187500000001167 2.062500000000886 0
630 2.062500000001433 2.062500000001307 0
631 2.312500000000902 2.062500000000465 0
632 2.250000000001097 2.12500000000069 0
633 2.375000000000706 2.00000000000024 0
634 2.437500000000636 2.062500000000044 0
635 2.312500000001027 2.187500000000494 0
636 2.187500000001292 2.187500000000915 0
637 2.437500000001012 2.437500000000131 0
638 2.437500000000886 2.312500000000102 0
639 2.500000000000816 2.374999999999906 0
640 2.375000000000957 2.250000000000298 0
641 2.437500000000761 2.187500000000073 0
642 2.312500000001152 2.312500000000523 0
643 2.500000000000566 2.124999999999848 0
644 2.874999999999767 2.124999999998586 0
645 2.750000000000034 2.124999999999007 0
646 2.874999999999642 1.999999999998557 0
647 2.625000000000425 2.249999999999456 0
648 2.625000000000299 2.124999999999427 0
649 2.625000000000551 2.374999999999485 0
650 2.625000000000174 1.999999999999398 0
651 2.625000000000676 2.499999999999514 0
652 2.687500000000606 2.562499999999319 0
653 2.562500000000872 2.562499999999739 0
654 2.81250000000034 2.562499999998898 0
655 2.750000000000536 2.624999999999122 0
656 2.875000000000144 2.499999999998673 0
657 2.937500000000074 2.562499999998477 0
658 2.812500000000466 2.687499999998927 0
659 2.687500000000732 2.687499999999348 0
660 2.937500000000451 2.937499999998564 0
661 2.937500000000326 2.812499999998535 0
662 3.000000000000255 2.874999999998339 0
663 2.875000000000396 2.749999999998731 0
664 2.9375000000002 2.687499999998506 0
665 2.812500000000592 2.812499999998956 0
666 3.000000000000004 2.624999999998281 0
667 2.750000000000284 2.374999999999065 0
668 2.874999999999893 2.249999999998614 0
669 2.875000000000019 2.374999999998644 0
670 2.999999999999502 2.124999999998165 0
671 2.999999999999752 2.374999999998223 0
672 2.062500000003117 2.562500000000244 0
673 2.062500000003538 2.687499999999978 0
674 2.000000000003608 2.625000000000174 0
675 2.125000000003468 2.749999999999782 0
676 2.062500000003959 2.812499999999712 0
677 2.187500000002977 2.687499999999851 0
678 2.187500000003398 2.812499999999585 0
679 2.06250000000438 2.937499999999446 0
680 2.00000000000445 2.874999999999642 0
681 2.562500000002408 3.062499999998911 0
682 2.562500000002534 3.187499999999115 0
683 2.500000000002752 3.124999999999076 0
684 2.625000000002316 3.249999999999154 0
685 2.56250000000266 3.312499999999319 0
686 2.687500000001973 3.187499999998989 0
687 2.687500000002099 3.312499999999193 0
688 2.562500000002785 3.437499999999523 0
689 2.500000000003003 3.374999999999484 0
690 3.062500000000861 3.562499999999286 0
691 3.062500000000987 3.68749999999949 0
692 3.000000000001011 3.624999999999388 0
693 3.125000000000963 3.749999999999592 0
694 3.062500000001112 3.812499999999694 0
695 3.187500000000813 3.68749999999949 0
696 3.187500000000939 3.812499999999694 0
697 3.062500000001238 3.937499999999898 0
698 3.000000000001262 3.874999999999796 0
699 3.125000000000334 2.999999999998242 0
700 3.18750000000031 3.062499999998344 0
701 3.062500000000357 3.06249999999847 0
702 3.312500000000262 3.062499999998219 0
703 3.250000000000286 3.124999999998447 0
704 3.375000000000238 2.999999999997992 0
705 3.437500000000215 3.062499999998094 0
706 3.312500000000262 3.187499999998549 0
707 3.18750000000031 3.187499999998674 0
708 3.437500000000215 3.437499999999083 0
709 3.437500000000215 3.312499999998753 0
710 3.500000000000191 3.374999999998855 0
711 3.375000000000238 3.249999999998651 0
712 3.437500000000215 3.187499999998423 0
713 3.312500000000262 3.312499999998878 0
714 3.500000000000191 3.124999999998196 0
715 3.875000000000048 3.124999999997818 0
716 3.750000000000095 3.124999999997944 0
717 3.875000000000048 2.999999999997489 0
718 3.625000000000143 3.2499999999984 0
719 3.625000000000143 3.12499999999807 0
720 3.625000000000143 3.374999999998729 0
721 3.625000000000143 2.99999999999774 0
722 3.625000000000143 3.499999999999059 0
723 3.687500000000119 3.56249999999916 0
724 3.562500000000167 3.562499999999286 0
725 3.812500000000071 3.562499999999035 0
726 3.750000000000095 3.624999999999262 0
727 3.875000000000048 3.499999999998807 0
728 3.937500000000024 3.562499999998909 0
729 3.812500000000071 3.687499999999364 0
730 3.687500000000119 3.68749999999949 0
731 3.937500000000024 3.937499999999898 0
732 3.937500000000024 3.812499999999568 0
733 4 3.87499999999967 0
734 3.875000000000048 3.749999999999466 0
735 3.937500000000024 3.687499999999239 0
736 3.812500000000071 3.812499999999694 0
737 4 3.624999999999011 0
738 3.750000000000095 3.374999999998603 0
739 3.875000000000048 3.249999999998148 0
740 3.875000000000048 3.374999999998477 0
741 4 3.124999999997693 0
742 4 3.374999999998352 0
743 0.1874999999998638 0.6250000000022958 0
744 0.2499999999998184 0.6875000000024541 0
745 0.1249999999999092 0.5625000000021375 0
746 0.1874999999998638 0.5625000000020357 0
747 0.0624999999999546 0.5000000000019792 0
748 0.1874999999998638 0.5000000000017756 0
749 0.2499999999998184 0.5625000000019339 0
750 0.312499999999773 0.6250000000020922 0
751 0.312499999999773 0.6875000000023523 0
752 0.312499999999773 0.5625000000018321 0
753 0.3749999999997276 0.5625000000017303 0
754 0.312499999999773 0.500000000001572 0
755 0.4374999999996821 0.5000000000013683 0
756 0.4374999999996821 0.5625000000016285 0
757 0.0624999999999546 0.4375000000017191 0
758 0.1249999999999092 0.4375000000016173 0
759 0.1874999999998638 0.3750000000012553 0
760 0.1874999999998638 0.4375000000015155 0
761 0.1874999999998638 0.3125000000009952 0
762 0.2499999999998184 0.3125000000008934 0
763 0.2499999999998184 0.4375000000014136 0
764 0.3749999999997276 0.43750000000121 0
765 0.4374999999996821 0.4375000000011082 0
766 0.312499999999773 0.4375000000013118 0
767 0.312499999999773 0.3750000000010517 0
768 0.312499999999773 0.3125000000007916 0
769 0.0624999999999546 0.3125000000011988 0
770 0.0624999999999546 0.1875000000006786 0
771 0.1249999999999092 0.2500000000008369 0
772 0.0624999999999546 0.06250000000015833 0
773 0.1874999999998638 0.187500000000475 0
774 0.312499999999773 0.8125000000028727 0
775 0.312499999999773 0.8750000000031328 0
776 0.2499999999998184 0.8125000000029745 0
777 0.3749999999997276 0.9375000000032913 0
778 0.312499999999773 0.9375000000033931 0
779 0.4374999999996821 0.9375000000031896 0
780 0.4374999999996821 1.00000000000345 0
781 0.312499999999773 1.000000000003653 0
782 0.2499999999998184 0.9375000000034948 0
783 0.1874999999998638 0.8750000000033364 0
784 0.1874999999998638 0.9375000000035967 0
785 0.1249999999999092 0.9375000000036984 0
786 0.1874999999998638 1.000000000003857 0
787 0.0624999999999546 1.00000000000406 0
788 0.437499999999784 1.062500000003596 0
789 0.3749999999998294 1.062500000003697 0
790 0.3124999999999767 1.125000000003945 0
791 0.3124999999998748 1.062500000003799 0
792 0.3125000000000785 1.187500000004091 0
793 0.250000000000124 1.187500000004193 0
794 0.2499999999999202 1.062500000003901 0
795 0.125000000000011 1.062500000004104 0
796 0.06250000000005645 1.062500000004206 0
797 0.1874999999999656 1.062500000004003 0
798 0.1875000000000675 1.125000000004149 0
799 0.1875000000001694 1.187500000004295 0
800 0.4374999999999877 1.187500000003888 0
801 0.4375000000001914 1.31250000000418 0
802 0.375000000000135 1.250000000004136 0
803 0.4375000000003951 1.437500000004472 0
804 0.3125000000002822 1.312500000004384 0
805 0.3749999999997276 0.6875000000022505 0
806 0.312499999999773 0.7500000000026125 0
807 0.4374999999996821 0.6250000000018886 0
808 0.4374999999996821 0.6875000000021487 0
809 0.4999999999996367 0.5625000000015267 0
810 0.4999999999996367 0.6875000000020469 0
811 0.4374999999996821 0.7500000000024089 0
812 0.3749999999997276 0.8125000000027709 0
813 0.4374999999996821 0.8125000000026691 0
814 0.4374999999996821 0.8750000000029293 0
815 0.4999999999996367 0.8125000000025673 0
816 0.4999999999996367 0.9375000000030878 0
817 0.6874999999995005 0.8125000000022619 0
818 0.6249999999995459 0.8125000000023637 0
819 0.6874999999995005 0.7500000000020016 0
820 0.5624999999995913 0.8750000000027257 0
821 0.5624999999995913 0.8125000000024655 0
822 0.5624999999995913 0.9375000000029859 0
823 0.5624999999995913 0.7500000000022052 0
824 0.6249999999995459 0.6875000000018433 0
825 0.5624999999995913 0.6875000000019451 0
826 0.5624999999995913 0.625000000001685 0
827 0.8124999999994097 0.8750000000023181 0
828 0.7499999999994551 0.8125000000021598 0
829 0.8749999999993643 0.9375000000024765 0
830 0.8124999999994097 0.9375000000025782 0
831 0.9374999999993189 1.000000000002635 0
832 0.8124999999994097 1.000000000002838 0
833 0.7499999999994551 0.9375000000026801 0
834 0.6874999999995005 0.875000000002522 0
835 0.6874999999995005 0.937500000002782 0
836 0.6249999999995459 0.937500000002884 0
837 0.6874999999995005 1.000000000003042 0
838 0.5624999999995913 1.000000000003246 0
839 0.6874999999997042 1.125000000003334 0
840 0.7499999999997606 1.187500000003379 0
841 0.6249999999996478 1.06250000000329 0
842 0.6874999999996023 1.062500000003188 0
843 0.749999999999557 1.062500000003086 0
844 0.8124999999996134 1.125000000003131 0
845 0.8124999999997153 1.187500000003277 0
846 0.8124999999995115 1.062500000002985 0
847 0.8749999999994662 1.062500000002883 0
848 0.9374999999994207 1.062500000002781 0
849 0.812499999999919 1.312500000003569 0
850 0.8125000000000208 1.375000000003715 0
851 0.7499999999999645 1.312500000003671 0
852 0.875000000000077 1.437500000003759 0
853 0.8125000000001226 1.437500000003861 0
854 0.9375000000000315 1.437500000003658 0
855 0.9375000000001334 1.500000000003804 0
856 0.8125000000002245 1.500000000004007 0
857 0.7500000000001681 1.437500000003963 0
858 0.6875000000001117 1.375000000003919 0
859 0.6875000000002136 1.437500000004065 0
860 0.6250000000002589 1.437500000004167 0
861 0.6875000000003154 1.500000000004211 0
862 0.5625000000004061 1.500000000004415 0
863 0.9375000000002353 1.56250000000395 0
864 0.8750000000002808 1.562500000004052 0
865 0.8125000000004281 1.6250000000043 0
866 0.8125000000003263 1.562500000004153 0
867 0.8125000000005299 1.687500000004446 0
868 0.7500000000005754 1.687500000004548 0
869 0.7500000000003718 1.562500000004255 0
870 0.6250000000004626 1.562500000004459 0
871 0.562500000000508 1.562500000004561 0
872 0.6875000000004172 1.562500000004357 0
873 0.687500000000519 1.625000000004504 0
874 0.6875000000006208 1.68750000000465 0
875 0.9375000000004391 1.687500000004242 0
876 0.9375000000006428 1.812500000004535 0
877 0.8750000000005864 1.75000000000449 0
878 0.9375000000008467 1.937500000004827 0
879 0.8125000000007336 1.812500000004738 0
880 0.8749999999996698 1.187500000003175 0
881 0.8124999999998171 1.250000000003423 0
882 0.9374999999995226 1.125000000002927 0
883 0.9374999999996245 1.187500000003074 0
884 0.9999999999993754 1.062500000002679 0
885 0.999999999999579 1.187500000002972 0
886 0.9374999999997263 1.25000000000322 0
887 0.8749999999998734 1.312500000003467 0
888 0.9374999999998281 1.312500000003366 0
889 0.9374999999999298 1.375000000003512 0
890 0.9999999999997826 1.312500000003264 0
891 0.9999999999999862 1.437500000003556 0
892 1.187499999999895 1.312500000002633 0
893 1.124999999999858 1.312500000002843 0
894 1.187499999999793 1.250000000002486 0
895 1.062499999999922 1.375000000003199 0
896 1.06249999999982 1.312500000003054 0
897 1.062500000000024 1.437500000003345 0
898 1.062499999999718 1.250000000002907 0
899 1.124999999999654 1.187500000002551 0
900 1.062499999999617 1.187500000002761 0
901 1.062499999999515 1.125000000002615 0
902 1.187500000000404 1.625000000003363 0
903 1.250000000000544 1.687500000003299 0
904 1.125000000000265 1.562500000003427 0
905 1.187500000000302 1.562500000003217 0
906 1.062500000000125 1.500000000003491 0
907 1.187500000000201 1.50000000000307 0
908 1.25000000000034 1.562500000003006 0
909 1.312500000000479 1.625000000002942 0
910 1.312500000000581 1.687500000003088 0
911 1.312500000000377 1.562500000002796 0
912 1.375000000000415 1.562500000002585 0
913 1.312500000000276 1.500000000002649 0
914 1.43750000000035 1.500000000002228 0
915 1.437500000000453 1.562500000002375 0
916 1.312500000000072 1.375000000002357 0
917 1.249999999999933 1.312500000002422 0
918 1.375000000000211 1.437500000002293 0
919 1.312500000000174 1.437500000002503 0
920 1.250000000000136 1.437500000002714 0
921 1.187499999999997 1.375000000002778 0
922 1.187500000000099 1.437500000002924 0
923 1.125000000000061 1.437500000003135 0
924 1.312500000000785 1.81250000000338 0
925 1.312500000000887 1.875000000003527 0
926 1.250000000000748 1.812500000003591 0
927 1.375000000001026 1.937500000003462 0
928 1.312500000000989 1.937500000003672 0
929 1.437500000001064 1.937500000003251 0
930 1.437500000001166 2.000000000003397 0
931 1.31250000000109 2.000000000003818 0
932 1.250000000000951 1.937500000003883 0
933 1.187500000000812 1.875000000003948 0
934 1.187500000000914 1.937500000004094 0
935 1.125000000000876 1.937500000004304 0
936 1.187500000001015 2.00000000000424 0
937 1.062500000000941 2.000000000004661 0
938 1.437500000001376 2.062500000003264 0
939 1.375000000001338 2.062500000003475 0
940 1.312500000001511 2.125000000003553 0
941 1.312500000001301 2.062500000003686 0
942 1.312500000001722 2.18750000000342 0
943 1.250000000001684 2.187500000003631 0
944 1.250000000001263 2.062500000003896 0
945 1.125000000001188 2.062500000004317 0
946 1.062500000001151 2.062500000004528 0
947 1.187500000001226 2.062500000004107 0
948 1.187500000001436 2.125000000003974 0
949 1.187500000001647 2.187500000003841 0
950 1.437500000001797 2.187500000002999 0
951 1.437500000002218 2.312500000002733 0
952 1.37500000000197 2.250000000003077 0
953 1.437500000002639 2.437500000002467 0
954 1.312500000002143 2.312500000003155 0
955 1.375000000000619 1.687500000002877 0
956 1.312500000000683 1.750000000003234 0
957 1.437500000000554 1.625000000002521 0
958 1.437500000000656 1.687500000002667 0
959 1.50000000000049 1.562500000002164 0
960 1.500000000000694 1.687500000002456 0
961 1.437500000000759 1.750000000002813 0
962 1.375000000000823 1.81250000000317 0
963 1.43750000000086 1.812500000002959 0
964 1.437500000000962 1.875000000003105 0
965 1.500000000000898 1.812500000002748 0
966 1.500000000001101 1.937500000003041 0
967 1.687500000001009 1.812500000002117 0
968 1.625000000000972 1.812500000002327 0
969 1.687500000000908 1.75000000000197 0
970 1.562500000001037 1.875000000002684 0
971 1.562500000000935 1.812500000002538 0
972 1.562500000001139 1.93750000000283 0
973 1.562500000000833 1.750000000002391 0
974 1.625000000000768 1.687500000002035 0
975 1.562500000000731 1.687500000002245 0
976 1.562500000000629 1.625000000002099 0
977 1.812500000001186 1.875000000001842 0
978 1.750000000001047 1.812500000001906 0
979 1.875000000001326 1.937500000001778 0
980 1.812500000001288 1.937500000001988 0
981 1.937500000001465 2.000000000001713 0
982 1.81250000000139 2.000000000002134 0
983 1.750000000001251 1.937500000002199 0
984 1.687500000001112 1.875000000002263 0
985 1.687500000001213 1.937500000002409 0
986 1.625000000001176 1.93750000000262 0
987 1.687500000001315 2.000000000002555 0
988 1.562500000001241 2.000000000002976 0
989 1.687500000001736 2.12500000000229 0
990 1.750000000001984 2.187500000001946 0
991 1.625000000001489 2.062500000002633 0
992 1.687500000001526 2.062500000002423 0
993 1.750000000001563 2.062500000002212 0
994 1.812500000001811 2.125000000001869 0
995 1.812500000002022 2.187500000001736 0
996 1.812500000001601 2.062500000002002 0
997 1.875000000001638 2.062500000001791 0
998 1.937500000001676 2.062500000001581 0
999 1.812500000002443 2.31250000000147 0
1000 1.812500000002653 2.375000000001337 0
1001 1.750000000002405 2.31250000000168 0
1002 1.875000000002901 2.437500000000994 0
1003 1.812500000002864 2.437500000001204 0
1004 1.937500000002939 2.437500000000783 0
1005 1.937500000003149 2.500000000000651 0
1006 1.812500000003074 2.500000000001072 0
1007 1.750000000002826 2.437500000001415 0
1008 1.687500000002578 2.375000000001758 0
1009 1.687500000002789 2.437500000001625 0
1010 1.625000000002752 2.437500000001836 0
1011 1.687500000002999 2.500000000001493 0
1012 1.562500000002925 2.500000000001914 0
1013 1.93750000000336 2.562500000000518 0
1014 1.875000000003322 2.562500000000728 0
1015 1.812500000003495 2.625000000000806 0
1016 1.812500000003285 2.562500000000939 0
1017 1.812500000003706 2.687500000000672 0
1018 1.750000000003668 2.687500000000883 0
1019 1.750000000003247 2.562500000001149 0
1020 1.625000000003173 2.56250000000157 0
1021 1.562500000003135 2.562500000001781 0
1022 1.68750000000321 2.56250000000136 0
1023 1.68750000000342 2.625000000001227 0
1024 1.687500000003631 2.687500000001093 0
1025 1.937500000003781 2.687500000000251 0
1026 1.937500000004202 2.812499999999986 0
1027 1.875000000003954 2.750000000000329 0
1028 1.937500000004623 2.937499999999719 0
1029 1.812500000004127 2.812500000000407 0
1030 1.875000000002059 2.187500000001525 0
1031 1.812500000002232 2.250000000001602 0
1032 1.937500000001886 2.125000000001448 0
1033 1.937500000002097 2.187500000001315 0
1034 2.000000000001713 2.06250000000137 0
1035 2.000000000002134 2.187500000001104 0
1036 1.937500000002307 2.250000000001181 0
1037 1.87500000000248 2.312500000001259 0
1038 1.937500000002518 2.312500000001048 0
1039 1.937500000002728 2.375000000000916 0
1040 2.000000000002555 2.312500000000838 0
1041 2.000000000002976 2.437500000000573 0
1042 2.187500000001713 2.312500000000649 0
1043 2.125000000001994 2.312500000000712 0
1044 2.187500000001503 2.250000000000782 0
1045 2.062500000002485 2.375000000000642 0
1046 2.062500000002275 2.312500000000775 0
1047 2.062500000002696 2.43750000000051 0
1048 2.062500000002064 2.250000000000908 0
1049 2.125000000001573 2.187500000000978 0
1050 2.062500000001854 2.187500000001041 0
1051 2.062500000001643 2.125000000001174 0
1052 2.312500000001362 2.37500000000039 0
1053 2.250000000001433 2.312500000000586 0
1054 2.375000000001292 2.437500000000194 0
1055 2.312500000001573 2.437500000000257 0
1056 2.437500000001222 2.499999999999998 0
1057 2.312500000001783 2.500000000000124 0
1058 2.250000000001854 2.43750000000032 0
1059 2.187500000001924 2.375000000000516 0
1060 2.187500000002134 2.437500000000383 0
1061 2.125000000002415 2.437500000000447 0
1062 2.187500000002345 2.50000000000025 0
1063 2.062500000002906 2.500000000000377 0
1064 2.187500000002766 2.624999999999984 0
1065 2.250000000002697 2.687499999999788 0
1066 2.125000000002836 2.56250000000018 0
1067 2.187500000002555 2.562500000000117 0
1068 2.250000000002275 2.562500000000054 0
1069 2.312500000002205 2.624999999999858 0
1070 2.312500000002416 2.687499999999725 0
1071 2.312500000001994 2.562499999999991 0
1072 2.375000000001714 2.562499999999928 0
1073 2.437500000001434 2.562499999999865 0
1074 2.687500000001153 2.812499999999082 0
1075 2.625000000001434 2.812499999999145 0
1076 2.687500000000942 2.749999999999215 0
1077 2.562500000001925 2.874999999999075 0
1078 2.562500000001714 2.812499999999208 0
1079 2.562500000002135 2.937499999998942 0
1080 2.500000000002415 2.937499999999005 0
1081 2.500000000001994 2.812499999999271 0
1082 2.562500000001504 2.749999999999341 0
1083 2.625000000001013 2.687499999999411 0
1084 2.562500000001293 2.687499999999474 0
1085 2.562500000001083 2.624999999999607 0
1086 2.500000000001573 2.687499999999537 0
1087 2.500000000001152 2.562499999999802 0
1088 2.375000000002135 2.687499999999662 0
1089 2.312500000002626 2.749999999999592 0
1090 2.437500000001644 2.624999999999732 0
1091 2.437500000001855 2.687499999999599 0
1092 2.437500000002065 2.749999999999467 0
1093 2.375000000002556 2.812499999999396 0
1094 2.312500000002837 2.812499999999459 0
1095 2.437500000002276 2.812499999999334 0
1096 2.437500000002486 2.874999999999201 0
1097 2.437500000002697 2.937499999999068 0
1098 2.812500000000802 2.874999999998823 0
1099 2.750000000000873 2.812499999999019 0
1100 2.875000000000732 2.937499999998627 0
1101 2.812500000001013 2.93749999999869 0
1102 2.937500000000662 2.999999999998431 0
1103 2.812500000001223 2.999999999998557 0
1104 2.750000000001294 2.937499999998753 0
1105 2.687500000001363 2.874999999998949 0
1106 2.687500000001574 2.937499999998816 0
1107 2.625000000001855 2.937499999998879 0
1108 2.687500000001784 2.999999999998683 0
1109 2.562500000002346 2.999999999998809 0
1110 2.68750000000191 3.124999999998887 0
1111 2.750000000001692 3.187499999998926 0
1112 2.625000000002128 3.062499999998848 0
1113 2.687500000001847 3.062499999998785 0
1114 2.750000000001567 3.062499999998722 0
1115 2.812500000001349 3.124999999998761 0
1116 2.812500000001411 3.187499999998863 0
1117 2.812500000001286 3.062499999998659 0
1118 2.875000000001005 3.062499999998596 0
1119 2.937500000000725 3.062499999998533 0
1120 2.312500000003047 2.874999999999327 0
1121 2.250000000003118 2.812499999999522 0
1122 2.375000000002977 2.937499999999131 0
1123 2.312500000003258 2.937499999999194 0
1124 2.437500000002907 2.999999999998935 0
1125 2.312500000003468 2.999999999999061 0
1126 2.250000000003539 2.937499999999257 0
1127 2.187500000003609 2.874999999999452 0
1128 2.187500000003819 2.93749999999932 0
1129 2.1250000000041 2.937499999999383 0
1130 2.18750000000403 2.999999999999187 0
1131 2.062500000004591 2.999999999999313 0
1132 2.437500000002969 3.062499999999037 0
1133 2.37500000000325 3.0624999999991 0
1134 2.312500000003594 3.124999999999265 0
1135 2.312500000003531 3.062499999999163 0
1136 2.312500000003657 3.187499999999367 0
1137 2.250000000003937 3.18749999999943 0
1138 2.250000000003812 3.062499999999226 0
1139 2.125000000004373 3.062499999999352 0
1140 2.062500000004653 3.062499999999415 0
1141 2.187500000004092 3.062499999999289 0
1142 2.187500000004155 3.124999999999391 0
1143 2.187500000004218 3.187499999999493 0
1144 2.437500000003095 3.187499999999241 0
1145 2.437500000003221 3.312499999999445 0
1146 2.375000000003439 3.249999999999406 0
1147 2.437500000003347 3.437499999999649 0
1148 2.312500000003782 3.312499999999571 0
1149 2.812500000001537 3.312499999999067 0
1150 2.8125000000016 3.374999999999169 0
1151 2.750000000001818 3.31249999999913 0
1152 2.875000000001383 3.437499999999208 0
1153 2.812500000001664 3.437499999999271 0
1154 2.937500000001102 3.437499999999145 0
1155 2.937500000001165 3.499999999999247 0
1156 2.812500000001727 3.499999999999373 0
1157 2.750000000001944 3.437499999999334 0
1158 2.687500000002162 3.374999999999295 0
1159 2.687500000002224 3.437499999999397 0
1160 2.625000000002505 3.43749999999946 0
1161 2.687500000002287 3.499999999999499 0
1162 2.562500000002848 3.499999999999625 0
1163 2.937500000001228 3.562499999999349 0
1164 2.875000000001509 3.562499999999412 0
1165 2.812500000001853 3.624999999999577 0
1166 2.81250000000179 3.562499999999475 0
1167 2.812500000001916 3.687499999999679 0
1168 2.750000000002196 3.687499999999742 0
1169 2.75000000000207 3.562499999999538 0
1170 2.625000000002631 3.562499999999664 0
1171 2.562500000002911 3.562499999999727 0
1172 2.68750000000235 3.562499999999601 0
1173 2.687500000002413 3.624999999999703 0
1174 2.687500000002476 3.687499999999805 0
1175 2.937500000001354 3.687499999999553 0
1176 2.93750000000148 3.812499999999757 0
1177 2.875000000001698 3.749999999999718 0
1178 2.937500000001606 3.937499999999961 0
1179 2.812500000002041 3.812499999999883 0
1180 2.875000000001131 3.1874999999988 0
1181 2.812500000001474 3.249999999998965 0
1182 2.937500000000788 3.124999999998635 0
1183 2.93750000000085 3.187499999998737 0
1184 3.000000000000444 3.06249999999847 0
1185 3.00000000000057 3.187499999998674 0
1186 2.937500000000913 3.249999999998839 0
1187 2.875000000001257 3.312499999999004 0
1188 2.937500000000976 3.312499999998941 0
1189 2.937500000001039 3.374999999999043 0
1190 3.000000000000696 3.312499999998878 0
1191 3.000000000000822 3.437499999999083 0
1192 3.187500000000436 3.312499999998878 0
1193 3.125000000000522 3.312499999998878 0
1194 3.187500000000373 3.249999999998776 0
1195 3.062500000000672 3.37499999999898 0
1196 3.062500000000609 3.312499999998878 0
1197 3.062500000000735 3.437499999999083 0
1198 3.062500000000546 3.249999999998776 0
1199 3.125000000000396 3.187499999998674 0
1200 3.062500000000483 3.187499999998674 0
1201 3.06250000000042 3.124999999998572 0
1202 3.18750000000075 3.624999999999388 0
1203 3.250000000000726 3.68749999999949 0
1204 3.125000000000774 3.562499999999286 0
1205 3.187500000000687 3.562499999999286 0
1206 3.062500000000798 3.499999999999184 0
1207 3.187500000000624 3.499999999999184 0
1208 3.2500000000006 3.562499999999286 0
1209 3.312500000000576 3.624999999999388 0
1210 3.312500000000639 3.68749999999949 0
1211 3.312500000000513 3.562499999999286 0
1212 3.375000000000427 3.562499999999286 0
1213 3.31250000000045 3.499999999999184 0
1214 3.437500000000278 3.499999999999184 0
1215 3.437500000000341 3.562499999999286 0
1216 3.312500000000325 3.37499999999898 0
1217 3.250000000000349 3.312499999998878 0
1218 3.375000000000301 3.437499999999083 0
1219 3.312500000000388 3.437499999999083 0
1220 3.250000000000474 3.437499999999083 0
1221 3.187500000000498 3.37499999999898 0
1222 3.187500000000561 3.437499999999083 0
1223 3.125000000000648 3.437499999999083 0
1224 3.375000000000805 3.937499999999898 0
1225 3.437500000000718 3.937499999999898 0
1226 3.312500000000891 3.937499999999898 0
1227 3.312500000000828 3.874999999999796 0
1228 3.250000000000978 3.937499999999898 0
1229 3.250000000000852 3.812499999999694 0
1230 3.312500000000766 3.812499999999694 0
1231 3.187500000001064 3.937499999999898 0
1232 3.125000000001151 3.937499999999898 0
1233 3.187500000001002 3.874999999999796 0
1234 3.375000000000553 3.68749999999949 0
1235 3.312500000000703 3.749999999999592 0
1236 3.437500000000403 3.624999999999388 0
1237 3.437500000000466 3.68749999999949 0
1238 3.500000000000254 3.562499999999286 0
1239 3.500000000000379 3.68749999999949 0
1240 3.437500000000528 3.749999999999592 0
1241 3.375000000000679 3.812499999999694 0
1242 3.437500000000592 3.812499999999694 0
1243 3.437500000000655 3.874999999999796 0
1244 3.500000000000505 3.812499999999694 0
1245 3.500000000000631 3.937499999999898 0
1246 3.687500000000245 3.812499999999694 0
1247 3.625000000000331 3.812499999999694 0
1248 3.687500000000182 3.749999999999592 0
1249 3.562500000000481 3.874999999999796 0
1250 3.562500000000418 3.812499999999694 0
1251 3.562500000000544 3.937499999999898 0
1252 3.562500000000355 3.749999999999592 0
1253 3.625000000000206 3.68749999999949 0
1254 3.562500000000292 3.68749999999949 0
1255 3.56250000000023 3.624999999999388 0
1256 3.87500000000011 3.937499999999898 0
1257 3.812500000000197 3.937499999999898 0
1258 3.812500000000134 3.874999999999796 0
1259 3.750000000000284 3.937499999999898 0
1260 3.750000000000158 3.812499999999694 0
1261 3.687500000000371 3.937499999999898 0
1262 3.625000000000457 3.937499999999898 0
1263 3.687500000000308 3.874999999999796 0
$EndNodes
$Elements
2384
1 1 2 2 1 10 9
2 1 2 2 1 9 13
3 1 2 2 1 13 8
4 1 2 2 1 8 16
5 1 2 2 1 16 7
6 1 2 2 1 7 12
7 1 2 2 1 12 6
8 1 2 2 1 6 15
9 1 2 2 1 15 5
10 1 2 2 1 5 11
11 1 2 2 1 11 4
12 1 2 2 1 4 14
13 1 2 2 1 14 3
14 1 2 2 1 3 1
15 1 2 2 1 1 2
16 1 2 2 1 2 17
17 1 2 3 2 17 26
18 1 2 3 2 26 22
19 1 2 3 2 22 27
20 1 2 3 2 27 19
21 1 2 3 2 19 28
22 1 2 3 2 28 23
23 1 2 3 2 23 29
24 1 2 3 2 29 20
25 1 2 3 2 20 30
26 1 2 3 2 30 24
27 1 2 3 2 24 31
28 1 2 3 2 31 21
29 1 2 3 2 21 32
30 1 2 3 2 32 25
31 1 2 3 2 25 33
32 1 2 3 2 33 18
33 1 2 4 3 61 34
34 1 2 4 3 34 55
35 1 2 4 3 55 47
36 1 2 4 3 47 60
37 1 2 4 3 60 46
38 1 2 4 3 46 54
39 1 2 4 3 54 45
40 1 2 4 3 45 59
41 1 2 4 3 59 44
42 1 2 4 3 44 53
43 1 2 4 3 53 43
44 1 2 4 3 43 48
45 1 2 4 3 58 42
46 1 2 4 3 42 52
47 1 2 4 3 52 41
48 1 2 4 3 41 57
49 1 2 4 3 57 40
50 1 2 4 3 40 51
51 1 2 4 3 51 39
52 1 2 4 3 39 61
53 1 2 4 3 18 38
54 1 2 4 3 38 50
55 1 2 4 3 50 37
56 1 2 4 3 37 56
57 1 2 4 3 56 36
58 1 2 4 3 36 49
59 1 2 4 3 49 35
60 1 2 4 3 35 58
61 1 2 5 4 48 62
62 1 2 5 4 62 77
63 1 2 5 4 77 71
64 1 2 5 4 71 72
65 1 2 5 4 72 70
66 1 2 5 4 70 76
67 1 2 5 4 76 69
68 1 2 5 4 69 80
69 1 2 5 4 80 68
70 1 2 5 4 68 75
71 1 2 5 4 75 67
72 1 2 5 4 67 79
73 1 2 5 4 79 66
74 1 2 5 4 66 74
75 1 2 5 4 74 65
76 1 2 5 4 65 78
77 1 2 5 4 78 64
78 1 2 5 4 64 73
79 1 2 5 4 73 63
80 1 2 5 4 63 10
81 2 2 1 1 80 378 380
82 2 2 1 1 378 379 380
83 2 2 1 1 378 151 379
84 2 2 1 1 380 379 153
85 2 2 1 1 151 381 379
86 2 2 1 1 381 382 379
87 2 2 1 1 381 152 382
88 2 2 1 1 379 382 153
89 2 2 1 1 151 383 381
90 2 2 1 1 383 384 381
91 2 2 1 1 383 82 384
92 2 2 1 1 381 384 152
93 2 2 1 1 153 382 386
94 2 2 1 1 382 385 386
95 2 2 1 1 382 152 385
96 2 2 1 1 386 385 83
97 2 2 1 1 83 387 386
98 2 2 1 1 387 388 386
99 2 2 1 1 387 154 388
100 2 2 1 1 386 388 153
101 2 2 1 1 154 389 388
102 2 2 1 1 389 390 388
103 2 2 1 1 389 76 390
104 2 2 1 1 388 390 153
105 2 2 1 1 154 391 389
106 2 2 1 1 391 70 389
107 2 2 1 1 391 72 70
108 2 2 1 1 389 70 76
109 2 2 1 1 153 390 380
110 2 2 1 1 390 69 380
111 2 2 1 1 390 76 69
112 2 2 1 1 380 69 80
113 2 2 1 1 72 391 393
114 2 2 1 1 391 392 393
115 2 2 1 1 391 154 392
116 2 2 1 1 393 392 156
117 2 2 1 1 154 394 392
118 2 2 1 1 394 395 392
119 2 2 1 1 394 155 395
120 2 2 1 1 392 395 156
121 2 2 1 1 154 387 394
122 2 2 1 1 387 396 394
123 2 2 1 1 387 83 396
124 2 2 1 1 394 396 155
125 2 2 1 1 156 395 398
126 2 2 1 1 395 397 398
127 2 2 1 1 395 155 397
128 2 2 1 1 398 397 59
129 2 2 1 1 59 44 398
130 2 2 1 1 44 399 398
131 2 2 1 1 44 53 399
132 2 2 1 1 398 399 156
133 2 2 1 1 53 400 399
134 2 2 1 1 400 401 399
135 2 2 1 1 400 77 401
136 2 2 1 1 399 401 156
137 2 2 1 1 53 43 400
138 2 2 1 1 43 62 400
139 2 2 1 1 43 48 62
140 2 2 1 1 400 62 77
141 2 2 1 1 156 401 393
142 2 2 1 1 401 71 393
143 2 2 1 1 401 77 71
144 2 2 1 1 393 71 72
145 2 2 1 1 16 7 403
146 2 2 1 1 7 402 403
147 2 2 1 1 7 12 402
148 2 2 1 1 403 402 158
149 2 2 1 1 12 404 402
150 2 2 1 1 404 405 402
151 2 2 1 1 404 157 405
152 2 2 1 1 402 405 158
153 2 2 1 1 12 6 404
154 2 2 1 1 6 406 404
155 2 2 1 1 6 15 406
156 2 2 1 1 404 406 157
157 2 2 1 1 158 405 408
158 2 2 1 1 405 407 408
159 2 2 1 1 405 157 407
160 2 2 1 1 408 407 84
161 2 2 1 1 84 409 408
162 2 2 1 1 409 410 408
163 2 2 1 1 409 159 410
164 2 2 1 1 408 410 158
165 2 2 1 1 159 411 410
166 2 2 1 1 411 412 410
167 2 2 1 1 411 160 412
168 2 2 1 1 410 412 158
169 2 2 1 1 159 413 411
170 2 2 1 1 413 414 411
171 2 2 1 1 413 81 414
172 2 2 1 1 411 414 160
173 2 2 1 1 158 412 403
174 2 2 1 1 412 415 403
175 2 2 1 1 412 160 415
176 2 2 1 1 403 415 16
177 2 2 1 1 83 416 418
178 2 2 1 1 416 417 418
179 2 2 1 1 416 161 417
180 2 2 1 1 418 417 163
181 2 2 1 1 161 419 417
182 2 2 1 1 419 420 417
183 2 2 1 1 419 162 420
184 2 2 1 1 417 420 163
185 2 2 1 1 161 421 419
186 2 2 1 1 421 422 419
187 2 2 1 1 421 86 422
188 2 2 1 1 419 422 162
189 2 2 1 1 163 420 424
190 2 2 1 1 420 423 424
191 2 2 1 1 420 162 423
192 2 2 1 1 424 423 60
193 2 2 1 1 60 46 424
194 2 2 1 1 46 425 424
195 2 2 1 1 46 54 425
196 2 2 1 1 424 425 163
197 2 2 1 1 54 426 425
198 2 2 1 1 426 427 425
199 2 2 1 1 426 155 427
200 2 2 1 1 425 427 163
201 2 2 1 1 54 45 426
202 2 2 1 1 45 397 426
203 2 2 1 1 45 59 397
204 2 2 1 1 426 397 155
205 2 2 1 1 163 427 418
206 2 2 1 1 427 396 418
207 2 2 1 1 427 155 396
208 2 2 1 1 418 396 83
209 2 2 1 1 15 5 429
210 2 2 1 1 5 428 429
211 2 2 1 1 5 11 428
212 2 2 1 1 429 428 165
213 2 2 1 1 11 430 428
214 2 2 1 1 430 431 428
215 2 2 1 1 430 164 431
216 2 2 1 1 428 431 165
217 2 2 1 1 11 4 430
218 2 2 1 1 4 432 430
219 2 2 1 1 4 14 432
220 2 2 1 1 430 432 164
221 2 2 1 1 165 431 434
222 2 2 1 1 431 433 434
223 2 2 1 1 431 164 433
224 2 2 1 1 434 433 87
225 2 2 1 1 87 435 434
226 2 2 1 1 435 436 434
227 2 2 1 1 435 166 436
228 2 2 1 1 434 436 165
229 2 2 1 1 166 437 436
230 2 2 1 1 437 438 436
231 2 2 1 1 437 157 438
232 2 2 1 1 436 438 165
233 2 2 1 1 166 439 437
234 2 2 1 1 439 407 437
235 2 2 1 1 439 84 407
236 2 2 1 1 437 407 157
237 2 2 1 1 165 438 429
238 2 2 1 1 438 406 429
239 2 2 1 1 438 157 406
240 2 2 1 1 429 406 15
241 2 2 1 1 84 439 441
242 2 2 1 1 439 440 441
243 2 2 1 1 439 166 440
244 2 2 1 1 441 440 168
245 2 2 1 1 166 442 440
246 2 2 1 1 442 443 440
247 2 2 1 1 442 167 443
248 2 2 1 1 440 443 168
249 2 2 1 1 166 435 442
250 2 2 1 1 435 444 442
251 2 2 1 1 435 87 444
252 2 2 1 1 442 444 167
253 2 2 1 1 168 443 446
254 2 2 1 1 443 445 446
255 2 2 1 1 443 167 445
256 2 2 1 1 446 445 88
257 2 2 1 1 88 447 446
258 2 2 1 1 447 448 446
259 2 2 1 1 447 169 448
260 2 2 1 1 446 448 168
261 2 2 1 1 169 449 448
262 2 2 1 1 449 450 448
263 2 2 1 1 449 170 450
264 2 2 1 1 448 450 168
265 2 2 1 1 169 451 449
266 2 2 1 1 451 452 449
267 2 2 1 1 451 85 452
268 2 2 1 1 449 452 170
269 2 2 1 1 168 450 441
270 2 2 1 1 450 453 441
271 2 2 1 1 450 170 453
272 2 2 1 1 441 453 84
273 2 2 1 1 14 3 455
274 2 2 1 1 3 454 455
275 2 2 1 1 3 1 454
276 2 2 1 1 455 454 171
277 2 2 1 1 1 456 454
278 2 2 1 1 456 457 454
279 2 2 1 1 456 22 457
280 2 2 1 1 454 457 171
281 2 2 1 1 1 2 456
282 2 2 1 1 2 26 456
283 2 2 1 1 2 17 26
284 2 2 1 1 456 26 22
285 2 2 1 1 171 457 458
286 2 2 1 1 457 27 458
287 2 2 1 1 457 22 27
288 2 2 1 1 458 27 19
289 2 2 1 1 19 459 458
290 2 2 1 1 459 460 458
291 2 2 1 1 459 172 460
292 2 2 1 1 458 460 171
293 2 2 1 1 172 461 460
294 2 2 1 1 461 462 460
295 2 2 1 1 461 164 462
296 2 2 1 1 460 462 171
297 2 2 1 1 172 463 461
298 2 2 1 1 463 433 461
299 2 2 1 1 463 87 433
300 2 2 1 1 461 433 164
301 2 2 1 1 171 462 455
302 2 2 1 1 462 432 455
303 2 2 1 1 462 164 432
304 2 2 1 1 455 432 14
305 2 2 1 1 87 463 465
306 2 2 1 1 463 464 465
307 2 2 1 1 463 172 464
308 2 2 1 1 465 464 173
309 2 2 1 1 172 466 464
310 2 2 1 1 466 467 464
311 2 2 1 1 466 23 467
312 2 2 1 1 464 467 173
313 2 2 1 1 172 459 466
314 2 2 1 1 459 28 466
315 2 2 1 1 459 19 28
316 2 2 1 1 466 28 23
317 2 2 1 1 173 467 468
318 2 2 1 1 467 29 468
319 2 2 1 1 467 23 29
320 2 2 1 1 468 29 20
321 2 2 1 1 20 469 468
322 2 2 1 1 469 470 468
323 2 2 1 1 469 174 470
324 2 2 1 1 468 470 173
325 2 2 1 1 174 471 470
326 2 2 1 1 471 472 470
327 2 2 1 1 471 167 472
328 2 2 1 1 470 472 173
329 2 2 1 1 174 473 471
330 2 2 1 1 473 445 471
331 2 2 1 1 473 88 445
332 2 2 1 1 471 445 167
333 2 2 1 1 173 472 465
334 2 2 1 1 472 444 465
335 2 2 1 1 472 167 444
336 2 2 1 1 465 444 87
337 2 2 1 1 88 473 475
338 2 2 1 1 473 474 475
339 2 2 1 1 473 174 474
340 2 2 1 1 475 474 175
341 2 2 1 1 174 476 474
342 2 2 1 1 476 477 474
343 2 2 1 1 476 24 477
344 2 2 1 1 474 477 175
345 2 2 1 1 174 469 476
346 2 2 1 1 469 30 476
347 2 2 1 1 469 20 30
348 2 2 1 1 476 30 24
349 2 2 1 1 175 477 478
350 2 2 1 1 477 31 478
351 2 2 1 1 477 24 31
352 2 2 1 1 478 31 21
353 2 2 1 1 21 479 478
354 2 2 1 1 479 480 478
355 2 2 1 1 479 176 480
356 2 2 1 1 478 480 175
357 2 2 1 1 176 481 480
358 2 2 1 1 481 482 480
359 2 2 1 1 481 177 482
360 2 2 1 1 480 482 175
361 2 2 1 1 176 483 481
362 2 2 1 1 483 484 481
363 2 2 1 1 483 89 484
364 2 2 1 1 481 484 177
365 2 2 1 1 175 482 475
366 2 2 1 1 482 485 475
367 2 2 1 1 482 177 485
368 2 2 1 1 475 485 88
369 2 2 1 1 16 486 8
370 2 2 1 1 486 487 8
371 2 2 1 1 486 178 487
372 2 2 1 1 8 487 13
373 2 2 1 1 178 488 487
374 2 2 1 1 488 489 487
375 2 2 1 1 488 179 489
376 2 2 1 1 487 489 13
377 2 2 1 1 178 490 488
378 2 2 1 1 490 491 488
379 2 2 1 1 490 90 491
380 2 2 1 1 488 491 179
381 2 2 1 1 13 489 9
382 2 2 1 1 489 492 9
383 2 2 1 1 489 179 492
384 2 2 1 1 9 492 10
385 2 2 1 1 80 68 494
386 2 2 1 1 68 493 494
387 2 2 1 1 68 75 493
388 2 2 1 1 494 493 181
389 2 2 1 1 75 495 493
390 2 2 1 1 495 496 493
391 2 2 1 1 495 180 496
392 2 2 1 1 493 496 181
393 2 2 1 1 75 67 495
394 2 2 1 1 67 497 495
395 2 2 1 1 67 79 497
396 2 2 1 1 495 497 180
397 2 2 1 1 181 496 499
398 2 2 1 1 496 498 499
399 2 2 1 1 496 180 498
400 2 2 1 1 499 498 91
401 2 2 1 1 80 494 378
402 2 2 1 1 494 500 378
403 2 2 1 1 494 181 500
404 2 2 1 1 378 500 151
405 2 2 1 1 181 501 500
406 2 2 1 1 501 502 500
407 2 2 1 1 501 182 502
408 2 2 1 1 500 502 151
409 2 2 1 1 181 499 501
410 2 2 1 1 499 503 501
411 2 2 1 1 499 91 503
412 2 2 1 1 501 503 182
413 2 2 1 1 151 502 383
414 2 2 1 1 502 504 383
415 2 2 1 1 502 182 504
416 2 2 1 1 383 504 82
417 2 2 1 1 83 385 506
418 2 2 1 1 385 505 506
419 2 2 1 1 385 152 505
420 2 2 1 1 506 505 184
421 2 2 1 1 152 507 505
422 2 2 1 1 507 508 505
423 2 2 1 1 507 183 508
424 2 2 1 1 505 508 184
425 2 2 1 1 152 384 507
426 2 2 1 1 384 509 507
427 2 2 1 1 384 82 509
428 2 2 1 1 507 509 183
429 2 2 1 1 184 508 511
430 2 2 1 1 508 510 511
431 2 2 1 1 508 183 510
432 2 2 1 1 511 510 93
433 2 2 1 1 83 506 416
434 2 2 1 1 506 512 416
435 2 2 1 1 506 184 512
436 2 2 1 1 416 512 161
437 2 2 1 1 184 513 512
438 2 2 1 1 513 514 512
439 2 2 1 1 513 185 514
440 2 2 1 1 512 514 161
441 2 2 1 1 184 511 513
442 2 2 1 1 511 515 513
443 2 2 1 1 511 93 515
444 2 2 1 1 513 515 185
445 2 2 1 1 161 514 421
446 2 2 1 1 514 516 421
447 2 2 1 1 514 185 516
448 2 2 1 1 421 516 86
449 2 2 1 1 60 423 518
450 2 2 1 1 423 517 518
451 2 2 1 1 423 162 517
452 2 2 1 1 518 517 187
453 2 2 1 1 162 519 517
454 2 2 1 1 519 520 517
455 2 2 1 1 519 186 520
456 2 2 1 1 517 520 187
457 2 2 1 1 162 422 519
458 2 2 1 1 422 521 519
459 2 2 1 1 422 86 521
460 2 2 1 1 519 521 186
461 2 2 1 1 187 520 523
462 2 2 1 1 520 522 523
463 2 2 1 1 520 186 522
464 2 2 1 1 523 522 95
465 2 2 1 1 60 518 47
466 2 2 1 1 518 524 47
467 2 2 1 1 518 187 524
468 2 2 1 1 47 524 55
469 2 2 1 1 187 525 524
470 2 2 1 1 525 526 524
471 2 2 1 1 525 188 526
472 2 2 1 1 524 526 55
473 2 2 1 1 187 523 525
474 2 2 1 1 523 527 525
475 2 2 1 1 523 95 527
476 2 2 1 1 525 527 188
477 2 2 1 1 55 526 34
478 2 2 1 1 526 528 34
479 2 2 1 1 526 188 528
480 2 2 1 1 34 528 61
481 2 2 1 1 78 529 65
482 2 2 1 1 529 530 65
483 2 2 1 1 529 189 530
484 2 2 1 1 65 530 74
485 2 2 1 1 189 531 530
486 2 2 1 1 531 532 530
487 2 2 1 1 531 190 532
488 2 2 1 1 530 532 74
489 2 2 1 1 189 533 531
490 2 2 1 1 533 534 531
491 2 2 1 1 533 103 534
492 2 2 1 1 531 534 190
493 2 2 1 1 74 532 66
494 2 2 1 1 532 535 66
495 2 2 1 1 532 190 535
496 2 2 1 1 66 535 79
497 2 2 1 1 90 536 538
498 2 2 1 1 536 537 538
499 2 2 1 1 536 191 537
500 2 2 1 1 538 537 193
501 2 2 1 1 191 539 537
502 2 2 1 1 539 540 537
503 2 2 1 1 539 192 540
504 2 2 1 1 537 540 193
505 2 2 1 1 191 541 539
506 2 2 1 1 541 542 539
507 2 2 1 1 541 105 542
508 2 2 1 1 539 542 192
509 2 2 1 1 193 540 544
510 2 2 1 1 540 543 544
511 2 2 1 1 540 192 543
512 2 2 1 1 544 543 104
513 2 2 1 1 81 545 547
514 2 2 1 1 545 546 547
515 2 2 1 1 545 194 546
516 2 2 1 1 547 546 195
517 2 2 1 1 194 548 546
518 2 2 1 1 548 549 546
519 2 2 1 1 548 192 549
520 2 2 1 1 546 549 195
521 2 2 1 1 194 550 548
522 2 2 1 1 550 543 548
523 2 2 1 1 550 104 543
524 2 2 1 1 548 543 192
525 2 2 1 1 195 549 551
526 2 2 1 1 549 542 551
527 2 2 1 1 549 192 542
528 2 2 1 1 551 542 105
529 2 2 1 1 90 490 536
530 2 2 1 1 490 552 536
531 2 2 1 1 490 178 552
532 2 2 1 1 536 552 191
533 2 2 1 1 178 553 552
534 2 2 1 1 553 554 552
535 2 2 1 1 553 196 554
536 2 2 1 1 552 554 191
537 2 2 1 1 178 486 553
538 2 2 1 1 486 555 553
539 2 2 1 1 486 16 555
540 2 2 1 1 553 555 196
541 2 2 1 1 191 554 541
542 2 2 1 1 554 556 541
543 2 2 1 1 554 196 556
544 2 2 1 1 541 556 105
545 2 2 1 1 97 557 559
546 2 2 1 1 557 558 559
547 2 2 1 1 557 197 558
548 2 2 1 1 559 558 199
549 2 2 1 1 197 560 558
550 2 2 1 1 560 561 558
551 2 2 1 1 560 198 561
552 2 2 1 1 558 561 199
553 2 2 1 1 197 562 560
554 2 2 1 1 562 563 560
555 2 2 1 1 562 106 563
556 2 2 1 1 560 563 198
557 2 2 1 1 199 561 565
558 2 2 1 1 561 564 565
559 2 2 1 1 561 198 564
560 2 2 1 1 565 564 91
561 2 2 1 1 98 566 568
562 2 2 1 1 566 567 568
563 2 2 1 1 566 200 567
564 2 2 1 1 568 567 202
565 2 2 1 1 200 569 567
566 2 2 1 1 569 570 567
567 2 2 1 1 569 201 570
568 2 2 1 1 567 570 202
569 2 2 1 1 200 571 569
570 2 2 1 1 571 572 569
571 2 2 1 1 571 107 572
572 2 2 1 1 569 572 201
573 2 2 1 1 202 570 574
574 2 2 1 1 570 573 574
575 2 2 1 1 570 201 573
576 2 2 1 1 574 573 82
577 2 2 1 1 81 575 577
578 2 2 1 1 575 576 577
579 2 2 1 1 575 203 576
580 2 2 1 1 577 576 205
581 2 2 1 1 203 578 576
582 2 2 1 1 578 579 576
583 2 2 1 1 578 204 579
584 2 2 1 1 576 579 205
585 2 2 1 1 203 580 578
586 2 2 1 1 580 581 578
587 2 2 1 1 580 109 581
588 2 2 1 1 578 581 204
589 2 2 1 1 205 579 583
590 2 2 1 1 579 582 583
591 2 2 1 1 579 204 582
592 2 2 1 1 583 582 108
593 2 2 1 1 92 584 586
594 2 2 1 1 584 585 586
595 2 2 1 1 584 206 585
596 2 2 1 1 586 585 207
597 2 2 1 1 206 587 585
598 2 2 1 1 587 588 585
599 2 2 1 1 587 204 588
600 2 2 1 1 585 588 207
601 2 2 1 1 206 589 587
602 2 2 1 1 589 582 587
603 2 2 1 1 589 108 582
604 2 2 1 1 587 582 204
605 2 2 1 1 207 588 590
606 2 2 1 1 588 581 590
607 2 2 1 1 588 204 581
608 2 2 1 1 590 581 109
609 2 2 1 1 84 591 593
610 2 2 1 1 591 592 593
611 2 2 1 1 591 208 592
612 2 2 1 1 593 592 209
613 2 2 1 1 208 594 592
614 2 2 1 1 594 595 592
615 2 2 1 1 594 207 595
616 2 2 1 1 592 595 209
617 2 2 1 1 208 596 594
618 2 2 1 1 596 586 594
619 2 2 1 1 596 92 586
620 2 2 1 1 594 586 207
621 2 2 1 1 209 595 597
622 2 2 1 1 595 590 597
623 2 2 1 1 595 207 590
624 2 2 1 1 597 590 109
625 2 2 1 1 92 598 600
626 2 2 1 1 598 599 600
627 2 2 1 1 598 210 599
628 2 2 1 1 600 599 212
629 2 2 1 1 210 601 599
630 2 2 1 1 601 602 599
631 2 2 1 1 601 211 602
632 2 2 1 1 599 602 212
633 2 2 1 1 210 603 601
634 2 2 1 1 603 604 601
635 2 2 1 1 603 111 604
636 2 2 1 1 601 604 211
637 2 2 1 1 212 602 606
638 2 2 1 1 602 605 606
639 2 2 1 1 602 211 605
640 2 2 1 1 606 605 110
641 2 2 1 1 85 607 609
642 2 2 1 1 607 608 609
643 2 2 1 1 607 213 608
644 2 2 1 1 609 608 214
645 2 2 1 1 213 610 608
646 2 2 1 1 610 611 608
647 2 2 1 1 610 211 611
648 2 2 1 1 608 611 214
649 2 2 1 1 213 612 610
650 2 2 1 1 612 605 610
651 2 2 1 1 612 110 605
652 2 2 1 1 610 605 211
653 2 2 1 1 214 611 613
654 2 2 1 1 611 604 613
655 2 2 1 1 611 211 604
656 2 2 1 1 613 604 111
657 2 2 1 1 92 596 598
658 2 2 1 1 596 614 598
659 2 2 1 1 596 208 614
660 2 2 1 1 598 614 210
661 2 2 1 1 208 615 614
662 2 2 1 1 615 616 614
663 2 2 1 1 615 215 616
664 2 2 1 1 614 616 210
665 2 2 1 1 208 591 615
666 2 2 1 1 591 617 615
667 2 2 1 1 591 84 617
668 2 2 1 1 615 617 215
669 2 2 1 1 210 616 603
670 2 2 1 1 616 618 603
671 2 2 1 1 616 215 618
672 2 2 1 1 603 618 111
673 2 2 1 1 99 619 621
674 2 2 1 1 619 620 621
675 2 2 1 1 619 216 620
676 2 2 1 1 621 620 218
677 2 2 1 1 216 622 620
678 2 2 1 1 622 623 620
679 2 2 1 1 622 217 623
680 2 2 1 1 620 623 218
681 2 2 1 1 216 624 622
682 2 2 1 1 624 625 622
683 2 2 1 1 624 112 625
684 2 2 1 1 622 625 217
685 2 2 1 1 218 623 627
686 2 2 1 1 623 626 627
687 2 2 1 1 623 217 626
688 2 2 1 1 627 626 93
689 2 2 1 1 85 628 630
690 2 2 1 1 628 629 630
691 2 2 1 1 628 219 629
692 2 2 1 1 630 629 221
693 2 2 1 1 219 631 629
694 2 2 1 1 631 632 629
695 2 2 1 1 631 220 632
696 2 2 1 1 629 632 221
697 2 2 1 1 219 633 631
698 2 2 1 1 633 634 631
699 2 2 1 1 633 114 634
700 2 2 1 1 631 634 220
701 2 2 1 1 221 632 636
702 2 2 1 1 632 635 636
703 2 2 1 1 632 220 635
704 2 2 1 1 636 635 113
705 2 2 1 1 94 637 639
706 2 2 1 1 637 638 639
707 2 2 1 1 637 222 638
708 2 2 1 1 639 638 223
709 2 2 1 1 222 640 638
710 2 2 1 1 640 641 638
711 2 2 1 1 640 220 641
712 2 2 1 1 638 641 223
713 2 2 1 1 222 642 640
714 2 2 1 1 642 635 640
715 2 2 1 1 642 113 635
716 2 2 1 1 640 635 220
717 2 2 1 1 223 641 643
718 2 2 1 1 641 634 643
719 2 2 1 1 641 220 634
720 2 2 1 1 643 634 114
721 2 2 1 1 88 644 646
722 2 2 1 1 644 645 646
723 2 2 1 1 644 224 645
724 2 2 1 1 646 645 225
725 2 2 1 1 224 647 645
726 2 2 1 1 647 648 645
727 2 2 1 1 647 223 648
728 2 2 1 1 645 648 225
729 2 2 1 1 224 649 647
730 2 2 1 1 649 639 647
731 2 2 1 1 649 94 639
732 2 2 1 1 647 639 223
733 2 2 1 1 225 648 650
734 2 2 1 1 648 643 650
735 2 2 1 1 648 223 643
736 2 2 1 1 650 643 114
737 2 2 1 1 94 651 653
738 2 2 1 1 651 652 653
739 2 2 1 1 651 226 652
740 2 2 1 1 653 652 228
741 2 2 1 1 226 654 652
742 2 2 1 1 654 655 652
743 2 2 1 1 654 227 655
744 2 2 1 1 652 655 228
745 2 2 1 1 226 656 654
746 2 2 1 1 656 657 654
747 2 2 1 1 656 116 657
748 2 2 1 1 654 657 227
749 2 2 1 1 228 655 659
750 2 2 1 1 655 658 659
751 2 2 1 1 655 227 658
752 2 2 1 1 659 658 115
753 2 2 1 1 89 660 662
754 2 2 1 1 660 661 662
755 2 2 1 1 660 229 661
756 2 2 1 1 662 661 230
757 2 2 1 1 229 663 661
758 2 2 1 1 663 664 661
759 2 2 1 1 663 227 664
760 2 2 1 1 661 664 230
761 2 2 1 1 229 665 663
762 2 2 1 1 665 658 663
763 2 2 1 1 665 115 658
764 2 2 1 1 663 658 227
765 2 2 1 1 230 664 666
766 2 2 1 1 664 657 666
767 2 2 1 1 664 227 657
768 2 2 1 1 666 657 116
769 2 2 1 1 94 649 651
770 2 2 1 1 649 667 651
771 2 2 1 1 649 224 667
772 2 2 1 1 651 667 226
773 2 2 1 1 224 668 667
774 2 2 1 1 668 669 667
775 2 2 1 1 668 231 669
776 2 2 1 1 667 669 226
777 2 2 1 1 224 644 668
778 2 2 1 1 644 670 668
779 2 2 1 1 644 88 670
780 2 2 1 1 668 670 231
781 2 2 1 1 226 669 656
782 2 2 1 1 669 671 656
783 2 2 1 1 669 231 671
784 2 2 1 1 656 671 116
785 2 2 1 1 100 672 674
786 2 2 1 1 672 673 674
787 2 2 1 1 672 232 673
788 2 2 1 1 674 673 234
789 2 2 1 1 232 675 673
790 2 2 1 1 675 676 673
791 2 2 1 1 675 233 676
792 2 2 1 1 673 676 234
793 2 2 1 1 232 677 675
794 2 2 1 1 677 678 675
795 2 2 1 1 677 117 678
796 2 2 1 1 675 678 233
797 2 2 1 1 234 676 680
798 2 2 1 1 676 679 680
799 2 2 1 1 676 233 679
800 2 2 1 1 680 679 86
801 2 2 1 1 101 681 683
802 2 2 1 1 681 682 683
803 2 2 1 1 681 235 682
804 2 2 1 1 683 682 237
805 2 2 1 1 235 684 682
806 2 2 1 1 684 685 682
807 2 2 1 1 684 236 685
808 2 2 1 1 682 685 237
809 2 2 1 1 235 686 684
810 2 2 1 1 686 687 684
811 2 2 1 1 686 118 687
812 2 2 1 1 684 687 236
813 2 2 1 1 237 685 689
814 2 2 1 1 685 688 689
815 2 2 1 1 685 236 688
816 2 2 1 1 689 688 95
817 2 2 1 1 102 690 692
818 2 2 1 1 690 691 692
819 2 2 1 1 690 238 691
820 2 2 1 1 692 691 240
821 2 2 1 1 238 693 691
822 2 2 1 1 693 694 691
823 2 2 1 1 693 239 694
824 2 2 1 1 691 694 240
825 2 2 1 1 238 695 693
826 2 2 1 1 695 696 693
827 2 2 1 1 695 119 696
828 2 2 1 1 693 696 239
829 2 2 1 1 240 694 698
830 2 2 1 1 694 697 698
831 2 2 1 1 694 239 697
832 2 2 1 1 698 697 61
833 2 2 1 1 89 699 701
834 2 2 1 1 699 700 701
835 2 2 1 1 699 241 700
836 2 2 1 1 701 700 243
837 2 2 1 1 241 702 700
838 2 2 1 1 702 703 700
839 2 2 1 1 702 242 703
840 2 2 1 1 700 703 243
841 2 2 1 1 241 704 702
842 2 2 1 1 704 705 702
843 2 2 1 1 704 121 705
844 2 2 1 1 702 705 242
845 2 2 1 1 243 703 707
846 2 2 1 1 703 706 707
847 2 2 1 1 703 242 706
848 2 2 1 1 707 706 120
849 2 2 1 1 96 708 710
850 2 2 1 1 708 709 710
851 2 2 1 1 708 244 709
852 2 2 1 1 710 709 245
853 2 2 1 1 244 711 709
854 2 2 1 1 711 712 709
855 2 2 1 1 711 242 712
856 2 2 1 1 709 712 245
857 2 2 1 1 244 713 711
858 2 2 1 1 713 706 711
859 2 2 1 1 713 120 706
860 2 2 1 1 711 706 242
861 2 2 1 1 245 712 714
862 2 2 1 1 712 705 714
863 2 2 1 1 712 242 705
864 2 2 1 1 714 705 121
865 2 2 1 1 21 715 717
866 2 2 1 1 715 716 717
867 2 2 1 1 715 246 716
868 2 2 1 1 717 716 247
869 2 2 1 1 246 718 716
870 2 2 1 1 718 719 716
871 2 2 1 1 718 245 719
872 2 2 1 1 716 719 247
873 2 2 1 1 246 720 718
874 2 2 1 1 720 710 718
875 2 2 1 1 720 96 710
876 2 2 1 1 718 710 245
877 2 2 1 1 247 719 721
878 2 2 1 1 719 714 721
879 2 2 1 1 719 245 714
880 2 2 1 1 721 714 121
881 2 2 1 1 96 722 724
882 2 2 1 1 722 723 724
883 2 2 1 1 722 248 723
884 2 2 1 1 724 723 250
885 2 2 1 1 248 725 723
886 2 2 1 1 725 726 723
887 2 2 1 1 725 249 726
888 2 2 1 1 723 726 250
889 2 2 1 1 248 727 725
890 2 2 1 1 727 728 725
891 2 2 1 1 727 123 728
892 2 2 1 1 725 728 249
893 2 2 1 1 250 726 730
894 2 2 1 1 726 729 730
895 2 2 1 1 726 249 729
896 2 2 1 1 730 729 122
897 2 2 1 1 18 731 733
898 2 2 1 1 731 732 733
899 2 2 1 1 731 251 732
900 2 2 1 1 733 732 252
901 2 2 1 1 251 734 732
902 2 2 1 1 734 735 732
903 2 2 1 1 734 249 735
904 2 2 1 1 732 735 252
905 2 2 1 1 251 736 734
906 2 2 1 1 736 729 734
907 2 2 1 1 736 122 729
908 2 2 1 1 734 729 249
909 2 2 1 1 252 735 737
910 2 2 1 1 735 728 737
911 2 2 1 1 735 249 728
912 2 2 1 1 737 728 123
913 2 2 1 1 96 720 722
914 2 2 1 1 720 738 722
915 2 2 1 1 720 246 738
916 2 2 1 1 722 738 248
917 2 2 1 1 246 739 738
918 2 2 1 1 739 740 738
919 2 2 1 1 739 253 740
920 2 2 1 1 738 740 248
921 2 2 1 1 246 715 739
922 2 2 1 1 715 741 739
923 2 2 1 1 715 21 741
924 2 2 1 1 739 741 253
925 2 2 1 1 248 740 727
926 2 2 1 1 740 742 727
927 2 2 1 1 740 253 742
928 2 2 1 1 727 742 123
929 2 2 1 1 103 533 744
930 2 2 1 1 533 743 744
931 2 2 1 1 533 189 743
932 2 2 1 1 744 743 255
933 2 2 1 1 189 745 743
934 2 2 1 1 745 746 743
935 2 2 1 1 745 254 746
936 2 2 1 1 743 746 255
937 2 2 1 1 189 529 745
938 2 2 1 1 529 747 745
939 2 2 1 1 529 78 747
940 2 2 1 1 745 747 254
941 2 2 1 1 255 746 749
942 2 2 1 1 746 748 749
943 2 2 1 1 746 254 748
944 2 2 1 1 749 748 124
945 2 2 1 1 103 744 751
946 2 2 1 1 744 750 751
947 2 2 1 1 744 255 750
948 2 2 1 1 751 750 257
949 2 2 1 1 255 752 750
950 2 2 1 1 752 753 750
951 2 2 1 1 752 256 753
952 2 2 1 1 750 753 257
953 2 2 1 1 255 749 752
954 2 2 1 1 749 754 752
955 2 2 1 1 749 124 754
956 2 2 1 1 752 754 256
957 2 2 1 1 257 753 756
958 2 2 1 1 753 755 756
959 2 2 1 1 753 256 755
960 2 2 1 1 756 755 90
961 2 2 1 1 78 757 747
962 2 2 1 1 757 758 747
963 2 2 1 1 757 258 758
964 2 2 1 1 747 758 254
965 2 2 1 1 258 759 758
966 2 2 1 1 759 760 758
967 2 2 1 1 759 259 760
968 2 2 1 1 758 760 254
969 2 2 1 1 258 761 759
970 2 2 1 1 761 762 759
971 2 2 1 1 761 125 762
972 2 2 1 1 759 762 259
973 2 2 1 1 254 760 748
974 2 2 1 1 760 763 748
975 2 2 1 1 760 259 763
976 2 2 1 1 748 763 124
977 2 2 1 1 90 755 765
978 2 2 1 1 755 764 765
979 2 2 1 1 755 256 764
980 2 2 1 1 765 764 260
981 2 2 1 1 256 766 764
982 2 2 1 1 766 767 764
983 2 2 1 1 766 259 767
984 2 2 1 1 764 767 260
985 2 2 1 1 256 754 766
986 2 2 1 1 754 763 766
987 2 2 1 1 754 124 763
988 2 2 1 1 766 763 259
989 2 2 1 1 260 767 768
990 2 2 1 1 767 762 768
991 2 2 1 1 767 259 762
992 2 2 1 1 768 762 125
993 2 2 1 1 78 64 757
994 2 2 1 1 64 769 757
995 2 2 1 1 64 73 769
996 2 2 1 1 757 769 258
997 2 2 1 1 73 770 769
998 2 2 1 1 770 771 769
999 2 2 1 1 770 261 771
1000 2 2 1 1 769 771 258
1001 2 2 1 1 73 63 770
1002 2 2 1 1 63 772 770
1003 2 2 1 1 63 10 772
1004 2 2 1 1 770 772 261
1005 2 2 1 1 258 771 761
1006 2 2 1 1 771 773 761
1007 2 2 1 1 771 261 773
1008 2 2 1 1 761 773 125
1009 2 2 1 1 103 774 776
1010 2 2 1 1 774 775 776
1011 2 2 1 1 774 262 775
1012 2 2 1 1 776 775 264
1013 2 2 1 1 262 777 775
1014 2 2 1 1 777 778 775
1015 2 2 1 1 777 263 778
1016 2 2 1 1 775 778 264
1017 2 2 1 1 262 779 777
1018 2 2 1 1 779 780 777
1019 2 2 1 1 779 97 780
1020 2 2 1 1 777 780 263
1021 2 2 1 1 264 778 782
1022 2 2 1 1 778 781 782
1023 2 2 1 1 778 263 781
1024 2 2 1 1 782 781 126
1025 2 2 1 1 103 776 534
1026 2 2 1 1 776 783 534
1027 2 2 1 1 776 264 783
1028 2 2 1 1 534 783 190
1029 2 2 1 1 264 784 783
1030 2 2 1 1 784 785 783
1031 2 2 1 1 784 265 785
1032 2 2 1 1 783 785 190
1033 2 2 1 1 264 782 784
1034 2 2 1 1 782 786 784
1035 2 2 1 1 782 126 786
1036 2 2 1 1 784 786 265
1037 2 2 1 1 190 785 535
1038 2 2 1 1 785 787 535
1039 2 2 1 1 785 265 787
1040 2 2 1 1 535 787 79
1041 2 2 1 1 97 788 780
1042 2 2 1 1 788 789 780
1043 2 2 1 1 788 266 789
1044 2 2 1 1 780 789 263
1045 2 2 1 1 266 790 789
1046 2 2 1 1 790 791 789
1047 2 2 1 1 790 267 791
1048 2 2 1 1 789 791 263
1049 2 2 1 1 266 792 790
1050 2 2 1 1 792 793 790
1051 2 2 1 1 792 127 793
1052 2 2 1 1 790 793 267
1053 2 2 1 1 263 791 781
1054 2 2 1 1 791 794 781
1055 2 2 1 1 791 267 794
1056 2 2 1 1 781 794 126
1057 2 2 1 1 79 787 796
1058 2 2 1 1 787 795 796
1059 2 2 1 1 787 265 795
1060 2 2 1 1 796 795 268
1061 2 2 1 1 265 797 795
1062 2 2 1 1 797 798 795
1063 2 2 1 1 797 267 798
1064 2 2 1 1 795 798 268
1065 2 2 1 1 265 786 797
1066 2 2 1 1 786 794 797
1067 2 2 1 1 786 126 794
1068 2 2 1 1 797 794 267
1069 2 2 1 1 268 798 799
1070 2 2 1 1 798 793 799
1071 2 2 1 1 798 267 793
1072 2 2 1 1 799 793 127
1073 2 2 1 1 97 559 788
1074 2 2 1 1 559 800 788
1075 2 2 1 1 559 199 800
1076 2 2 1 1 788 800 266
1077 2 2 1 1 199 801 800
1078 2 2 1 1 801 802 800
1079 2 2 1 1 801 269 802
1080 2 2 1 1 800 802 266
1081 2 2 1 1 199 565 801
1082 2 2 1 1 565 803 801
1083 2 2 1 1 565 91 803
1084 2 2 1 1 801 803 269
1085 2 2 1 1 266 802 792
1086 2 2 1 1 802 804 792
1087 2 2 1 1 802 269 804
1088 2 2 1 1 792 804 127
1089 2 2 1 1 103 751 806
1090 2 2 1 1 751 805 806
1091 2 2 1 1 751 257 805
1092 2 2 1 1 806 805 271
1093 2 2 1 1 257 807 805
1094 2 2 1 1 807 808 805
1095 2 2 1 1 807 270 808
1096 2 2 1 1 805 808 271
1097 2 2 1 1 257 756 807
1098 2 2 1 1 756 809 807
1099 2 2 1 1 756 90 809
1100 2 2 1 1 807 809 270
1101 2 2 1 1 271 808 811
1102 2 2 1 1 808 810 811
1103 2 2 1 1 808 270 810
1104 2 2 1 1 811 810 128
1105 2 2 1 1 103 806 774
1106 2 2 1 1 806 812 774
1107 2 2 1 1 806 271 812
1108 2 2 1 1 774 812 262
1109 2 2 1 1 271 813 812
1110 2 2 1 1 813 814 812
1111 2 2 1 1 813 272 814
1112 2 2 1 1 812 814 262
1113 2 2 1 1 271 811 813
1114 2 2 1 1 811 815 813
1115 2 2 1 1 811 128 815
1116 2 2 1 1 813 815 272
1117 2 2 1 1 262 814 779
1118 2 2 1 1 814 816 779
1119 2 2 1 1 814 272 816
1120 2 2 1 1 779 816 97
1121 2 2 1 1 104 817 819
1122 2 2 1 1 817 818 819
1123 2 2 1 1 817 273 818
1124 2 2 1 1 819 818 274
1125 2 2 1 1 273 820 818
1126 2 2 1 1 820 821 818
1127 2 2 1 1 820 272 821
1128 2 2 1 1 818 821 274
1129 2 2 1 1 273 822 820
1130 2 2 1 1 822 816 820
1131 2 2 1 1 822 97 816
1132 2 2 1 1 820 816 272
1133 2 2 1 1 274 821 823
1134 2 2 1 1 821 815 823
1135 2 2 1 1 821 272 815
1136 2 2 1 1 823 815 128
1137 2 2 1 1 104 819 544
1138 2 2 1 1 819 824 544
1139 2 2 1 1 819 274 824
1140 2 2 1 1 544 824 193
1141 2 2 1 1 274 825 824
1142 2 2 1 1 825 826 824
1143 2 2 1 1 825 270 826
1144 2 2 1 1 824 826 193
1145 2 2 1 1 274 823 825
1146 2 2 1 1 823 810 825
1147 2 2 1 1 823 128 810
1148 2 2 1 1 825 810 270
1149 2 2 1 1 193 826 538
1150 2 2 1 1 826 809 538
1151 2 2 1 1 826 270 809
1152 2 2 1 1 538 809 90
1153 2 2 1 1 104 550 828
1154 2 2 1 1 550 827 828
1155 2 2 1 1 550 194 827
1156 2 2 1 1 828 827 276
1157 2 2 1 1 194 829 827
1158 2 2 1 1 829 830 827
1159 2 2 1 1 829 275 830
1160 2 2 1 1 827 830 276
1161 2 2 1 1 194 545 829
1162 2 2 1 1 545 831 829
1163 2 2 1 1 545 81 831
1164 2 2 1 1 829 831 275
1165 2 2 1 1 276 830 833
1166 2 2 1 1 830 832 833
1167 2 2 1 1 830 275 832
1168 2 2 1 1 833 832 129
1169 2 2 1 1 104 828 817
1170 2 2 1 1 828 834 817
1171 2 2 1 1 828 276 834
1172 2 2 1 1 817 834 273
1173 2 2 1 1 276 835 834
1174 2 2 1 1 835 836 834
1175 2 2 1 1 835 277 836
1176 2 2 1 1 834 836 273
1177 2 2 1 1 276 833 835
1178 2 2 1 1 833 837 835
1179 2 2 1 1 833 129 837
1180 2 2 1 1 835 837 277
1181 2 2 1 1 273 836 822
1182 2 2 1 1 836 838 822
1183 2 2 1 1 836 277 838
1184 2 2 1 1 822 838 97
1185 2 2 1 1 106 562 840
1186 2 2 1 1 562 839 840
1187 2 2 1 1 562 197 839
1188 2 2 1 1 840 839 278
1189 2 2 1 1 197 841 839
1190 2 2 1 1 841 842 839
1191 2 2 1 1 841 277 842
1192 2 2 1 1 839 842 278
1193 2 2 1 1 197 557 841
1194 2 2 1 1 557 838 841
1195 2 2 1 1 557 97 838
1196 2 2 1 1 841 838 277
1197 2 2 1 1 278 842 843
1198 2 2 1 1 842 837 843
1199 2 2 1 1 842 277 837
1200 2 2 1 1 843 837 129
1201 2 2 1 1 106 840 845
1202 2 2 1 1 840 844 845
1203 2 2 1 1 840 278 844
1204 2 2 1 1 845 844 279
1205 2 2 1 1 278 846 844
1206 2 2 1 1 846 847 844
1207 2 2 1 1 846 275 847
1208 2 2 1 1 844 847 279
1209 2 2 1 1 278 843 846
1210 2 2 1 1 843 832 846
1211 2 2 1 1 843 129 832
1212 2 2 1 1 846 832 275
1213 2 2 1 1 279 847 848
1214 2 2 1 1 847 831 848
1215 2 2 1 1 847 275 831
1216 2 2 1 1 848 831 81
1217 2 2 1 1 106 849 851
1218 2 2 1 1 849 850 851
1219 2 2 1 1 849 280 850
1220 2 2 1 1 851 850 282
1221 2 2 1 1 280 852 850
1222 2 2 1 1 852 853 850
1223 2 2 1 1 852 281 853
1224 2 2 1 1 850 853 282
1225 2 2 1 1 280 854 852
1226 2 2 1 1 854 855 852
1227 2 2 1 1 854 98 855
1228 2 2 1 1 852 855 281
1229 2 2 1 1 282 853 857
1230 2 2 1 1 853 856 857
1231 2 2 1 1 853 281 856
1232 2 2 1 1 857 856 130
1233 2 2 1 1 106 851 563
1234 2 2 1 1 851 858 563
1235 2 2 1 1 851 282 858
1236 2 2 1 1 563 858 198
1237 2 2 1 1 282 859 858
1238 2 2 1 1 859 860 858
1239 2 2 1 1 859 283 860
1240 2 2 1 1 858 860 198
1241 2 2 1 1 282 857 859
1242 2 2 1 1 857 861 859
1243 2 2 1 1 857 130 861
1244 2 2 1 1 859 861 283
1245 2 2 1 1 198 860 564
1246 2 2 1 1 860 862 564
1247 2 2 1 1 860 283 862
1248 2 2 1 1 564 862 91
1249 2 2 1 1 98 863 855
1250 2 2 1 1 863 864 855
1251 2 2 1 1 863 284 864
1252 2 2 1 1 855 864 281
1253 2 2 1 1 284 865 864
1254 2 2 1 1 865 866 864
1255 2 2 1 1 865 285 866
1256 2 2 1 1 864 866 281
1257 2 2 1 1 284 867 865
1258 2 2 1 1 867 868 865
1259 2 2 1 1 867 131 868
1260 2 2 1 1 865 868 285
1261 2 2 1 1 281 866 856
1262 2 2 1 1 866 869 856
1263 2 2 1 1 866 285 869
1264 2 2 1 1 856 869 130
1265 2 2 1 1 91 862 871
1266 2 2 1 1 862 870 871
1267 2 2 1 1 862 283 870
1268 2 2 1 1 871 870 286
1269 2 2 1 1 283 872 870
1270 2 2 1 1 872 873 870
1271 2 2 1 1 872 285 873
1272 2 2 1 1 870 873 286
1273 2 2 1 1 283 861 872
1274 2 2 1 1 861 869 872
1275 2 2 1 1 861 130 869
1276 2 2 1 1 872 869 285
1277 2 2 1 1 286 873 874
1278 2 2 1 1 873 868 874
1279 2 2 1 1 873 285 868
1280 2 2 1 1 874 868 131
1281 2 2 1 1 98 568 863
1282 2 2 1 1 568 875 863
1283 2 2 1 1 568 202 875
1284 2 2 1 1 863 875 284
1285 2 2 1 1 202 876 875
1286 2 2 1 1 876 877 875
1287 2 2 1 1 876 287 877
1288 2 2 1 1 875 877 284
1289 2 2 1 1 202 574 876
1290 2 2 1 1 574 878 876
1291 2 2 1 1 574 82 878
1292 2 2 1 1 876 878 287
1293 2 2 1 1 284 877 867
1294 2 2 1 1 877 879 867
1295 2 2 1 1 877 287 879
1296 2 2 1 1 867 879 131
1297 2 2 1 1 106 845 881
1298 2 2 1 1 845 880 881
1299 2 2 1 1 845 279 880
1300 2 2 1 1 881 880 289
1301 2 2 1 1 279 882 880
1302 2 2 1 1 882 883 880
1303 2 2 1 1 882 288 883
1304 2 2 1 1 880 883 289
1305 2 2 1 1 279 848 882
1306 2 2 1 1 848 884 882
1307 2 2 1 1 848 81 884
1308 2 2 1 1 882 884 288
1309 2 2 1 1 289 883 886
1310 2 2 1 1 883 885 886
1311 2 2 1 1 883 288 885
1312 2 2 1 1 886 885 132
1313 2 2 1 1 106 881 849
1314 2 2 1 1 881 887 849
1315 2 2 1 1 881 289 887
1316 2 2 1 1 849 887 280
1317 2 2 1 1 289 888 887
1318 2 2 1 1 888 889 887
1319 2 2 1 1 888 290 889
1320 2 2 1 1 887 889 280
1321 2 2 1 1 289 886 888
1322 2 2 1 1 886 890 888
1323 2 2 1 1 886 132 890
1324 2 2 1 1 888 890 290
1325 2 2 1 1 280 889 854
1326 2 2 1 1 889 891 854
1327 2 2 1 1 889 290 891
1328 2 2 1 1 854 891 98
1329 2 2 1 1 108 892 894
1330 2 2 1 1 892 893 894
1331 2 2 1 1 892 291 893
1332 2 2 1 1 894 893 292
1333 2 2 1 1 291 895 893
1334 2 2 1 1 895 896 893
1335 2 2 1 1 895 290 896
1336 2 2 1 1 893 896 292
1337 2 2 1 1 291 897 895
1338 2 2 1 1 897 891 895
1339 2 2 1 1 897 98 891
1340 2 2 1 1 895 891 290
1341 2 2 1 1 292 896 898
1342 2 2 1 1 896 890 898
1343 2 2 1 1 896 290 890
1344 2 2 1 1 898 890 132
1345 2 2 1 1 108 894 583
1346 2 2 1 1 894 899 583
1347 2 2 1 1 894 292 899
1348 2 2 1 1 583 899 205
1349 2 2 1 1 292 900 899
1350 2 2 1 1 900 901 899
1351 2 2 1 1 900 288 901
1352 2 2 1 1 899 901 205
1353 2 2 1 1 292 898 900
1354 2 2 1 1 898 885 900
1355 2 2 1 1 898 132 885
1356 2 2 1 1 900 885 288
1357 2 2 1 1 205 901 577
1358 2 2 1 1 901 884 577
1359 2 2 1 1 901 288 884
1360 2 2 1 1 577 884 81
1361 2 2 1 1 107 571 903
1362 2 2 1 1 571 902 903
1363 2 2 1 1 571 200 902
1364 2 2 1 1 903 902 294
1365 2 2 1 1 200 904 902
1366 2 2 1 1 904 905 902
1367 2 2 1 1 904 293 905
1368 2 2 1 1 902 905 294
1369 2 2 1 1 200 566 904
1370 2 2 1 1 566 906 904
1371 2 2 1 1 566 98 906
1372 2 2 1 1 904 906 293
1373 2 2 1 1 294 905 908
1374 2 2 1 1 905 907 908
1375 2 2 1 1 905 293 907
1376 2 2 1 1 908 907 133
1377 2 2 1 1 107 903 910
1378 2 2 1 1 903 909 910
1379 2 2 1 1 903 294 909
1380 2 2 1 1 910 909 296
1381 2 2 1 1 294 911 909
1382 2 2 1 1 911 912 909
1383 2 2 1 1 911 295 912
1384 2 2 1 1 909 912 296
1385 2 2 1 1 294 908 911
1386 2 2 1 1 908 913 911
1387 2 2 1 1 908 133 913
1388 2 2 1 1 911 913 295
1389 2 2 1 1 296 912 915
1390 2 2 1 1 912 914 915
1391 2 2 1 1 912 295 914
1392 2 2 1 1 915 914 92
1393 2 2 1 1 108 589 917
1394 2 2 1 1 589 916 917
1395 2 2 1 1 589 206 916
1396 2 2 1 1 917 916 297
1397 2 2 1 1 206 918 916
1398 2 2 1 1 918 919 916
1399 2 2 1 1 918 295 919
1400 2 2 1 1 916 919 297
1401 2 2 1 1 206 584 918
1402 2 2 1 1 584 914 918
1403 2 2 1 1 584 92 914
1404 2 2 1 1 918 914 295
1405 2 2 1 1 297 919 920
1406 2 2 1 1 919 913 920
1407 2 2 1 1 919 295 913
1408 2 2 1 1 920 913 133
1409 2 2 1 1 108 917 892
1410 2 2 1 1 917 921 892
1411 2 2 1 1 917 297 921
1412 2 2 1 1 892 921 291
1413 2 2 1 1 297 922 921
1414 2 2 1 1 922 923 921
1415 2 2 1 1 922 293 923
1416 2 2 1 1 921 923 291
1417 2 2 1 1 297 920 922
1418 2 2 1 1 920 907 922
1419 2 2 1 1 920 133 907
1420 2 2 1 1 922 907 293
1421 2 2 1 1 291 923 897
1422 2 2 1 1 923 906 897
1423 2 2 1 1 923 293 906
1424 2 2 1 1 897 906 98
1425 2 2 1 1 107 924 926
1426 2 2 1 1 924 925 926
1427 2 2 1 1 924 298 925
1428 2 2 1 1 926 925 300
1429 2 2 1 1 298 927 925
1430 2 2 1 1 927 928 925
1431 2 2 1 1 927 299 928
1432 2 2 1 1 925 928 300
1433 2 2 1 1 298 929 927
1434 2 2 1 1 929 930 927
1435 2 2 1 1 929 99 930
1436 2 2 1 1 927 930 299
1437 2 2 1 1 300 928 932
1438 2 2 1 1 928 931 932
1439 2 2 1 1 928 299 931
1440 2 2 1 1 932 931 134
1441 2 2 1 1 107 926 572
1442 2 2 1 1 926 933 572
1443 2 2 1 1 926 300 933
1444 2 2 1 1 572 933 201
1445 2 2 1 1 300 934 933
1446 2 2 1 1 934 935 933
1447 2 2 1 1 934 301 935
1448 2 2 1 1 933 935 201
1449 2 2 1 1 300 932 934
1450 2 2 1 1 932 936 934
1451 2 2 1 1 932 134 936
1452 2 2 1 1 934 936 301
1453 2 2 1 1 201 935 573
1454 2 2 1 1 935 937 573
1455 2 2 1 1 935 301 937
1456 2 2 1 1 573 937 82
1457 2 2 1 1 99 938 930
1458 2 2 1 1 938 939 930
1459 2 2 1 1 938 302 939
1460 2 2 1 1 930 939 299
1461 2 2 1 1 302 940 939
1462 2 2 1 1 940 941 939
1463 2 2 1 1 940 303 941
1464 2 2 1 1 939 941 299
1465 2 2 1 1 302 942 940
1466 2 2 1 1 942 943 940
1467 2 2 1 1 942 135 943
1468 2 2 1 1 940 943 303
1469 2 2 1 1 299 941 931
1470 2 2 1 1 941 944 931
1471 2 2 1 1 941 303 944
1472 2 2 1 1 931 944 134
1473 2 2 1 1 82 937 946
1474 2 2 1 1 937 945 946
1475 2 2 1 1 937 301 945
1476 2 2 1 1 946 945 304
1477 2 2 1 1 301 947 945
1478 2 2 1 1 947 948 945
1479 2 2 1 1 947 303 948
1480 2 2 1 1 945 948 304
1481 2 2 1 1 301 936 947
1482 2 2 1 1 936 944 947
1483 2 2 1 1 936 134 944
1484 2 2 1 1 947 944 303
1485 2 2 1 1 304 948 949
1486 2 2 1 1 948 943 949
1487 2 2 1 1 948 303 943
1488 2 2 1 1 949 943 135
1489 2 2 1 1 99 621 938
1490 2 2 1 1 621 950 938
1491 2 2 1 1 621 218 950
1492 2 2 1 1 938 950 302
1493 2 2 1 1 218 951 950
1494 2 2 1 1 951 952 950
1495 2 2 1 1 951 305 952
1496 2 2 1 1 950 952 302
1497 2 2 1 1 218 627 951
1498 2 2 1 1 627 953 951
1499 2 2 1 1 627 93 953
1500 2 2 1 1 951 953 305
1501 2 2 1 1 302 952 942
1502 2 2 1 1 952 954 942
1503 2 2 1 1 952 305 954
1504 2 2 1 1 942 954 135
1505 2 2 1 1 107 910 956
1506 2 2 1 1 910 955 956
1507 2 2 1 1 910 296 955
1508 2 2 1 1 956 955 307
1509 2 2 1 1 296 957 955
1510 2 2 1 1 957 958 955
1511 2 2 1 1 957 306 958
1512 2 2 1 1 955 958 307
1513 2 2 1 1 296 915 957
1514 2 2 1 1 915 959 957
1515 2 2 1 1 915 92 959
1516 2 2 1 1 957 959 306
1517 2 2 1 1 307 958 961
1518 2 2 1 1 958 960 961
1519 2 2 1 1 958 306 960
1520 2 2 1 1 961 960 136
1521 2 2 1 1 107 956 924
1522 2 2 1 1 956 962 924
1523 2 2 1 1 956 307 962
1524 2 2 1 1 924 962 298
1525 2 2 1 1 307 963 962
1526 2 2 1 1 963 964 962
1527 2 2 1 1 963 308 964
1528 2 2 1 1 962 964 298
1529 2 2 1 1 307 961 963
1530 2 2 1 1 961 965 963
1531 2 2 1 1 961 136 965
1532 2 2 1 1 963 965 308
1533 2 2 1 1 298 964 929
1534 2 2 1 1 964 966 929
1535 2 2 1 1 964 308 966
1536 2 2 1 1 929 966 99
1537 2 2 1 1 110 967 969
1538 2 2 1 1 967 968 969
1539 2 2 1 1 967 309 968
1540 2 2 1 1 969 968 310
1541 2 2 1 1 309 970 968
1542 2 2 1 1 970 971 968
1543 2 2 1 1 970 308 971
1544 2 2 1 1 968 971 310
1545 2 2 1 1 309 972 970
1546 2 2 1 1 972 966 970
1547 2 2 1 1 972 99 966
1548 2 2 1 1 970 966 308
1549 2 2 1 1 310 971 973
1550 2 2 1 1 971 965 973
1551 2 2 1 1 971 308 965
1552 2 2 1 1 973 965 136
1553 2 2 1 1 110 969 606
1554 2 2 1 1 969 974 606
1555 2 2 1 1 969 310 974
1556 2 2 1 1 606 974 212
1557 2 2 1 1 310 975 974
1558 2 2 1 1 975 976 974
1559 2 2 1 1 975 306 976
1560 2 2 1 1 974 976 212
1561 2 2 1 1 310 973 975
1562 2 2 1 1 973 960 975
1563 2 2 1 1 973 136 960
1564 2 2 1 1 975 960 306
1565 2 2 1 1 212 976 600
1566 2 2 1 1 976 959 600
1567 2 2 1 1 976 306 959
1568 2 2 1 1 600 959 92
1569 2 2 1 1 110 612 978
1570 2 2 1 1 612 977 978
1571 2 2 1 1 612 213 977
1572 2 2 1 1 978 977 312
1573 2 2 1 1 213 979 977
1574 2 2 1 1 979 980 977
1575 2 2 1 1 979 311 980
1576 2 2 1 1 977 980 312
1577 2 2 1 1 213 607 979
1578 2 2 1 1 607 981 979
1579 2 2 1 1 607 85 981
1580 2 2 1 1 979 981 311
1581 2 2 1 1 312 980 983
1582 2 2 1 1 980 982 983
1583 2 2 1 1 980 311 982
1584 2 2 1 1 983 982 137
1585 2 2 1 1 110 978 967
1586 2 2 1 1 978 984 967
1587 2 2 1 1 978 312 984
1588 2 2 1 1 967 984 309
1589 2 2 1 1 312 985 984
1590 2 2 1 1 985 986 984
1591 2 2 1 1 985 313 986
1592 2 2 1 1 984 986 309
1593 2 2 1 1 312 983 985
1594 2 2 1 1 983 987 985
1595 2 2 1 1 983 137 987
1596 2 2 1 1 985 987 313
1597 2 2 1 1 309 986 972
1598 2 2 1 1 986 988 972
1599 2 2 1 1 986 313 988
1600 2 2 1 1 972 988 99
1601 2 2 1 1 112 624 990
1602 2 2 1 1 624 989 990
1603 2 2 1 1 624 216 989
1604 2 2 1 1 990 989 314
1605 2 2 1 1 216 991 989
1606 2 2 1 1 991 992 989
1607 2 2 1 1 991 313 992
1608 2 2 1 1 989 992 314
1609 2 2 1 1 216 619 991
1610 2 2 1 1 619 988 991
1611 2 2 1 1 619 99 988
1612 2 2 1 1 991 988 313
1613 2 2 1 1 314 992 993
1614 2 2 1 1 992 987 993
1615 2 2 1 1 992 313 987
1616 2 2 1 1 993 987 137
1617 2 2 1 1 112 990 995
1618 2 2 1 1 990 994 995
1619 2 2 1 1 990 314 994
1620 2 2 1 1 995 994 315
1621 2 2 1 1 314 996 994
1622 2 2 1 1 996 997 994
1623 2 2 1 1 996 311 997
1624 2 2 1 1 994 997 315
1625 2 2 1 1 314 993 996
1626 2 2 1 1 993 982 996
1627 2 2 1 1 993 137 982
1628 2 2 1 1 996 982 311
1629 2 2 1 1 315 997 998
1630 2 2 1 1 997 981 998
1631 2 2 1 1 997 311 981
1632 2 2 1 1 998 981 85
1633 2 2 1 1 112 999 1001
1634 2 2 1 1 999 1000 1001
1635 2 2 1 1 999 316 1000
1636 2 2 1 1 1001 1000 318
1637 2 2 1 1 316 1002 1000
1638 2 2 1 1 1002 1003 1000
1639 2 2 1 1 1002 317 1003
1640 2 2 1 1 1000 1003 318
1641 2 2 1 1 316 1004 1002
1642 2 2 1 1 1004 1005 1002
1643 2 2 1 1 1004 100 1005
1644 2 2 1 1 1002 1005 317
1645 2 2 1 1 318 1003 1007
1646 2 2 1 1 1003 1006 1007
1647 2 2 1 1 1003 317 1006
1648 2 2 1 1 1007 1006 138
1649 2 2 1 1 112 1001 625
1650 2 2 1 1 1001 1008 625
1651 2 2 1 1 1001 318 1008
1652 2 2 1 1 625 1008 217
1653 2 2 1 1 318 1009 1008
1654 2 2 1 1 1009 1010 1008
1655 2 2 1 1 1009 319 1010
1656 2 2 1 1 1008 1010 217
1657 2 2 1 1 318 1007 1009
1658 2 2 1 1 1007 1011 1009
1659 2 2 1 1 1007 138 1011
1660 2 2 1 1 1009 1011 319
1661 2 2 1 1 217 1010 626
1662 2 2 1 1 1010 1012 626
1663 2 2 1 1 1010 319 1012
1664 2 2 1 1 626 1012 93
1665 2 2 1 1 100 1013 1005
1666 2 2 1 1 1013 1014 1005
1667 2 2 1 1 1013 320 1014
1668 2 2 1 1 1005 1014 317
1669 2 2 1 1 320 1015 1014
1670 2 2 1 1 1015 1016 1014
1671 2 2 1 1 1015 321 1016
1672 2 2 1 1 1014 1016 317
1673 2 2 1 1 320 1017 1015
1674 2 2 1 1 1017 1018 1015
1675 2 2 1 1 1017 139 1018
1676 2 2 1 1 1015 1018 321
1677 2 2 1 1 317 1016 1006
1678 2 2 1 1 1016 1019 1006
1679 2 2 1 1 1016 321 1019
1680 2 2 1 1 1006 1019 138
1681 2 2 1 1 93 1012 1021
1682 2 2 1 1 1012 1020 1021
1683 2 2 1 1 1012 319 1020
1684 2 2 1 1 1021 1020 322
1685 2 2 1 1 319 1022 1020
1686 2 2 1 1 1022 1023 1020
1687 2 2 1 1 1022 321 1023
1688 2 2 1 1 1020 1023 322
1689 2 2 1 1 319 1011 1022
1690 2 2 1 1 1011 1019 1022
1691 2 2 1 1 1011 138 1019
1692 2 2 1 1 1022 1019 321
1693 2 2 1 1 322 1023 1024
1694 2 2 1 1 1023 1018 1024
1695 2 2 1 1 1023 321 1018
1696 2 2 1 1 1024 1018 139
1697 2 2 1 1 100 674 1013
1698 2 2 1 1 674 1025 1013
1699 2 2 1 1 674 234 1025
1700 2 2 1 1 1013 1025 320
1701 2 2 1 1 234 1026 1025
1702 2 2 1 1 1026 1027 1025
1703 2 2 1 1 1026 323 1027
1704 2 2 1 1 1025 1027 320
1705 2 2 1 1 234 680 1026
1706 2 2 1 1 680 1028 1026
1707 2 2 1 1 680 86 1028
1708 2 2 1 1 1026 1028 323
1709 2 2 1 1 320 1027 1017
1710 2 2 1 1 1027 1029 1017
1711 2 2 1 1 1027 323 1029
1712 2 2 1 1 1017 1029 139
1713 2 2 1 1 112 995 1031
1714 2 2 1 1 995 1030 1031
1715 2 2 1 1 995 315 1030
1716 2 2 1 1 1031 1030 325
1717 2 2 1 1 315 1032 1030
1718 2 2 1 1 1032 1033 1030
1719 2 2 1 1 1032 324 1033
1720 2 2 1 1 1030 1033 325
1721 2 2 1 1 315 998 1032
1722 2 2 1 1 998 1034 1032
1723 2 2 1 1 998 85 1034
1724 2 2 1 1 1032 1034 324
1725 2 2 1 1 325 1033 1036
1726 2 2 1 1 1033 1035 1036
1727 2 2 1 1 1033 324 1035
1728 2 2 1 1 1036 1035 140
1729 2 2 1 1 112 1031 999
1730 2 2 1 1 1031 1037 999
1731 2 2 1 1 1031 325 1037
1732 2 2 1 1 999 1037 316
1733 2 2 1 1 325 1038 1037
1734 2 2 1 1 1038 1039 1037
1735 2 2 1 1 1038 326 1039
1736 2 2 1 1 1037 1039 316
1737 2 2 1 1 325 1036 1038
1738 2 2 1 1 1036 1040 1038
1739 2 2 1 1 1036 140 1040
1740 2 2 1 1 1038 1040 326
1741 2 2 1 1 316 1039 1004
1742 2 2 1 1 1039 1041 1004
1743 2 2 1 1 1039 326 1041
1744 2 2 1 1 1004 1041 100
1745 2 2 1 1 113 1042 1044
1746 2 2 1 1 1042 1043 1044
1747 2 2 1 1 1042 327 1043
1748 2 2 1 1 1044 1043 328
1749 2 2 1 1 327 1045 1043
1750 2 2 1 1 1045 1046 1043
1751 2 2 1 1 1045 326 1046
1752 2 2 1 1 1043 1046 328
1753 2 2 1 1 327 1047 1045
1754 2 2 1 1 1047 1041 1045
1755 2 2 1 1 1047 100 1041
1756 2 2 1 1 1045 1041 326
1757 2 2 1 1 328 1046 1048
1758 2 2 1 1 1046 1040 1048
1759 2 2 1 1 1046 326 1040
1760 2 2 1 1 1048 1040 140
1761 2 2 1 1 113 1044 636
1762 2 2 1 1 1044 1049 636
1763 2 2 1 1 1044 328 1049
1764 2 2 1 1 636 1049 221
1765 2 2 1 1 328 1050 1049
1766 2 2 1 1 1050 1051 1049
1767 2 2 1 1 1050 324 1051
1768 2 2 1 1 1049 1051 221
1769 2 2 1 1 328 1048 1050
1770 2 2 1 1 1048 1035 1050
1771 2 2 1 1 1048 140 1035
1772 2 2 1 1 1050 1035 324
1773 2 2 1 1 221 1051 630
1774 2 2 1 1 1051 1034 630
1775 2 2 1 1 1051 324 1034
1776 2 2 1 1 630 1034 85
1777 2 2 1 1 113 642 1053
1778 2 2 1 1 642 1052 1053
1779 2 2 1 1 642 222 1052
1780 2 2 1 1 1053 1052 330
1781 2 2 1 1 222 1054 1052
1782 2 2 1 1 1054 1055 1052
1783 2 2 1 1 1054 329 1055
1784 2 2 1 1 1052 1055 330
1785 2 2 1 1 222 637 1054
1786 2 2 1 1 637 1056 1054
1787 2 2 1 1 637 94 1056
1788 2 2 1 1 1054 1056 329
1789 2 2 1 1 330 1055 1058
1790 2 2 1 1 1055 1057 1058
1791 2 2 1 1 1055 329 1057
1792 2 2 1 1 1058 1057 141
1793 2 2 1 1 113 1053 1042
1794 2 2 1 1 1053 1059 1042
1795 2 2 1 1 1053 330 1059
1796 2 2 1 1 1042 1059 327
1797 2 2 1 1 330 1060 1059
1798 2 2 1 1 1060 1061 1059
1799 2 2 1 1 1060 331 1061
1800 2 2 1 1 1059 1061 327
1801 2 2 1 1 330 1058 1060
1802 2 2 1 1 1058 1062 1060
1803 2 2 1 1 1058 141 1062
1804 2 2 1 1 1060 1062 331
1805 2 2 1 1 327 1061 1047
1806 2 2 1 1 1061 1063 1047
1807 2 2 1 1 1061 331 1063
1808 2 2 1 1 1047 1063 100
1809 2 2 1 1 117 677 1065
1810 2 2 1 1 677 1064 1065
1811 2 2 1 1 677 232 1064
1812 2 2 1 1 1065 1064 332
1813 2 2 1 1 232 1066 1064
1814 2 2 1 1 1066 1067 1064
1815 2 2 1 1 1066 331 1067
1816 2 2 1 1 1064 1067 332
1817 2 2 1 1 232 672 1066
1818 2 2 1 1 672 1063 1066
1819 2 2 1 1 672 100 1063
1820 2 2 1 1 1066 1063 331
1821 2 2 1 1 332 1067 1068
1822 2 2 1 1 1067 1062 1068
1823 2 2 1 1 1067 331 1062
1824 2 2 1 1 1068 1062 141
1825 2 2 1 1 117 1065 1070
1826 2 2 1 1 1065 1069 1070
1827 2 2 1 1 1065 332 1069
1828 2 2 1 1 1070 1069 333
1829 2 2 1 1 332 1071 1069
1830 2 2 1 1 1071 1072 1069
1831 2 2 1 1 1071 329 1072
1832 2 2 1 1 1069 1072 333
1833 2 2 1 1 332 1068 1071
1834 2 2 1 1 1068 1057 1071
1835 2 2 1 1 1068 141 1057
1836 2 2 1 1 1071 1057 329
1837 2 2 1 1 333 1072 1073
1838 2 2 1 1 1072 1056 1073
1839 2 2 1 1 1072 329 1056
1840 2 2 1 1 1073 1056 94
1841 2 2 1 1 115 1074 1076
1842 2 2 1 1 1074 1075 1076
1843 2 2 1 1 1074 334 1075
1844 2 2 1 1 1076 1075 336
1845 2 2 1 1 334 1077 1075
1846 2 2 1 1 1077 1078 1075
1847 2 2 1 1 1077 335 1078
1848 2 2 1 1 1075 1078 336
1849 2 2 1 1 334 1079 1077
1850 2 2 1 1 1079 1080 1077
1851 2 2 1 1 1079 101 1080
1852 2 2 1 1 1077 1080 335
1853 2 2 1 1 336 1078 1082
1854 2 2 1 1 1078 1081 1082
1855 2 2 1 1 1078 335 1081
1856 2 2 1 1 1082 1081 142
1857 2 2 1 1 115 1076 659
1858 2 2 1 1 1076 1083 659
1859 2 2 1 1 1076 336 1083
1860 2 2 1 1 659 1083 228
1861 2 2 1 1 336 1084 1083
1862 2 2 1 1 1084 1085 1083
1863 2 2 1 1 1084 337 1085
1864 2 2 1 1 1083 1085 228
1865 2 2 1 1 336 1082 1084
1866 2 2 1 1 1082 1086 1084
1867 2 2 1 1 1082 142 1086
1868 2 2 1 1 1084 1086 337
1869 2 2 1 1 228 1085 653
1870 2 2 1 1 1085 1087 653
1871 2 2 1 1 1085 337 1087
1872 2 2 1 1 653 1087 94
1873 2 2 1 1 117 1070 1089
1874 2 2 1 1 1070 1088 1089
1875 2 2 1 1 1070 333 1088
1876 2 2 1 1 1089 1088 338
1877 2 2 1 1 333 1090 1088
1878 2 2 1 1 1090 1091 1088
1879 2 2 1 1 1090 337 1091
1880 2 2 1 1 1088 1091 338
1881 2 2 1 1 333 1073 1090
1882 2 2 1 1 1073 1087 1090
1883 2 2 1 1 1073 94 1087
1884 2 2 1 1 1090 1087 337
1885 2 2 1 1 338 1091 1092
1886 2 2 1 1 1091 1086 1092
1887 2 2 1 1 1091 337 1086
1888 2 2 1 1 1092 1086 142
1889 2 2 1 1 117 1089 1094
1890 2 2 1 1 1089 1093 1094
1891 2 2 1 1 1089 338 1093
1892 2 2 1 1 1094 1093 339
1893 2 2 1 1 338 1095 1093
1894 2 2 1 1 1095 1096 1093
1895 2 2 1 1 1095 335 1096
1896 2 2 1 1 1093 1096 339
1897 2 2 1 1 338 1092 1095
1898 2 2 1 1 1092 1081 1095
1899 2 2 1 1 1092 142 1081
1900 2 2 1 1 1095 1081 335
1901 2 2 1 1 339 1096 1097
1902 2 2 1 1 1096 1080 1097
1903 2 2 1 1 1096 335 1080
1904 2 2 1 1 1097 1080 101
1905 2 2 1 1 115 665 1099
1906 2 2 1 1 665 1098 1099
1907 2 2 1 1 665 229 1098
1908 2 2 1 1 1099 1098 341
1909 2 2 1 1 229 1100 1098
1910 2 2 1 1 1100 1101 1098
1911 2 2 1 1 1100 340 1101
1912 2 2 1 1 1098 1101 341
1913 2 2 1 1 229 660 1100
1914 2 2 1 1 660 1102 1100
1915 2 2 1 1 660 89 1102
1916 2 2 1 1 1100 1102 340
1917 2 2 1 1 341 1101 1104
1918 2 2 1 1 1101 1103 1104
1919 2 2 1 1 1101 340 1103
1920 2 2 1 1 1104 1103 143
1921 2 2 1 1 115 1099 1074
1922 2 2 1 1 1099 1105 1074
1923 2 2 1 1 1099 341 1105
1924 2 2 1 1 1074 1105 334
1925 2 2 1 1 341 1106 1105
1926 2 2 1 1 1106 1107 1105
1927 2 2 1 1 1106 342 1107
1928 2 2 1 1 1105 1107 334
1929 2 2 1 1 341 1104 1106
1930 2 2 1 1 1104 1108 1106
1931 2 2 1 1 1104 143 1108
1932 2 2 1 1 1106 1108 342
1933 2 2 1 1 334 1107 1079
1934 2 2 1 1 1107 1109 1079
1935 2 2 1 1 1107 342 1109
1936 2 2 1 1 1079 1109 101
1937 2 2 1 1 118 686 1111
1938 2 2 1 1 686 1110 1111
1939 2 2 1 1 686 235 1110
1940 2 2 1 1 1111 1110 343
1941 2 2 1 1 235 1112 1110
1942 2 2 1 1 1112 1113 1110
1943 2 2 1 1 1112 342 1113
1944 2 2 1 1 1110 1113 343
1945 2 2 1 1 235 681 1112
1946 2 2 1 1 681 1109 1112
1947 2 2 1 1 681 101 1109
1948 2 2 1 1 1112 1109 342
1949 2 2 1 1 343 1113 1114
1950 2 2 1 1 1113 1108 1114
1951 2 2 1 1 1113 342 1108
1952 2 2 1 1 1114 1108 143
1953 2 2 1 1 118 1111 1116
1954 2 2 1 1 1111 1115 1116
1955 2 2 1 1 1111 343 1115
1956 2 2 1 1 1116 1115 344
1957 2 2 1 1 343 1117 1115
1958 2 2 1 1 1117 1118 1115
1959 2 2 1 1 1117 340 1118
1960 2 2 1 1 1115 1118 344
1961 2 2 1 1 343 1114 1117
1962 2 2 1 1 1114 1103 1117
1963 2 2 1 1 1114 143 1103
1964 2 2 1 1 1117 1103 340
1965 2 2 1 1 344 1118 1119
1966 2 2 1 1 1118 1102 1119
1967 2 2 1 1 1118 340 1102
1968 2 2 1 1 1119 1102 89
1969 2 2 1 1 117 1094 1121
1970 2 2 1 1 1094 1120 1121
1971 2 2 1 1 1094 339 1120
1972 2 2 1 1 1121 1120 346
1973 2 2 1 1 339 1122 1120
1974 2 2 1 1 1122 1123 1120
1975 2 2 1 1 1122 345 1123
1976 2 2 1 1 1120 1123 346
1977 2 2 1 1 339 1097 1122
1978 2 2 1 1 1097 1124 1122
1979 2 2 1 1 1097 101 1124
1980 2 2 1 1 1122 1124 345
1981 2 2 1 1 346 1123 1126
1982 2 2 1 1 1123 1125 1126
1983 2 2 1 1 1123 345 1125
1984 2 2 1 1 1126 1125 144
1985 2 2 1 1 117 1121 678
1986 2 2 1 1 1121 1127 678
1987 2 2 1 1 1121 346 1127
1988 2 2 1 1 678 1127 233
1989 2 2 1 1 346 1128 1127
1990 2 2 1 1 1128 1129 1127
1991 2 2 1 1 1128 347 1129
1992 2 2 1 1 1127 1129 233
1993 2 2 1 1 346 1126 1128
1994 2 2 1 1 1126 1130 1128
1995 2 2 1 1 1126 144 1130
1996 2 2 1 1 1128 1130 347
1997 2 2 1 1 233 1129 679
1998 2 2 1 1 1129 1131 679
1999 2 2 1 1 1129 347 1131
2000 2 2 1 1 679 1131 86
2001 2 2 1 1 101 1132 1124
2002 2 2 1 1 1132 1133 1124
2003 2 2 1 1 1132 348 1133
2004 2 2 1 1 1124 1133 345
2005 2 2 1 1 348 1134 1133
2006 2 2 1 1 1134 1135 1133
2007 2 2 1 1 1134 349 1135
2008 2 2 1 1 1133 1135 345
2009 2 2 1 1 348 1136 1134
2010 2 2 1 1 1136 1137 1134
2011 2 2 1 1 1136 145 1137
2012 2 2 1 1 1134 1137 349
2013 2 2 1 1 345 1135 1125
2014 2 2 1 1 1135 1138 1125
2015 2 2 1 1 1135 349 1138
2016 2 2 1 1 1125 1138 144
2017 2 2 1 1 86 1131 1140
2018 2 2 1 1 1131 1139 1140
2019 2 2 1 1 1131 347 1139
2020 2 2 1 1 1140 1139 350
2021 2 2 1 1 347 1141 1139
2022 2 2 1 1 1141 1142 1139
2023 2 2 1 1 1141 349 1142
2024 2 2 1 1 1139 1142 350
2025 2 2 1 1 347 1130 1141
2026 2 2 1 1 1130 1138 1141
2027 2 2 1 1 1130 144 1138
2028 2 2 1 1 1141 1138 349
2029 2 2 1 1 350 1142 1143
2030 2 2 1 1 1142 1137 1143
2031 2 2 1 1 1142 349 1137
2032 2 2 1 1 1143 1137 145
2033 2 2 1 1 101 683 1132
2034 2 2 1 1 683 1144 1132
2035 2 2 1 1 683 237 1144
2036 2 2 1 1 1132 1144 348
2037 2 2 1 1 237 1145 1144
2038 2 2 1 1 1145 1146 1144
2039 2 2 1 1 1145 351 1146
2040 2 2 1 1 1144 1146 348
2041 2 2 1 1 237 689 1145
2042 2 2 1 1 689 1147 1145
2043 2 2 1 1 689 95 1147
2044 2 2 1 1 1145 1147 351
2045 2 2 1 1 348 1146 1136
2046 2 2 1 1 1146 1148 1136
2047 2 2 1 1 1146 351 1148
2048 2 2 1 1 1136 1148 145
2049 2 2 1 1 118 1149 1151
2050 2 2 1 1 1149 1150 1151
2051 2 2 1 1 1149 352 1150
2052 2 2 1 1 1151 1150 354
2053 2 2 1 1 352 1152 1150
2054 2 2 1 1 1152 1153 1150
2055 2 2 1 1 1152 353 1153
2056 2 2 1 1 1150 1153 354
2057 2 2 1 1 352 1154 1152
2058 2 2 1 1 1154 1155 1152
2059 2 2 1 1 1154 102 1155
2060 2 2 1 1 1152 1155 353
2061 2 2 1 1 354 1153 1157
2062 2 2 1 1 1153 1156 1157
2063 2 2 1 1 1153 353 1156
2064 2 2 1 1 1157 1156 146
2065 2 2 1 1 118 1151 687
2066 2 2 1 1 1151 1158 687
2067 2 2 1 1 1151 354 1158
2068 2 2 1 1 687 1158 236
2069 2 2 1 1 354 1159 1158
2070 2 2 1 1 1159 1160 1158
2071 2 2 1 1 1159 355 1160
2072 2 2 1 1 1158 1160 236
2073 2 2 1 1 354 1157 1159
2074 2 2 1 1 1157 1161 1159
2075 2 2 1 1 1157 146 1161
2076 2 2 1 1 1159 1161 355
2077 2 2 1 1 236 1160 688
2078 2 2 1 1 1160 1162 688
2079 2 2 1 1 1160 355 1162
2080 2 2 1 1 688 1162 95
2081 2 2 1 1 102 1163 1155
2082 2 2 1 1 1163 1164 1155
2083 2 2 1 1 1163 356 1164
2084 2 2 1 1 1155 1164 353
2085 2 2 1 1 356 1165 1164
2086 2 2 1 1 1165 1166 1164
2087 2 2 1 1 1165 357 1166
2088 2 2 1 1 1164 1166 353
2089 2 2 1 1 356 1167 1165
2090 2 2 1 1 1167 1168 1165
2091 2 2 1 1 1167 147 1168
2092 2 2 1 1 1165 1168 357
2093 2 2 1 1 353 1166 1156
2094 2 2 1 1 1166 1169 1156
2095 2 2 1 1 1166 357 1169
2096 2 2 1 1 1156 1169 146
2097 2 2 1 1 95 1162 1171
2098 2 2 1 1 1162 1170 1171
2099 2 2 1 1 1162 355 1170
2100 2 2 1 1 1171 1170 358
2101 2 2 1 1 355 1172 1170
2102 2 2 1 1 1172 1173 1170
2103 2 2 1 1 1172 357 1173
2104 2 2 1 1 1170 1173 358
2105 2 2 1 1 355 1161 1172
2106 2 2 1 1 1161 1169 1172
2107 2 2 1 1 1161 146 1169
2108 2 2 1 1 1172 1169 357
2109 2 2 1 1 358 1173 1174
2110 2 2 1 1 1173 1168 1174
2111 2 2 1 1 1173 357 1168
2112 2 2 1 1 1174 1168 147
2113 2 2 1 1 102 692 1163
2114 2 2 1 1 692 1175 1163
2115 2 2 1 1 692 240 1175
2116 2 2 1 1 1163 1175 356
2117 2 2 1 1 240 1176 1175
2118 2 2 1 1 1176 1177 1175
2119 2 2 1 1 1176 359 1177
2120 2 2 1 1 1175 1177 356
2121 2 2 1 1 240 698 1176
2122 2 2 1 1 698 1178 1176
2123 2 2 1 1 698 61 1178
2124 2 2 1 1 1176 1178 359
2125 2 2 1 1 356 1177 1167
2126 2 2 1 1 1177 1179 1167
2127 2 2 1 1 1177 359 1179
2128 2 2 1 1 1167 1179 147
2129 2 2 1 1 118 1116 1181
2130 2 2 1 1 1116 1180 1181
2131 2 2 1 1 1116 344 1180
2132 2 2 1 1 1181 1180 361
2133 2 2 1 1 344 1182 1180
2134 2 2 1 1 1182 1183 1180
2135 2 2 1 1 1182 360 1183
2136 2 2 1 1 1180 1183 361
2137 2 2 1 1 344 1119 1182
2138 2 2 1 1 1119 1184 1182
2139 2 2 1 1 1119 89 1184
2140 2 2 1 1 1182 1184 360
2141 2 2 1 1 361 1183 1186
2142 2 2 1 1 1183 1185 1186
2143 2 2 1 1 1183 360 1185
2144 2 2 1 1 1186 1185 148
2145 2 2 1 1 118 1181 1149
2146 2 2 1 1 1181 1187 1149
2147 2 2 1 1 1181 361 1187
2148 2 2 1 1 1149 1187 352
2149 2 2 1 1 361 1188 1187
2150 2 2 1 1 1188 1189 1187
2151 2 2 1 1 1188 362 1189
2152 2 2 1 1 1187 1189 352
2153 2 2 1 1 361 1186 1188
2154 2 2 1 1 1186 1190 1188
2155 2 2 1 1 1186 148 1190
2156 2 2 1 1 1188 1190 362
2157 2 2 1 1 352 1189 1154
2158 2 2 1 1 1189 1191 1154
2159 2 2 1 1 1189 362 1191
2160 2 2 1 1 1154 1191 102
2161 2 2 1 1 120 1192 1194
2162 2 2 1 1 1192 1193 1194
2163 2 2 1 1 1192 363 1193
2164 2 2 1 1 1194 1193 364
2165 2 2 1 1 363 1195 1193
2166 2 2 1 1 1195 1196 1193
2167 2 2 1 1 1195 362 1196
2168 2 2 1 1 1193 1196 364
2169 2 2 1 1 363 1197 1195
2170 2 2 1 1 1197 1191 1195
2171 2 2 1 1 1197 102 1191
2172 2 2 1 1 1195 1191 362
2173 2 2 1 1 364 1196 1198
2174 2 2 1 1 1196 1190 1198
2175 2 2 1 1 1196 362 1190
2176 2 2 1 1 1198 1190 148
2177 2 2 1 1 120 1194 707
2178 2 2 1 1 1194 1199 707
2179 2 2 1 1 1194 364 1199
2180 2 2 1 1 707 1199 243
2181 2 2 1 1 364 1200 1199
2182 2 2 1 1 1200 1201 1199
2183 2 2 1 1 1200 360 1201
2184 2 2 1 1 1199 1201 243
2185 2 2 1 1 364 1198 1200
2186 2 2 1 1 1198 1185 1200
2187 2 2 1 1 1198 148 1185
2188 2 2 1 1 1200 1185 360
2189 2 2 1 1 243 1201 701
2190 2 2 1 1 1201 1184 701
2191 2 2 1 1 1201 360 1184
2192 2 2 1 1 701 1184 89
2193 2 2 1 1 119 695 1203
2194 2 2 1 1 695 1202 1203
2195 2 2 1 1 695 238 1202
2196 2 2 1 1 1203 1202 366
2197 2 2 1 1 238 1204 1202
2198 2 2 1 1 1204 1205 1202
2199 2 2 1 1 1204 365 1205
2200 2 2 1 1 1202 1205 366
2201 2 2 1 1 238 690 1204
2202 2 2 1 1 690 1206 1204
2203 2 2 1 1 690 102 1206
2204 2 2 1 1 1204 1206 365
2205 2 2 1 1 366 1205 1208
2206 2 2 1 1 1205 1207 1208
2207 2 2 1 1 1205 365 1207
2208 2 2 1 1 1208 1207 149
2209 2 2 1 1 119 1203 1210
2210 2 2 1 1 1203 1209 1210
2211 2 2 1 1 1203 366 1209
2212 2 2 1 1 1210 1209 368
2213 2 2 1 1 366 1211 1209
2214 2 2 1 1 1211 1212 1209
2215 2 2 1 1 1211 367 1212
2216 2 2 1 1 1209 1212 368
2217 2 2 1 1 366 1208 1211
2218 2 2 1 1 1208 1213 1211
2219 2 2 1 1 1208 149 1213
2220 2 2 1 1 1211 1213 367
2221 2 2 1 1 368 1212 1215
2222 2 2 1 1 1212 1214 1215
2223 2 2 1 1 1212 367 1214
2224 2 2 1 1 1215 1214 96
2225 2 2 1 1 120 713 1217
2226 2 2 1 1 713 1216 1217
2227 2 2 1 1 713 244 1216
2228 2 2 1 1 1217 1216 369
2229 2 2 1 1 244 1218 1216
2230 2 2 1 1 1218 1219 1216
2231 2 2 1 1 1218 367 1219
2232 2 2 1 1 1216 1219 369
2233 2 2 1 1 244 708 1218
2234 2 2 1 1 708 1214 1218
2235 2 2 1 1 708 96 1214
2236 2 2 1 1 1218 1214 367
2237 2 2 1 1 369 1219 1220
2238 2 2 1 1 1219 1213 1220
2239 2 2 1 1 1219 367 1213
2240 2 2 1 1 1220 1213 149
2241 2 2 1 1 120 1217 1192
2242 2 2 1 1 1217 1221 1192
2243 2 2 1 1 1217 369 1221
2244 2 2 1 1 1192 1221 363
2245 2 2 1 1 369 1222 1221
2246 2 2 1 1 1222 1223 1221
2247 2 2 1 1 1222 365 1223
2248 2 2 1 1 1221 1223 363
2249 2 2 1 1 369 1220 1222
2250 2 2 1 1 1220 1207 1222
2251 2 2 1 1 1220 149 1207
2252 2 2 1 1 1222 1207 365
2253 2 2 1 1 363 1223 1197
2254 2 2 1 1 1223 1206 1197
2255 2 2 1 1 1223 365 1206
2256 2 2 1 1 1197 1206 102
2257 2 2 1 1 58 42 1225
2258 2 2 1 1 42 1224 1225
2259 2 2 1 1 42 52 1224
2260 2 2 1 1 1225 1224 371
2261 2 2 1 1 52 1226 1224
2262 2 2 1 1 1226 1227 1224
2263 2 2 1 1 1226 370 1227
2264 2 2 1 1 1224 1227 371
2265 2 2 1 1 52 41 1226
2266 2 2 1 1 41 1228 1226
2267 2 2 1 1 41 57 1228
2268 2 2 1 1 1226 1228 370
2269 2 2 1 1 371 1227 1230
2270 2 2 1 1 1227 1229 1230
2271 2 2 1 1 1227 370 1229
2272 2 2 1 1 1230 1229 119
2273 2 2 1 1 57 40 1228
2274 2 2 1 1 40 1231 1228
2275 2 2 1 1 40 51 1231
2276 2 2 1 1 1228 1231 370
2277 2 2 1 1 51 1232 1231
2278 2 2 1 1 1232 1233 1231
2279 2 2 1 1 1232 239 1233
2280 2 2 1 1 1231 1233 370
2281 2 2 1 1 51 39 1232
2282 2 2 1 1 39 697 1232
2283 2 2 1 1 39 61 697
2284 2 2 1 1 1232 697 239
2285 2 2 1 1 370 1233 1229
2286 2 2 1 1 1233 696 1229
2287 2 2 1 1 1233 239 696
2288 2 2 1 1 1229 696 119
2289 2 2 1 1 119 1210 1235
2290 2 2 1 1 1210 1234 1235
2291 2 2 1 1 1210 368 1234
2292 2 2 1 1 1235 1234 373
2293 2 2 1 1 368 1236 1234
2294 2 2 1 1 1236 1237 1234
2295 2 2 1 1 1236 372 1237
2296 2 2 1 1 1234 1237 373
2297 2 2 1 1 368 1215 1236
2298 2 2 1 1 1215 1238 1236
2299 2 2 1 1 1215 96 1238
2300 2 2 1 1 1236 1238 372
2301 2 2 1 1 373 1237 1240
2302 2 2 1 1 1237 1239 1240
2303 2 2 1 1 1237 372 1239
2304 2 2 1 1 1240 1239 150
2305 2 2 1 1 119 1235 1230
2306 2 2 1 1 1235 1241 1230
2307 2 2 1 1 1235 373 1241
2308 2 2 1 1 1230 1241 371
2309 2 2 1 1 373 1242 1241
2310 2 2 1 1 1242 1243 1241
2311 2 2 1 1 1242 374 1243
2312 2 2 1 1 1241 1243 371
2313 2 2 1 1 373 1240 1242
2314 2 2 1 1 1240 1244 1242
2315 2 2 1 1 1240 150 1244
2316 2 2 1 1 1242 1244 374
2317 2 2 1 1 371 1243 1225
2318 2 2 1 1 1243 1245 1225
2319 2 2 1 1 1243 374 1245
2320 2 2 1 1 1225 1245 58
2321 2 2 1 1 122 1246 1248
2322 2 2 1 1 1246 1247 1248
2323 2 2 1 1 1246 375 1247
2324 2 2 1 1 1248 1247 376
2325 2 2 1 1 375 1249 1247
2326 2 2 1 1 1249 1250 1247
2327 2 2 1 1 1249 374 1250
2328 2 2 1 1 1247 1250 376
2329 2 2 1 1 375 1251 1249
2330 2 2 1 1 1251 1245 1249
2331 2 2 1 1 1251 58 1245
2332 2 2 1 1 1249 1245 374
2333 2 2 1 1 376 1250 1252
2334 2 2 1 1 1250 1244 1252
2335 2 2 1 1 1250 374 1244
2336 2 2 1 1 1252 1244 150
2337 2 2 1 1 122 1248 730
2338 2 2 1 1 1248 1253 730
2339 2 2 1 1 1248 376 1253
2340 2 2 1 1 730 1253 250
2341 2 2 1 1 376 1254 1253
2342 2 2 1 1 1254 1255 1253
2343 2 2 1 1 1254 372 1255
2344 2 2 1 1 1253 1255 250
2345 2 2 1 1 376 1252 1254
2346 2 2 1 1 1252 1239 1254
2347 2 2 1 1 1252 150 1239
2348 2 2 1 1 1254 1239 372
2349 2 2 1 1 250 1255 724
2350 2 2 1 1 1255 1238 724
2351 2 2 1 1 1255 372 1238
2352 2 2 1 1 724 1238 96
2353 2 2 1 1 18 38 731
2354 2 2 1 1 38 1256 731
2355 2 2 1 1 38 50 1256
2356 2 2 1 1 731 1256 251
2357 2 2 1 1 50 1257 1256
2358 2 2 1 1 1257 1258 1256
2359 2 2 1 1 1257 377 1258
2360 2 2 1 1 1256 1258 251
2361 2 2 1 1 50 37 1257
2362 2 2 1 1 37 1259 1257
2363 2 2 1 1 37 56 1259
2364 2 2 1 1 1257 1259 377
2365 2 2 1 1 251 1258 736
2366 2 2 1 1 1258 1260 736
2367 2 2 1 1 1258 377 1260
2368 2 2 1 1 736 1260 122
2369 2 2 1 1 56 36 1259
2370 2 2 1 1 36 1261 1259
2371 2 2 1 1 36 49 1261
2372 2 2 1 1 1259 1261 377
2373 2 2 1 1 49 1262 1261
2374 2 2 1 1 1262 1263 1261
2375 2 2 1 1 1262 375 1263
2376 2 2 1 1 1261 1263 377
2377 2 2 1 1 49 35 1262
2378 2 2 1 1 35 1251 1262
2379 2 2 1 1 35 58 1251
2380 2 2 1 1 1262 1251 375
2381 2 2 1 1 377 1263 1260
2382 2 2 1 1 1263 1246 1260
2383 2 2 1 1 1263 375 1246
2384 2 2 1 1 1260 1246 122
$EndElements
